999
dxfrw 0.6.3
  0
SECTION
  2
HEADER
  9
$ACADVER
  1
AC1021
  9
$DWGCODEPAGE
  3
ANSI_1252
  9
$INSBASE
 10
0
 20
0
 30
0
  9
$EXTMIN
 10
-145
 20
-250
 30
0
  9
$EXTMAX
 10
175
 20
70
 30
0
  9
$LIMMIN
 10
0
 20
0
  9
$LIMMAX
 10
420
 20
297
  9
$ORTHOMODE
 70
    0
  9
$REGENMODE
 70
    1
  9
$FILLMODE
 70
    1
  9
$QTEXTMODE
 70
    0
  9
$MIRRTEXT
 70
    0
  9
$LTSCALE
 40
1
  9
$ATTMODE
 70
    0
  9
$TEXTSIZE
 40
2.5
  9
$TRACEWID
 40
15.68
  9
$TEXTSTYLE
  7
STANDARD
  9
$CLAYER
  8
Acrylic_05_MM_0_TOP
  9
$CELTYPE
  6
BYLAYER
  9
$CECOLOR
 62
  256
  9
$CELTSCALE
 40
1
  9
$DISPSILH
 70
    0
  9
$DIMSCALE
 40
1
  9
$DIMASZ
 40
2.5
  9
$DIMEXO
 40
0.625
  9
$DIMDLI
 40
3.75
  9
$DIMRND
 40
0
  9
$DIMDLE
 40
0
  9
$DIMEXE
 40
1.25
  9
$DIMTP
 40
0
  9
$DIMTM
 40
0
  9
$DIMTXT
 40
2.5
  9
$DIMCEN
 40
2.5
  9
$DIMTSZ
 40
0
  9
$DIMTOL
 70
    0
  9
$DIMLIM
 70
    0
  9
$DIMTIH
 70
    0
  9
$DIMTOH
 70
    0
  9
$DIMSE1
 70
    0
  9
$DIMSE2
 70
    0
  9
$DIMTAD
 70
    1
  9
$DIMZIN
 70
    8
  9
$DIMBLK
  1

  9
$DIMASO
 70
    1
  9
$DIMSHO
 70
    1
  9
$DIMPOST
  1

  9
$DIMAPOST
  1

  9
$DIMALT
 70
    0
  9
$DIMALTD
 70
    3
  9
$DIMALTF
 40
0.03937
  9
$DIMLFAC
 40
1
  9
$DIMTOFL
 70
    1
  9
$DIMTVP
 40
0
  9
$DIMTIX
 70
    0
  9
$DIMSOXD
 70
    0
  9
$DIMSAH
 70
    0
  9
$DIMBLK1
  1

  9
$DIMBLK2
  1

  9
$DIMSTYLE
  2
STANDARD
  9
$DIMCLRD
 70
    0
  9
$DIMCLRE
 70
    0
  9
$DIMCLRT
 70
    0
  9
$DIMTFAC
 40
1
  9
$DIMGAP
 40
0.625
  9
$DIMJUST
 70
    0
  9
$DIMSD1
 70
    0
  9
$DIMSD2
 70
    0
  9
$DIMTOLJ
 70
    0
  9
$DIMTZIN
 70
    8
  9
$DIMALTZ
 70
    0
  9
$DIMALTTZ
 70
    0
  9
$DIMUPT
 70
    0
  9
$DIMDEC
 70
    2
  9
$DIMTDEC
 70
    2
  9
$DIMALTU
 70
    2
  9
$DIMALTTD
 70
    3
  9
$DIMTXSTY
  7
STANDARD
  9
$DIMAUNIT
 70
    0
  9
$DIMADEC
 70
    0
  9
$DIMALTRND
 40
0
  9
$DIMAZIN
 70
    0
  9
$DIMDSEP
 70
   44
  9
$DIMATFIT
 70
    3
  9
$DIMFRAC
 70
    0
  9
$DIMLDRBLK
  1
STANDARD
  9
$DIMLUNIT
 70
    2
  9
$DIMLWD
 70
   -2
  9
$DIMLWE
 70
   -2
  9
$DIMTMOVE
 70
    0
  9
$DIMFXL
 40
1
  9
$DIMFXLON
 70
    0
  9
$DIMJOGANG
 40
0.7854
  9
$DIMTFILL
 70
    0
  9
$DIMTFILLCLR
 70
    0
  9
$DIMARCSYM
 70
    0
  9
$DIMLTYPE
  6

  9
$DIMLTEX1
  6

  9
$DIMLTEX2
  6

  9
$LUNITS
 70
    2
  9
$LUPREC
 70
    4
  9
$SKETCHINC
 40
1
  9
$FILLETRAD
 40
0
  9
$AUNITS
 70
    0
  9
$AUPREC
 70
    2
  9
$MENU
  1
.
  9
$ELEVATION
 40
0
  9
$PELEVATION
 40
0
  9
$THICKNESS
 40
0
  9
$LIMCHECK
 70
    0
  9
$CHAMFERA
 40
0
  9
$CHAMFERB
 40
0
  9
$CHAMFERC
 40
0
  9
$CHAMFERD
 40
0
  9
$SKPOLY
 70
    0
  9
$USRTIMER
 70
    1
  9
$ANGBASE
 50
0
  9
$ANGDIR
 70
    0
  9
$PDMODE
 70
   34
  9
$PDSIZE
 40
0
  9
$PLINEWID
 40
0
  9
$SPLFRAME
 70
    0
  9
$SPLINETYPE
 70
    2
  9
$SPLINESEGS
 70
    8
  9
$HANDSEED
  5
20000
  9
$SURFTAB1
 70
    6
  9
$SURFTAB2
 70
    6
  9
$SURFTYPE
 70
    6
  9
$SURFU
 70
    6
  9
$SURFV
 70
    6
  9
$UCSBASE
  2

  9
$UCSNAME
  2

  9
$UCSORG
 10
0
 20
0
 30
0
  9
$UCSXDIR
 10
1
 20
0
 30
0
  9
$UCSYDIR
 10
0
 20
1
 30
0
  9
$UCSORTHOREF
  2

  9
$UCSORTHOVIEW
 70
    0
  9
$UCSORGTOP
 10
0
 20
0
 30
0
  9
$UCSORGBOTTOM
 10
0
 20
0
 30
0
  9
$UCSORGLEFT
 10
0
 20
0
 30
0
  9
$UCSORGRIGHT
 10
0
 20
0
 30
0
  9
$UCSORGFRONT
 10
0
 20
0
 30
0
  9
$UCSORGBACK
 10
0
 20
0
 30
0
  9
$PUCSBASE
  2

  9
$PUCSNAME
  2

  9
$PUCSORG
 10
0
 20
0
 30
0
  9
$PUCSXDIR
 10
1
 20
0
 30
0
  9
$PUCSYDIR
 10
0
 20
1
 30
0
  9
$PUCSORTHOREF
  2

  9
$PUCSORTHOVIEW
 70
    0
  9
$PUCSORGTOP
 10
0
 20
0
 30
0
  9
$PUCSORGBOTTOM
 10
0
 20
0
 30
0
  9
$PUCSORGLEFT
 10
0
 20
0
 30
0
  9
$PUCSORGRIGHT
 10
0
 20
0
 30
0
  9
$PUCSORGFRONT
 10
0
 20
0
 30
0
  9
$PUCSORGBACK
 10
0
 20
0
 30
0
  9
$USERI1
 70
    0
  9
$USERI2
 70
    0
  9
$USERI3
 70
    0
  9
$USERI4
 70
    0
  9
$USERI5
 70
    0
  9
$USERR1
 40
0
  9
$USERR2
 40
0
  9
$USERR3
 40
0
  9
$USERR4
 40
0
  9
$USERR5
 40
0
  9
$WORLDVIEW
 70
    1
  9
$SHADEDGE
 70
    3
  9
$SHADEDIF
 70
   70
  9
$TILEMODE
 70
    1
  9
$MAXACTVP
 70
   64
  9
$PINSBASE
 10
0
 20
0
 30
0
  9
$PLIMCHECK
 70
    0
  9
$PEXTMIN
 10
0
 20
0
 30
0
  9
$PEXTMAX
 10
0
 20
0
 30
0
  9
$GRIDMODE
 70
    1
  9
$SNAPSTYLE
 70
    0
  9
$PLIMMIN
 10
0
 20
0
  9
$PLIMMAX
 10
297
 20
210
  9
$UNITMODE
 70
    0
  9
$VISRETAIN
 70
    1
  9
$PLINEGEN
 70
    0
  9
$PSLTSCALE
 70
    1
  9
$TREEDEPTH
 70
 3020
  9
$CMLSTYLE
  2
Standard
  9
$CMLJUST
 70
    0
  9
$CMLSCALE
 40
20
  9
$PROXYGRAPHICS
 70
    1
  9
$MEASUREMENT
 70
    1
  9
$CELWEIGHT
370
   -1
  9
$ENDCAPS
280
    0
  9
$JOINSTYLE
280
    0
  9
$LWDISPLAY
290
    0
  9
$INSUNITS
 70
    4
  9
$HYPERLINKBASE
  1

  9
$STYLESHEET
  1

  9
$XEDIT
290
    1
  9
$CEPSNTYPE
380
    0
  9
$PSTYLEMODE
290
    1
  9
$EXTNAMES
290
    1
  9
$PSVPSCALE
 40
1
  9
$OLESTARTUP
290
    0
  9
$SORTENTS
280
  127
  9
$INDEXCTL
280
    0
  9
$HIDETEXT
280
    1
  9
$XCLIPFRAME
290
    0
  9
$HALOGAP
280
    0
  9
$OBSCOLOR
 70
  257
  9
$OBSLTYPE
280
    0
  9
$INTERSECTIONDISPLAY
280
    0
  9
$INTERSECTIONCOLOR
 70
  257
  9
$DIMASSOC
280
    1
  9
$PROJECTNAME
  1

  9
$CAMERADISPLAY
290
    0
  9
$LENSLENGTH
 40
50
  9
$CAMERAHEIGHT
 40
0
  9
$STEPSPERSEC
 40
2
  9
$STEPSIZE
 40
50
  9
$3DDWFPREC
 40
2
  9
$PSOLWIDTH
 40
5
  9
$PSOLHEIGHT
 40
80
  9
$LOFTANG1
 40
1.570796326794897
  9
$LOFTANG2
 40
1.570796326794897
  9
$LOFTMAG1
 40
0
  9
$LOFTMAG2
 40
0
  9
$LOFTPARAM
 70
    7
  9
$LOFTNORMALS
280
    1
  9
$LATITUDE
 40
1
  9
$LONGITUDE
 40
1
  9
$NORTHDIRECTION
 40
0
  9
$TIMEZONE
 70
-8000
  9
$LIGHTGLYPHDISPLAY
280
    1
  9
$TILEMODELIGHTSYNCH
280
    1
  9
$SOLIDHIST
280
    1
  9
$SHOWHIST
280
    1
  9
$DWFFRAME
280
    2
  9
$DGNFRAME
280
    0
  9
$REALWORLDSCALE
290
    1
  9
$INTERFERECOLOR
 62
    1
  9
$CSHADOW
280
    0
  9
$SHADOWPLANELOCATION
 40
0
  0
ENDSEC
  0
SECTION
  2
CLASSES
  0
ENDSEC
  0
SECTION
  2
TABLES
  0
TABLE
  2
VPORT
  5
8
330
0
100
AcDbSymbolTable
 70
    1
  0
VPORT
  5
31
330
2
100
AcDbSymbolTableRecord
100
AcDbViewportTableRecord
  2
*ACTIVE
 70
    0
 10
0
 20
0
 11
1
 21
1
 12
504.8813721910918
 22
129.8066452410915
 13
0
 23
0
 14
10
 24
10
 15
10
 25
10
 16
0
 26
0
 36
1
 17
0
 27
0
 37
0
 40
781.6389365730417
 41
2.574753804834378
 42
50
 43
0
 44
0
 50
0
 51
0
 71
    0
 72
  100
 73
    1
 74
    3
 75
    0
 76
    1
 77
    0
 78
    0
281
    0
 65
    1
110
0
120
0
130
0
111
1
121
0
131
0
112
0
122
1
132
0
 79
    0
146
0
348
10020
 60
    7
 61
    5
292
1
282
    1
141
0
142
0
 63
  250
421
3358443
  0
ENDTAB
  0
TABLE
  2
LTYPE
  5
5
330
0
100
AcDbSymbolTable
 70
    4
  0
LTYPE
  5
14
330
5
100
AcDbSymbolTableRecord
100
AcDbLinetypeTableRecord
  2
ByBlock
 70
    0
  3

 72
   65
 73
    0
 40
0
  0
LTYPE
  5
15
330
5
100
AcDbSymbolTableRecord
100
AcDbLinetypeTableRecord
  2
ByLayer
 70
    0
  3

 72
   65
 73
    0
 40
0
  0
LTYPE
  5
16
330
5
100
AcDbSymbolTableRecord
100
AcDbLinetypeTableRecord
  2
Continuous
 70
    0
  3
Solid line
 72
   65
 73
    0
 40
0
  0
LTYPE
  5
32
330
5
100
AcDbSymbolTableRecord
100
AcDbLinetypeTableRecord
  2
DOT
 70
    0
  3
Dot . . . . . . . . . . . . . . . . . . . . . .
 72
   65
 73
    2
 40
6.35
 49
0
 74
    0
 49
-6.35
 74
    0
  0
LTYPE
  5
33
330
5
100
AcDbSymbolTableRecord
100
AcDbLinetypeTableRecord
  2
DOTTINY
 70
    0
  3
Dot (.15x) .....................................
 72
   65
 73
    2
 40
0.9525
 49
0
 74
    0
 49
-0.9525
 74
    0
  0
LTYPE
  5
34
330
5
100
AcDbSymbolTableRecord
100
AcDbLinetypeTableRecord
  2
DOT2
 70
    0
  3
Dot (.5x) .....................................
 72
   65
 73
    2
 40
3.175
 49
0
 74
    0
 49
-3.175
 74
    0
  0
LTYPE
  5
35
330
5
100
AcDbSymbolTableRecord
100
AcDbLinetypeTableRecord
  2
DOTX2
 70
    0
  3
Dot (2x) .  .  .  .  .  .  .  .  .  .  .  .  .
 72
   65
 73
    2
 40
12.7
 49
0
 74
    0
 49
-12.7
 74
    0
  0
LTYPE
  5
36
330
5
100
AcDbSymbolTableRecord
100
AcDbLinetypeTableRecord
  2
DASHED
 70
    0
  3
Dashed _ _ _ _ _ _ _ _ _ _ _ _ _ _ _ _ _
 72
   65
 73
    2
 40
19.05
 49
12.7
 74
    0
 49
-6.35
 74
    0
  0
LTYPE
  5
37
330
5
100
AcDbSymbolTableRecord
100
AcDbLinetypeTableRecord
  2
DASHEDTINY
 70
    0
  3
Dashed (.15x) _ _ _ _ _ _ _ _ _ _ _ _ _ _ _ _ _
 72
   65
 73
    2
 40
2.8575
 49
1.905
 74
    0
 49
-0.9525
 74
    0
  0
LTYPE
  5
38
330
5
100
AcDbSymbolTableRecord
100
AcDbLinetypeTableRecord
  2
DASHED2
 70
    0
  3
Dashed (.5x) _ _ _ _ _ _ _ _ _ _ _ _ _ _ _ _ _
 72
   65
 73
    2
 40
9.524999999999999
 49
6.35
 74
    0
 49
-3.175
 74
    0
  0
LTYPE
  5
39
330
5
100
AcDbSymbolTableRecord
100
AcDbLinetypeTableRecord
  2
DASHEDX2
 70
    0
  3
Dashed (2x) ____  ____  ____  ____  ____  ___
 72
   65
 73
    2
 40
38.09999999999999
 49
25.4
 74
    0
 49
-12.7
 74
    0
  0
LTYPE
  5
3A
330
5
100
AcDbSymbolTableRecord
100
AcDbLinetypeTableRecord
  2
DASHDOT
 70
    0
  3
Dash dot __ . __ . __ . __ . __ . __ . __ . __
 72
   65
 73
    4
 40
25.4
 49
12.7
 74
    0
 49
-6.35
 74
    0
 49
0
 74
    0
 49
-6.35
 74
    0
  0
LTYPE
  5
3B
330
5
100
AcDbSymbolTableRecord
100
AcDbLinetypeTableRecord
  2
DASHDOTTINY
 70
    0
  3
Dash dot (.15x) _._._._._._._._._._._._._._._.
 72
   65
 73
    4
 40
3.81
 49
1.905
 74
    0
 49
-0.9525
 74
    0
 49
0
 74
    0
 49
-0.9525
 74
    0
  0
LTYPE
  5
3C
330
5
100
AcDbSymbolTableRecord
100
AcDbLinetypeTableRecord
  2
DASHDOT2
 70
    0
  3
Dash dot (.5x) _._._._._._._._._._._._._._._.
 72
   65
 73
    4
 40
12.7
 49
6.35
 74
    0
 49
-3.175
 74
    0
 49
0
 74
    0
 49
-3.175
 74
    0
  0
LTYPE
  5
3D
330
5
100
AcDbSymbolTableRecord
100
AcDbLinetypeTableRecord
  2
DASHDOTX2
 70
    0
  3
Dash dot (2x) ____  .  ____  .  ____  .  ___
 72
   65
 73
    4
 40
50.8
 49
25.4
 74
    0
 49
-12.7
 74
    0
 49
0
 74
    0
 49
-12.7
 74
    0
  0
LTYPE
  5
3E
330
5
100
AcDbSymbolTableRecord
100
AcDbLinetypeTableRecord
  2
DIVIDE
 70
    0
  3
Divide ____ . . ____ . . ____ . . ____ . . ____
 72
   65
 73
    6
 40
31.75
 49
12.7
 74
    0
 49
-6.35
 74
    0
 49
0
 74
    0
 49
-6.35
 74
    0
 49
0
 74
    0
 49
-6.35
 74
    0
  0
LTYPE
  5
3F
330
5
100
AcDbSymbolTableRecord
100
AcDbLinetypeTableRecord
  2
DIVIDETINY
 70
    0
  3
Divide (.15x) __..__..__..__..__..__..__..__.._
 72
   65
 73
    6
 40
4.7625
 49
1.905
 74
    0
 49
-0.9525
 74
    0
 49
0
 74
    0
 49
-0.9525
 74
    0
 49
0
 74
    0
 49
-0.9525
 74
    0
  0
LTYPE
  5
40
330
5
100
AcDbSymbolTableRecord
100
AcDbLinetypeTableRecord
  2
DIVIDE2
 70
    0
  3
Divide (.5x) __..__..__..__..__..__..__..__.._
 72
   65
 73
    6
 40
15.875
 49
6.35
 74
    0
 49
-3.175
 74
    0
 49
0
 74
    0
 49
-3.175
 74
    0
 49
0
 74
    0
 49
-3.175
 74
    0
  0
LTYPE
  5
41
330
5
100
AcDbSymbolTableRecord
100
AcDbLinetypeTableRecord
  2
DIVIDEX2
 70
    0
  3
Divide (2x) ________  .  .  ________  .  .  _
 72
   65
 73
    6
 40
63.5
 49
25.4
 74
    0
 49
-12.7
 74
    0
 49
0
 74
    0
 49
-12.7
 74
    0
 49
0
 74
    0
 49
-12.7
 74
    0
  0
LTYPE
  5
42
330
5
100
AcDbSymbolTableRecord
100
AcDbLinetypeTableRecord
  2
BORDER
 70
    0
  3
Border __ __ . __ __ . __ __ . __ __ . __ __ .
 72
   65
 73
    6
 40
44.45
 49
12.7
 74
    0
 49
-6.35
 74
    0
 49
12.7
 74
    0
 49
-6.35
 74
    0
 49
0
 74
    0
 49
-6.35
 74
    0
  0
LTYPE
  5
43
330
5
100
AcDbSymbolTableRecord
100
AcDbLinetypeTableRecord
  2
BORDERTINY
 70
    0
  3
Border (.15x) __.__.__.__.__.__.__.__.__.__.__.
 72
   65
 73
    6
 40
6.6675
 49
1.905
 74
    0
 49
-0.9525
 74
    0
 49
1.905
 74
    0
 49
-0.9525
 74
    0
 49
0
 74
    0
 49
-0.9525
 74
    0
  0
LTYPE
  5
44
330
5
100
AcDbSymbolTableRecord
100
AcDbLinetypeTableRecord
  2
BORDER2
 70
    0
  3
Border (.5x) __.__.__.__.__.__.__.__.__.__.__.
 72
   65
 73
    6
 40
22.225
 49
6.35
 74
    0
 49
-3.175
 74
    0
 49
6.35
 74
    0
 49
-3.175
 74
    0
 49
0
 74
    0
 49
-3.175
 74
    0
  0
LTYPE
  5
45
330
5
100
AcDbSymbolTableRecord
100
AcDbLinetypeTableRecord
  2
BORDERX2
 70
    0
  3
Border (2x) ____  ____  .  ____  ____  .  ___
 72
   65
 73
    6
 40
88.89999999999999
 49
25.4
 74
    0
 49
-12.7
 74
    0
 49
25.4
 74
    0
 49
-12.7
 74
    0
 49
0
 74
    0
 49
-12.7
 74
    0
  0
LTYPE
  5
46
330
5
100
AcDbSymbolTableRecord
100
AcDbLinetypeTableRecord
  2
CENTER
 70
    0
  3
Center ____ _ ____ _ ____ _ ____ _ ____ _ ____
 72
   65
 73
    4
 40
50.8
 49
31.75
 74
    0
 49
-6.35
 74
    0
 49
6.35
 74
    0
 49
-6.35
 74
    0
  0
LTYPE
  5
47
330
5
100
AcDbSymbolTableRecord
100
AcDbLinetypeTableRecord
  2
CENTERTINY
 70
    0
  3
Center (.15x) ___ _ ___ _ ___ _ ___ _ ___ _ ___
 72
   65
 73
    4
 40
7.619999999999999
 49
4.7625
 74
    0
 49
-0.9525
 74
    0
 49
0.9525
 74
    0
 49
-0.9525
 74
    0
  0
LTYPE
  5
48
330
5
100
AcDbSymbolTableRecord
100
AcDbLinetypeTableRecord
  2
CENTER2
 70
    0
  3
Center (.5x) ___ _ ___ _ ___ _ ___ _ ___ _ ___
 72
   65
 73
    4
 40
28.575
 49
19.05
 74
    0
 49
-3.175
 74
    0
 49
3.175
 74
    0
 49
-3.175
 74
    0
  0
LTYPE
  5
49
330
5
100
AcDbSymbolTableRecord
100
AcDbLinetypeTableRecord
  2
CENTERX2
 70
    0
  3
Center (2x) ________  __  ________  __  _____
 72
   65
 73
    4
 40
101.6
 49
63.5
 74
    0
 49
-12.7
 74
    0
 49
12.7
 74
    0
 49
-12.7
 74
    0
  0
ENDTAB
  0
TABLE
  2
LAYER
  5
2
330
0
100
AcDbSymbolTable
 70
    1
  0
LAYER
  5
10
330
2
100
AcDbSymbolTableRecord
100
AcDbLayerTableRecord
  2
0
 70
    1
 62
    7
  6
CONTINUOUS
370
    0
390
F
  0
LAYER
  5
4A
330
2
100
AcDbSymbolTableRecord
100
AcDbLayerTableRecord
  2
Acrylic_05_MM_0_TOP
 70
    0
 62
    2
  6
CONTINUOUS
370
    0
390
F
  0
LAYER
  5
4B
330
2
100
AcDbSymbolTableRecord
100
AcDbLayerTableRecord
  2
Acrylic_05_MM_1_Bottom
 70
    1
 62
    4
  6
CONTINUOUS
370
   18
390
F
  0
LAYER
  5
4C
330
2
100
AcDbSymbolTableRecord
100
AcDbLayerTableRecord
  2
Acrylic_05_MM_SIDES
 70
    1
 62
    4
  6
CONTINUOUS
370
    0
390
F
  0
LAYER
  5
4D
330
2
100
AcDbSymbolTableRecord
100
AcDbLayerTableRecord
  2
Acrylic_0_Top
 70
    1
 62
    2
  6
CONTINUOUS
370
   18
390
F
  0
LAYER
  5
4E
330
2
100
AcDbSymbolTableRecord
100
AcDbLayerTableRecord
  2
Acrylic_1_Middle
 70
    1
 62
    3
  6
CONTINUOUS
370
   18
390
F
  0
LAYER
  5
4F
330
2
100
AcDbSymbolTableRecord
100
AcDbLayerTableRecord
  2
Acrylic_Sides
 70
    1
 62
    4
  6
CONTINUOUS
370
   18
390
F
  0
LAYER
  5
50
330
2
100
AcDbSymbolTableRecord
100
AcDbLayerTableRecord
  2
Board
 70
    1
 62
    9
  6
CONTINUOUS
370
   18
390
F
  0
LAYER
  5
51
330
2
100
AcDbSymbolTableRecord
100
AcDbLayerTableRecord
  2
Grid_Holes
 70
    1
 62
  216
420
8388736
  6
CONTINUOUS
370
    0
390
F
1001
LibreCad
1070
    1
  0
LAYER
  5
52
330
2
100
AcDbSymbolTableRecord
100
AcDbLayerTableRecord
  2
Grids_Cut
 70
    1
 62
  216
420
8388736
  6
CONTINUOUS
370
    0
390
F
1001
LibreCad
1070
    1
  0
LAYER
  5
53
330
2
100
AcDbSymbolTableRecord
100
AcDbLayerTableRecord
  2
Grids_Teensy
 70
    1
 62
   16
420
8388608
  6
CONTINUOUS
370
   -3
390
F
1001
LibreCad
1070
    1
  0
LAYER
  5
54
330
2
100
AcDbSymbolTableRecord
100
AcDbLayerTableRecord
  2
Grids_Top
 70
    5
 62
  216
420
8388736
  6
CONTINUOUS
370
    0
390
F
1001
LibreCad
1070
    1
  0
LAYER
  5
55
330
2
100
AcDbSymbolTableRecord
100
AcDbLayerTableRecord
  2
Keyboad_PCB
 70
    1
 62
    7
  6
CONTINUOUS
370
    0
390
F
  0
LAYER
  5
56
330
2
100
AcDbSymbolTableRecord
100
AcDbLayerTableRecord
  2
LCD Board
 70
    5
 62
    7
  6
CONTINUOUS
370
   18
390
F
  0
LAYER
  5
57
330
2
100
AcDbSymbolTableRecord
100
AcDbLayerTableRecord
  2
LCD Window
 70
    1
 62
    1
  6
CONTINUOUS
370
   18
390
F
  0
LAYER
  5
58
330
2
100
AcDbSymbolTableRecord
100
AcDbLayerTableRecord
  2
LCD_Grids
 70
    1
 62
   56
420
8421376
  6
CONTINUOUS
370
    0
390
F
1001
LibreCad
1070
    1
  0
LAYER
  5
59
330
2
100
AcDbSymbolTableRecord
100
AcDbLayerTableRecord
  2
PCB_KEYBPAD
 70
    1
 62
    3
  6
CONTINUOUS
370
    9
390
F
  0
LAYER
  5
5A
330
2
100
AcDbSymbolTableRecord
100
AcDbLayerTableRecord
  2
PCB_LEDHolesThruHole
 70
    5
 62
    4
  6
CONTINUOUS
370
    0
390
F
  0
LAYER
  5
5B
330
2
100
AcDbSymbolTableRecord
100
AcDbLayerTableRecord
  2
PCB_LED_KEYPAD
 70
    1
 62
    6
  6
CONTINUOUS
370
    0
390
F
  0
LAYER
  5
5C
330
2
100
AcDbSymbolTableRecord
100
AcDbLayerTableRecord
  2
PCB_TeensyController
 70
    1
 62
    6
  6
CONTINUOUS
370
    0
390
F
  0
LAYER
  5
5D
330
2
100
AcDbSymbolTableRecord
100
AcDbLayerTableRecord
  2
TopMeasurement
 70
    1
 62
    6
  6
CONTINUOUS
370
    0
390
F
  0
ENDTAB
  0
TABLE
  2
STYLE
  5
3
330
0
100
AcDbSymbolTable
 70
    3
  0
STYLE
  5
5E
330
2
100
AcDbSymbolTableRecord
100
AcDbTextStyleTableRecord
  2
STANDARD
 70
    0
 40
0
 41
1
 50
0
 71
    0
 42
1
  3
STANDARD
  4

  0
ENDTAB
  0
TABLE
  2
VIEW
  5
6
330
0
100
AcDbSymbolTable
 70
    0
  0
ENDTAB
  0
TABLE
  2
UCS
  5
7
330
0
100
AcDbSymbolTable
 70
    0
  0
ENDTAB
  0
TABLE
  2
APPID
  5
9
330
0
100
AcDbSymbolTable
 70
    1
  0
APPID
  5
12
330
9
100
AcDbSymbolTableRecord
100
AcDbRegAppTableRecord
  2
ACAD
 70
    0
  0
APPID
  5
5F
330
9
100
AcDbSymbolTableRecord
100
AcDbRegAppTableRecord
  2
LibreCad
 70
    0
  0
ENDTAB
  0
TABLE
  2
DIMSTYLE
  5
A
330
0
100
AcDbSymbolTable
 70
    1
100
AcDbDimStyleTable
 71
    1
  0
DIMSTYLE
105
60
330
A
100
AcDbSymbolTableRecord
100
AcDbDimStyleTableRecord
  2
Standard
 70
    0
 40
1
 41
2.5
 42
0.625
 43
0.38
 44
1.25
 45
0
 46
0
 47
0
 48
0
 49
1
140
2.5
141
0.09
142
0
143
25.4
144
1
145
0
146
1
147
0.625
148
0
 71
    0
 72
    0
 73
    0
 74
    1
 75
    0
 76
    0
 77
    0
 78
    8
 79
    0
170
    0
171
    2
172
    0
173
    0
174
    0
175
    0
176
    0
177
    0
178
    0
179
    0
271
    2
272
    4
273
    2
274
    2
275
    0
276
    0
277
    2
278
   44
279
    0
280
    0
281
    0
282
    0
283
    1
284
    0
285
    0
286
    0
288
    0
289
    3
340
STANDARD
341

371
   -2
372
   -2
  0
ENDTAB
  0
TABLE
  2
BLOCK_RECORD
  5
1
330
0
100
AcDbSymbolTable
 70
    2
  0
BLOCK_RECORD
  5
1F
330
1
100
AcDbSymbolTableRecord
100
AcDbBlockTableRecord
  2
*Model_Space
 70
    0
280
    1
281
    0
  0
BLOCK_RECORD
  5
1E
330
1
100
AcDbSymbolTableRecord
100
AcDbBlockTableRecord
  2
*Paper_Space
 70
    0
280
    1
281
    0
  0
BLOCK_RECORD
  5
61
330
1
100
AcDbSymbolTableRecord
100
AcDbBlockTableRecord
  2
*D21
 70
    0
280
    1
281
    0
  0
BLOCK_RECORD
  5
64
330
1
100
AcDbSymbolTableRecord
100
AcDbBlockTableRecord
  2
*D6
 70
    0
280
    1
281
    0
  0
BLOCK_RECORD
  5
67
330
1
100
AcDbSymbolTableRecord
100
AcDbBlockTableRecord
  2
*D7
 70
    0
280
    1
281
    0
  0
BLOCK_RECORD
  5
6A
330
1
100
AcDbSymbolTableRecord
100
AcDbBlockTableRecord
  2
*D23
 70
    0
280
    1
281
    0
  0
BLOCK_RECORD
  5
6D
330
1
100
AcDbSymbolTableRecord
100
AcDbBlockTableRecord
  2
*D8
 70
    0
280
    1
281
    0
  0
BLOCK_RECORD
  5
70
330
1
100
AcDbSymbolTableRecord
100
AcDbBlockTableRecord
  2
*D18
 70
    0
280
    1
281
    0
  0
BLOCK_RECORD
  5
73
330
1
100
AcDbSymbolTableRecord
100
AcDbBlockTableRecord
  2
*D41
 70
    0
280
    1
281
    0
  0
BLOCK_RECORD
  5
76
330
1
100
AcDbSymbolTableRecord
100
AcDbBlockTableRecord
  2
*D29
 70
    0
280
    1
281
    0
  0
BLOCK_RECORD
  5
79
330
1
100
AcDbSymbolTableRecord
100
AcDbBlockTableRecord
  2
*D5
 70
    0
280
    1
281
    0
  0
BLOCK_RECORD
  5
7C
330
1
100
AcDbSymbolTableRecord
100
AcDbBlockTableRecord
  2
*D39
 70
    0
280
    1
281
    0
  0
BLOCK_RECORD
  5
7F
330
1
100
AcDbSymbolTableRecord
100
AcDbBlockTableRecord
  2
*D10
 70
    0
280
    1
281
    0
  0
BLOCK_RECORD
  5
82
330
1
100
AcDbSymbolTableRecord
100
AcDbBlockTableRecord
  2
*D35
 70
    0
280
    1
281
    0
  0
BLOCK_RECORD
  5
85
330
1
100
AcDbSymbolTableRecord
100
AcDbBlockTableRecord
  2
*D24
 70
    0
280
    1
281
    0
  0
BLOCK_RECORD
  5
88
330
1
100
AcDbSymbolTableRecord
100
AcDbBlockTableRecord
  2
*D17
 70
    0
280
    1
281
    0
  0
BLOCK_RECORD
  5
8B
330
1
100
AcDbSymbolTableRecord
100
AcDbBlockTableRecord
  2
*D4
 70
    0
280
    1
281
    0
  0
BLOCK_RECORD
  5
8E
330
1
100
AcDbSymbolTableRecord
100
AcDbBlockTableRecord
  2
*D15
 70
    0
280
    1
281
    0
  0
BLOCK_RECORD
  5
91
330
1
100
AcDbSymbolTableRecord
100
AcDbBlockTableRecord
  2
*D38
 70
    0
280
    1
281
    0
  0
BLOCK_RECORD
  5
94
330
1
100
AcDbSymbolTableRecord
100
AcDbBlockTableRecord
  2
*D11
 70
    0
280
    1
281
    0
  0
BLOCK_RECORD
  5
97
330
1
100
AcDbSymbolTableRecord
100
AcDbBlockTableRecord
  2
*D3
 70
    0
280
    1
281
    0
  0
BLOCK_RECORD
  5
9A
330
1
100
AcDbSymbolTableRecord
100
AcDbBlockTableRecord
  2
*D16
 70
    0
280
    1
281
    0
  0
BLOCK_RECORD
  5
9D
330
1
100
AcDbSymbolTableRecord
100
AcDbBlockTableRecord
  2
*D26
 70
    0
280
    1
281
    0
  0
BLOCK_RECORD
  5
A0
330
1
100
AcDbSymbolTableRecord
100
AcDbBlockTableRecord
  2
*D13
 70
    0
280
    1
281
    0
  0
BLOCK_RECORD
  5
A3
330
1
100
AcDbSymbolTableRecord
100
AcDbBlockTableRecord
  2
*D34
 70
    0
280
    1
281
    0
  0
BLOCK_RECORD
  5
A6
330
1
100
AcDbSymbolTableRecord
100
AcDbBlockTableRecord
  2
*D19
 70
    0
280
    1
281
    0
  0
BLOCK_RECORD
  5
A9
330
1
100
AcDbSymbolTableRecord
100
AcDbBlockTableRecord
  2
*D27
 70
    0
280
    1
281
    0
  0
BLOCK_RECORD
  5
AC
330
1
100
AcDbSymbolTableRecord
100
AcDbBlockTableRecord
  2
*D1
 70
    0
280
    1
281
    0
  0
BLOCK_RECORD
  5
AF
330
1
100
AcDbSymbolTableRecord
100
AcDbBlockTableRecord
  2
*D30
 70
    0
280
    1
281
    0
  0
BLOCK_RECORD
  5
B2
330
1
100
AcDbSymbolTableRecord
100
AcDbBlockTableRecord
  2
*D33
 70
    0
280
    1
281
    0
  0
BLOCK_RECORD
  5
B5
330
1
100
AcDbSymbolTableRecord
100
AcDbBlockTableRecord
  2
*D32
 70
    0
280
    1
281
    0
  0
BLOCK_RECORD
  5
B8
330
1
100
AcDbSymbolTableRecord
100
AcDbBlockTableRecord
  2
*D2
 70
    0
280
    1
281
    0
  0
BLOCK_RECORD
  5
BB
330
1
100
AcDbSymbolTableRecord
100
AcDbBlockTableRecord
  2
*D28
 70
    0
280
    1
281
    0
  0
BLOCK_RECORD
  5
BE
330
1
100
AcDbSymbolTableRecord
100
AcDbBlockTableRecord
  2
*D37
 70
    0
280
    1
281
    0
  0
BLOCK_RECORD
  5
C1
330
1
100
AcDbSymbolTableRecord
100
AcDbBlockTableRecord
  2
*D25
 70
    0
280
    1
281
    0
  0
BLOCK_RECORD
  5
C4
330
1
100
AcDbSymbolTableRecord
100
AcDbBlockTableRecord
  2
*D12
 70
    0
280
    1
281
    0
  0
BLOCK_RECORD
  5
C7
330
1
100
AcDbSymbolTableRecord
100
AcDbBlockTableRecord
  2
*D14
 70
    0
280
    1
281
    0
  0
BLOCK_RECORD
  5
CA
330
1
100
AcDbSymbolTableRecord
100
AcDbBlockTableRecord
  2
*D22
 70
    0
280
    1
281
    0
  0
BLOCK_RECORD
  5
CD
330
1
100
AcDbSymbolTableRecord
100
AcDbBlockTableRecord
  2
*D36
 70
    0
280
    1
281
    0
  0
BLOCK_RECORD
  5
D0
330
1
100
AcDbSymbolTableRecord
100
AcDbBlockTableRecord
  2
*D20
 70
    0
280
    1
281
    0
  0
BLOCK_RECORD
  5
D3
330
1
100
AcDbSymbolTableRecord
100
AcDbBlockTableRecord
  2
*D9
 70
    0
280
    1
281
    0
  0
BLOCK_RECORD
  5
D6
330
1
100
AcDbSymbolTableRecord
100
AcDbBlockTableRecord
  2
*D31
 70
    0
280
    1
281
    0
  0
BLOCK_RECORD
  5
D9
330
1
100
AcDbSymbolTableRecord
100
AcDbBlockTableRecord
  2
*D40
 70
    0
280
    1
281
    0
  0
BLOCK_RECORD
  5
DC
330
1
100
AcDbSymbolTableRecord
100
AcDbBlockTableRecord
  2
LED_Rings_Only
 70
    0
280
    1
281
    0
  0
BLOCK_RECORD
  5
DF
330
1
100
AcDbSymbolTableRecord
100
AcDbBlockTableRecord
  2
LCDBlock
 70
    0
280
    1
281
    0
  0
BLOCK_RECORD
  5
E2
330
1
100
AcDbSymbolTableRecord
100
AcDbBlockTableRecord
  2
gEncoderHolesThruLED-1
 70
    0
280
    1
281
    0
  0
BLOCK_RECORD
  5
E5
330
1
100
AcDbSymbolTableRecord
100
AcDbBlockTableRecord
  2
BLOCK_FIXED_GRID_DJ_4X2_Keypad_020226-0
 70
    0
280
    1
281
    0
  0
BLOCK_RECORD
  5
E8
330
1
100
AcDbSymbolTableRecord
100
AcDbBlockTableRecord
  2
PCB_Keypad2
 70
    0
280
    1
281
    0
  0
BLOCK_RECORD
  5
EB
330
1
100
AcDbSymbolTableRecord
100
AcDbBlockTableRecord
  2
KEYPADLED_PCB
 70
    0
280
    1
281
    0
  0
BLOCK_RECORD
  5
EE
330
1
100
AcDbSymbolTableRecord
100
AcDbBlockTableRecord
  2
BLOCK_FIXED_GRID_DJ_4X2_Keypad_020226-1
 70
    0
280
    1
281
    0
  0
BLOCK_RECORD
  5
F1
330
1
100
AcDbSymbolTableRecord
100
AcDbBlockTableRecord
  2
KEYPADLED_PCB2
 70
    0
280
    1
281
    0
  0
BLOCK_RECORD
  5
F4
330
1
100
AcDbSymbolTableRecord
100
AcDbBlockTableRecord
  2
BLOCK_FIXED_GLOW_DIAL_CONTROL_PANEL_260126
 70
    0
280
    1
281
    0
  0
BLOCK_RECORD
  5
F7
330
1
100
AcDbSymbolTableRecord
100
AcDbBlockTableRecord
  2
TeencyContoller
 70
    0
280
    1
281
    0
  0
BLOCK_RECORD
  5
FA
330
1
100
AcDbSymbolTableRecord
100
AcDbBlockTableRecord
  2
TeensyController
 70
    0
280
    1
281
    0
  0
ENDTAB
  0
ENDSEC
  0
SECTION
  2
BLOCKS
  0
BLOCK
  5
20
330
1F
100
AcDbEntity
  8
0
100
AcDbBlockBegin
  2
*Model_Space
 70
    0
 10
0
 20
0
 30
0
  3
*Model_Space
  1

  0
ENDBLK
  5
21
330
1F
100
AcDbEntity
  8
0
100
AcDbBlockEnd
  0
BLOCK
  5
1C
330
1B
100
AcDbEntity
  8
0
100
AcDbBlockBegin
  2
*Paper_Space
 70
    0
 10
0
 20
0
 30
0
  3
*Paper_Space
  1

  0
ENDBLK
  5
1D
330
1F
100
AcDbEntity
  8
0
100
AcDbBlockEnd
  0
BLOCK
  5
62
330
61
100
AcDbEntity
  8
0
100
AcDbBlockBegin
  2
*D21
 70
    1
 10
0
 20
0
  3
*D21
  1

  0
LINE
  5
FD
100
AcDbEntity
  8
TopMeasurement
  6
ByBlock
 62
    0
370
   -2
100
AcDbLine
 10
-52.75000063366396
 20
-41.1241109569048
 11
-50.79904377817925
 21
-41.12133576919494
  0
LINE
  5
FE
100
AcDbEntity
  8
TopMeasurement
  6
ByBlock
 62
    0
370
   -2
100
AcDbLine
 10
-52.72500063232259
 20
-58.69911095812328
 11
-50.77404377683789
 21
-58.69633577041343
  0
LINE
  5
FF
100
AcDbEntity
  8
TopMeasurement
  6
ByBlock
 62
    0
370
   -2
100
AcDbLine
 10
-52.04904251353389
 20
-41.12311386137466
 11
-52.02404251219252
 21
-58.69811386259314
  0
MTEXT
  5
100
100
AcDbEntity
  8
TopMeasurement
  6
CONTINUOUS
 62
    0
370
   -2
100
AcDbMText
 10
-50.16154440983121
 20
-49.90794672371439
 30
0
 40
2.5
 41
7.361111111111266
 71
    5
 72
    1
  1
17,58
  7
STANDARD
210
0
220
0
230
1
 50
270.0815017694716
 73
    2
 44
1
  0
SOLID
  5
101
100
AcDbEntity
  8
TopMeasurement
  6
ByBlock
 62
    0
370
   -2
100
AcDbTrace
 10
-52.04904251353389
 20
-41.12311386137466
 30
0
 11
-51.6292020925636
 21
-43.62251917808832
 31
0
 12
-52.46177056578534
 22
-43.62370348607955
 32
0
 13
-52.46177056578534
 23
-43.62370348607955
 33
0
  0
SOLID
  5
102
100
AcDbEntity
  8
TopMeasurement
  6
ByBlock
 62
    0
370
   -2
100
AcDbTrace
 10
-52.02404251219252
 20
-58.69811386259314
 30
0
 11
-52.44388293316281
 21
-56.19870854587948
 31
0
 12
-51.61131445994107
 22
-56.19752423788825
 32
0
 13
-51.61131445994107
 23
-56.19752423788825
 33
0
  0
ENDBLK
  5
63
330
61
100
AcDbEntity
  8
0
100
AcDbBlockEnd
  0
BLOCK
  5
65
330
64
100
AcDbEntity
  8
0
100
AcDbBlockBegin
  2
*D6
 70
    1
 10
0
 20
0
  3
*D6
  1

  0
LINE
  5
103
100
AcDbEntity
  8
TopMeasurement
  6
ByBlock
 62
    0
370
   -2
100
AcDbLine
 10
315
 20
49.375
 11
315
 21
38.75
  0
LINE
  5
104
100
AcDbEntity
  8
TopMeasurement
  6
ByBlock
 62
    0
370
   -2
100
AcDbLine
 10
335
 20
49.375
 11
335
 21
38.75
  0
LINE
  5
105
100
AcDbEntity
  8
TopMeasurement
  6
ByBlock
 62
    0
370
   -2
100
AcDbLine
 10
315
 20
40
 11
335
 21
40
  0
MTEXT
  5
106
100
AcDbEntity
  8
TopMeasurement
  6
CONTINUOUS
 62
    0
370
   -2
100
AcDbMText
 10
325
 20
41.875
 30
0
 40
2.5
 41
3.055555555555556
 71
    5
 72
    1
  1
20
  7
STANDARD
210
0
220
0
230
1
 50
0
 73
    2
 44
1
  0
SOLID
  5
107
100
AcDbEntity
  8
TopMeasurement
  6
ByBlock
 62
    0
370
   -2
100
AcDbTrace
 10
315
 20
40
 30
0
 11
317.5
 21
40.41628465777284
 31
0
 12
317.5
 22
39.58371534222716
 32
0
 13
317.5
 23
39.58371534222716
 33
0
  0
SOLID
  5
108
100
AcDbEntity
  8
TopMeasurement
  6
ByBlock
 62
    0
370
   -2
100
AcDbTrace
 10
335
 20
40
 30
0
 11
332.5
 21
39.58371534222716
 31
0
 12
332.5
 22
40.41628465777284
 32
0
 13
332.5
 23
40.41628465777284
 33
0
  0
ENDBLK
  5
66
330
64
100
AcDbEntity
  8
0
100
AcDbBlockEnd
  0
BLOCK
  5
68
330
67
100
AcDbEntity
  8
0
100
AcDbBlockBegin
  2
*D7
 70
    1
 10
0
 20
0
  3
*D7
  1

  0
LINE
  5
109
100
AcDbEntity
  8
TopMeasurement
  6
ByBlock
 62
    0
370
   -2
100
AcDbLine
 10
335
 20
49.375
 11
335
 21
38.75
  0
LINE
  5
10A
100
AcDbEntity
  8
TopMeasurement
  6
ByBlock
 62
    0
370
   -2
100
AcDbLine
 10
350
 20
49.375
 11
350
 21
38.75
  0
LINE
  5
10B
100
AcDbEntity
  8
TopMeasurement
  6
ByBlock
 62
    0
370
   -2
100
AcDbLine
 10
335
 20
40
 11
350
 21
40
  0
MTEXT
  5
10C
100
AcDbEntity
  8
TopMeasurement
  6
CONTINUOUS
 62
    0
370
   -2
100
AcDbMText
 10
342.5
 20
41.875
 30
0
 40
2.5
 41
2.500000000000155
 71
    5
 72
    1
  1
15
  7
STANDARD
210
0
220
0
230
1
 50
0
 73
    2
 44
1
  0
SOLID
  5
10D
100
AcDbEntity
  8
TopMeasurement
  6
ByBlock
 62
    0
370
   -2
100
AcDbTrace
 10
335
 20
40
 30
0
 11
337.5
 21
40.41628465777284
 31
0
 12
337.5
 22
39.58371534222716
 32
0
 13
337.5
 23
39.58371534222716
 33
0
  0
SOLID
  5
10E
100
AcDbEntity
  8
TopMeasurement
  6
ByBlock
 62
    0
370
   -2
100
AcDbTrace
 10
350
 20
40
 30
0
 11
347.5
 21
39.58371534222716
 31
0
 12
347.5
 22
40.41628465777284
 32
0
 13
347.5
 23
40.41628465777284
 33
0
  0
ENDBLK
  5
69
330
67
100
AcDbEntity
  8
0
100
AcDbBlockEnd
  0
BLOCK
  5
6B
330
6A
100
AcDbEntity
  8
0
100
AcDbBlockBegin
  2
*D23
 70
    1
 10
0
 20
0
  3
*D23
  1

  0
LINE
  5
10F
100
AcDbEntity
  8
TopMeasurement
  6
ByBlock
 62
    0
370
   -2
100
AcDbLine
 10
-88.10000000000002
 20
-136.375
 11
-88.10000000000002
 21
-128.75
  0
LINE
  5
110
100
AcDbEntity
  8
TopMeasurement
  6
ByBlock
 62
    0
370
   -2
100
AcDbLine
 10
-47.10000000000002
 20
-136.375
 11
-47.10000000000002
 21
-128.75
  0
LINE
  5
111
100
AcDbEntity
  8
TopMeasurement
  6
ByBlock
 62
    0
370
   -2
100
AcDbLine
 10
-88.10000000000002
 20
-130
 11
-47.10000000000002
 21
-130
  0
MTEXT
  5
112
100
AcDbEntity
  8
TopMeasurement
  6
CONTINUOUS
 62
    0
370
   -2
100
AcDbMText
 10
-67.60000000000002
 20
-128.125
 30
0
 40
2.5
 41
2.777777777777778
 71
    5
 72
    1
  1
41
  7
STANDARD
210
0
220
0
230
1
 50
0
 73
    2
 44
1
  0
SOLID
  5
113
100
AcDbEntity
  8
TopMeasurement
  6
ByBlock
 62
    0
370
   -2
100
AcDbTrace
 10
-88.10000000000002
 20
-130
 30
0
 11
-85.60000000000002
 21
-129.5837153422272
 31
0
 12
-85.60000000000002
 22
-130.4162846577728
 32
0
 13
-85.60000000000002
 23
-130.4162846577728
 33
0
  0
SOLID
  5
114
100
AcDbEntity
  8
TopMeasurement
  6
ByBlock
 62
    0
370
   -2
100
AcDbTrace
 10
-47.10000000000002
 20
-130
 30
0
 11
-49.60000000000002
 21
-130.4162846577728
 31
0
 12
-49.60000000000002
 22
-129.5837153422272
 32
0
 13
-49.60000000000002
 23
-129.5837153422272
 33
0
  0
ENDBLK
  5
6C
330
6A
100
AcDbEntity
  8
0
100
AcDbBlockEnd
  0
BLOCK
  5
6E
330
6D
100
AcDbEntity
  8
0
100
AcDbBlockBegin
  2
*D8
 70
    1
 10
0
 20
0
  3
*D8
  1

  0
LINE
  5
115
100
AcDbEntity
  8
TopMeasurement
  6
ByBlock
 62
    0
370
   -2
100
AcDbLine
 10
-20.625
 20
-150.0272632115289
 11
-26.25
 21
-150.0272632115289
  0
LINE
  5
116
100
AcDbEntity
  8
TopMeasurement
  6
ByBlock
 62
    0
370
   -2
100
AcDbLine
 10
-20.625
 20
-208.5425132115292
 11
-26.25
 21
-208.5425132115292
  0
LINE
  5
117
100
AcDbEntity
  8
TopMeasurement
  6
ByBlock
 62
    0
370
   -2
100
AcDbLine
 10
-25
 20
-150.0272632115289
 11
-25
 21
-208.5425132115292
  0
MTEXT
  5
118
100
AcDbEntity
  8
TopMeasurement
  6
CONTINUOUS
 62
    0
370
   -2
100
AcDbMText
 10
-26.875
 20
-179.2848882115291
 30
0
 40
2.5
 41
7.916666666666977
 71
    5
 72
    1
  1
58,52
  7
STANDARD
210
0
220
0
230
1
 50
90
 73
    2
 44
1
  0
SOLID
  5
119
100
AcDbEntity
  8
TopMeasurement
  6
ByBlock
 62
    0
370
   -2
100
AcDbTrace
 10
-25
 20
-150.0272632115289
 30
0
 11
-24.58371534222716
 21
-152.5272632115289
 31
0
 12
-25.41628465777284
 22
-152.5272632115289
 32
0
 13
-25.41628465777284
 23
-152.5272632115289
 33
0
  0
SOLID
  5
11A
100
AcDbEntity
  8
TopMeasurement
  6
ByBlock
 62
    0
370
   -2
100
AcDbTrace
 10
-25
 20
-208.5425132115292
 30
0
 11
-25.41628465777284
 21
-206.0425132115292
 31
0
 12
-24.58371534222716
 22
-206.0425132115292
 32
0
 13
-24.58371534222716
 23
-206.0425132115292
 33
0
  0
ENDBLK
  5
6F
330
6D
100
AcDbEntity
  8
0
100
AcDbBlockEnd
  0
BLOCK
  5
71
330
70
100
AcDbEntity
  8
0
100
AcDbBlockBegin
  2
*D18
 70
    1
 10
0
 20
0
  3
*D18
  1

  0
LINE
  5
11B
100
AcDbEntity
  8
TopMeasurement
  6
ByBlock
 62
    0
370
   -2
100
AcDbLine
 10
-52.72499999999991
 20
15.99999999956592
 11
-50.77499999995314
 21
15.99999999956592
  0
LINE
  5
11C
100
AcDbEntity
  8
TopMeasurement
  6
ByBlock
 62
    0
370
   -2
100
AcDbLine
 10
-52.72499999999991
 20
-1.550000002961355
 11
-50.77499999995314
 21
-1.550000002961355
  0
LINE
  5
11D
100
AcDbEntity
  8
TopMeasurement
  6
ByBlock
 62
    0
370
   -2
100
AcDbLine
 10
-52.02499999995314
 20
15.99999999956592
 11
-52.02499999995314
 21
-1.550000002961355
  0
MTEXT
  5
11E
100
AcDbEntity
  8
TopMeasurement
  6
CONTINUOUS
 62
    0
370
   -2
100
AcDbMText
 10
-50.14999999995314
 20
7.224999998302366
 30
0
 40
2.5
 41
7.361111111111422
 71
    5
 72
    1
  1
17,55
  7
STANDARD
210
0
220
0
230
1
 50
90
 73
    2
 44
1
  0
SOLID
  5
11F
100
AcDbEntity
  8
TopMeasurement
  6
ByBlock
 62
    0
370
   -2
100
AcDbTrace
 10
-52.02499999995314
 20
15.99999999956592
 30
0
 11
-51.6087153421803
 21
13.49999999956592
 31
0
 12
-52.44128465772598
 22
13.49999999956592
 32
0
 13
-52.44128465772598
 23
13.49999999956592
 33
0
  0
SOLID
  5
120
100
AcDbEntity
  8
TopMeasurement
  6
ByBlock
 62
    0
370
   -2
100
AcDbTrace
 10
-52.02499999995314
 20
-1.550000002961355
 30
0
 11
-52.44128465772598
 21
0.949999997038645
 31
0
 12
-51.6087153421803
 22
0.949999997038645
 32
0
 13
-51.6087153421803
 23
0.949999997038645
 33
0
  0
ENDBLK
  5
72
330
70
100
AcDbEntity
  8
0
100
AcDbBlockEnd
  0
BLOCK
  5
74
330
73
100
AcDbEntity
  8
0
100
AcDbBlockBegin
  2
*D41
 70
    1
 10
0
 20
0
  3
*D41
  1

  0
LINE
  5
121
100
AcDbEntity
  8
TopMeasurement
  6
ByBlock
 62
    0
370
   -2
100
AcDbLine
 10
-40.81819999999141
 20
10.85309999999151
 11
-40.81819999999141
 21
13.25
  0
LINE
  5
122
100
AcDbEntity
  8
TopMeasurement
  6
ByBlock
 62
    0
370
   -2
100
AcDbLine
 10
-38.81819999999141
 20
10.85309999999151
 11
-38.81819999999141
 21
13.25
  0
LINE
  5
123
100
AcDbEntity
  8
TopMeasurement
  6
ByBlock
 62
    0
370
   -2
100
AcDbLine
 10
-45.81819999999141
 20
12
 11
-33.81819999999141
 21
12
  0
MTEXT
  5
124
100
AcDbEntity
  8
TopMeasurement
  6
CONTINUOUS
 62
    0
370
   -2
100
AcDbMText
 10
-39.81819999999141
 20
13.875
 30
0
 40
2.5
 41
1.111111111111111
 71
    5
 72
    1
  1
2
  7
STANDARD
210
0
220
0
230
1
 50
0
 73
    2
 44
1
  0
SOLID
  5
125
100
AcDbEntity
  8
TopMeasurement
  6
ByBlock
 62
    0
370
   -2
100
AcDbTrace
 10
-40.81819999999141
 20
12
 30
0
 11
-43.31819999999141
 21
11.58371534222716
 31
0
 12
-43.31819999999141
 22
12.41628465777284
 32
0
 13
-43.31819999999141
 23
12.41628465777284
 33
0
  0
SOLID
  5
126
100
AcDbEntity
  8
TopMeasurement
  6
ByBlock
 62
    0
370
   -2
100
AcDbTrace
 10
-38.81819999999141
 20
12
 30
0
 11
-36.31819999999141
 21
12.41628465777284
 31
0
 12
-36.31819999999141
 22
11.58371534222716
 32
0
 13
-36.31819999999141
 23
11.58371534222716
 33
0
  0
ENDBLK
  5
75
330
73
100
AcDbEntity
  8
0
100
AcDbBlockEnd
  0
BLOCK
  5
77
330
76
100
AcDbEntity
  8
0
100
AcDbBlockBegin
  2
*D29
 70
    1
 10
0
 20
0
  3
*D29
  1

  0
LINE
  5
127
100
AcDbEntity
  8
TopMeasurement
  6
ByBlock
 62
    0
370
   -2
100
AcDbLine
 10
355.625
 20
55
 11
371.25
 21
55
  0
LINE
  5
128
100
AcDbEntity
  8
TopMeasurement
  6
ByBlock
 62
    0
370
   -2
100
AcDbLine
 10
355.625
 20
-235
 11
371.25
 21
-235
  0
LINE
  5
129
100
AcDbEntity
  8
TopMeasurement
  6
ByBlock
 62
    0
370
   -2
100
AcDbLine
 10
370
 20
55
 11
370
 21
-235
  0
MTEXT
  5
12A
100
AcDbEntity
  8
TopMeasurement
  6
CONTINUOUS
 62
    0
370
   -2
100
AcDbMText
 10
368.125
 20
-90
 30
0
 40
2.5
 41
5
 71
    5
 72
    1
  1
290
  7
STANDARD
210
0
220
0
230
1
 50
90
 73
    2
 44
1
  0
SOLID
  5
12B
100
AcDbEntity
  8
TopMeasurement
  6
ByBlock
 62
    0
370
   -2
100
AcDbTrace
 10
370
 20
55
 30
0
 11
370.4162846577728
 21
52.5
 31
0
 12
369.5837153422272
 22
52.5
 32
0
 13
369.5837153422272
 23
52.5
 33
0
  0
SOLID
  5
12C
100
AcDbEntity
  8
TopMeasurement
  6
ByBlock
 62
    0
370
   -2
100
AcDbTrace
 10
370
 20
-235
 30
0
 11
369.5837153422272
 21
-232.5
 31
0
 12
370.4162846577728
 22
-232.5
 32
0
 13
370.4162846577728
 23
-232.5
 33
0
  0
ENDBLK
  5
78
330
76
100
AcDbEntity
  8
0
100
AcDbBlockEnd
  0
BLOCK
  5
7A
330
79
100
AcDbEntity
  8
0
100
AcDbBlockBegin
  2
*D5
 70
    1
 10
0
 20
0
  3
*D5
  1

  0
LINE
  5
12D
100
AcDbEntity
  8
TopMeasurement
  6
ByBlock
 62
    0
370
   -2
100
AcDbLine
 10
300
 20
54.375
 11
300
 21
38.75
  0
LINE
  5
12E
100
AcDbEntity
  8
TopMeasurement
  6
ByBlock
 62
    0
370
   -2
100
AcDbLine
 10
315
 20
54.375
 11
315
 21
38.75
  0
LINE
  5
12F
100
AcDbEntity
  8
TopMeasurement
  6
ByBlock
 62
    0
370
   -2
100
AcDbLine
 10
300
 20
40
 11
315
 21
40
  0
MTEXT
  5
130
100
AcDbEntity
  8
TopMeasurement
  6
CONTINUOUS
 62
    0
370
   -2
100
AcDbMText
 10
307.5
 20
41.875
 30
0
 40
2.5
 41
2.500000000000155
 71
    5
 72
    1
  1
15
  7
STANDARD
210
0
220
0
230
1
 50
0
 73
    2
 44
1
  0
SOLID
  5
131
100
AcDbEntity
  8
TopMeasurement
  6
ByBlock
 62
    0
370
   -2
100
AcDbTrace
 10
300
 20
40
 30
0
 11
302.5
 21
40.41628465777284
 31
0
 12
302.5
 22
39.58371534222716
 32
0
 13
302.5
 23
39.58371534222716
 33
0
  0
SOLID
  5
132
100
AcDbEntity
  8
TopMeasurement
  6
ByBlock
 62
    0
370
   -2
100
AcDbTrace
 10
315
 20
40
 30
0
 11
312.5
 21
39.58371534222716
 31
0
 12
312.5
 22
40.41628465777284
 32
0
 13
312.5
 23
40.41628465777284
 33
0
  0
ENDBLK
  5
7B
330
79
100
AcDbEntity
  8
0
100
AcDbBlockEnd
  0
BLOCK
  5
7D
330
7C
100
AcDbEntity
  8
0
100
AcDbBlockBegin
  2
*D39
 70
    1
 10
0
 20
0
  3
*D39
  1

  0
LINE
  5
133
100
AcDbEntity
  8
TopMeasurement
  6
ByBlock
 62
    0
370
   -2
100
AcDbLine
 10
37.72500000000002
 20
0.9999999999999858
 11
38.35000000000002
 21
0.9999999999999858
  0
LINE
  5
134
100
AcDbEntity
  8
TopMeasurement
  6
ByBlock
 62
    0
370
   -2
100
AcDbLine
 10
37.72500000000002
 20
-37.10000000000001
 11
38.35000000000002
 21
-37.10000000000001
  0
LINE
  5
135
100
AcDbEntity
  8
TopMeasurement
  6
ByBlock
 62
    0
370
   -2
100
AcDbLine
 10
37.10000000000002
 20
0.9999999999999858
 11
37.10000000000002
 21
-37.10000000000001
  0
MTEXT
  5
136
100
AcDbEntity
  8
TopMeasurement
  6
CONTINUOUS
 62
    0
370
   -2
100
AcDbMText
 10
35.22500000000002
 20
-18.05000000000001
 30
0
 40
2.5
 41
5.416666666666822
 71
    5
 72
    1
  1
38,1
  7
STANDARD
210
0
220
0
230
1
 50
90
 73
    2
 44
1
  0
SOLID
  5
137
100
AcDbEntity
  8
TopMeasurement
  6
ByBlock
 62
    0
370
   -2
100
AcDbTrace
 10
37.10000000000002
 20
0.9999999999999858
 30
0
 11
37.51628465777286
 21
-1.500000000000014
 31
0
 12
36.68371534222718
 22
-1.500000000000014
 32
0
 13
36.68371534222718
 23
-1.500000000000014
 33
0
  0
SOLID
  5
138
100
AcDbEntity
  8
TopMeasurement
  6
ByBlock
 62
    0
370
   -2
100
AcDbTrace
 10
37.10000000000002
 20
-37.10000000000001
 30
0
 11
36.68371534222718
 21
-34.60000000000001
 31
0
 12
37.51628465777286
 22
-34.60000000000001
 32
0
 13
37.51628465777286
 23
-34.60000000000001
 33
0
  0
ENDBLK
  5
7E
330
7C
100
AcDbEntity
  8
0
100
AcDbBlockEnd
  0
BLOCK
  5
80
330
7F
100
AcDbEntity
  8
0
100
AcDbBlockBegin
  2
*D10
 70
    1
 10
0
 20
0
  3
*D10
  1

  0
LINE
  5
139
100
AcDbEntity
  8
TopMeasurement
  6
ByBlock
 62
    0
370
   -2
100
AcDbLine
 10
-126.6249947796469
 20
-153.997445510979
 11
-137.5808899201079
 21
-153.952666394797
  0
LINE
  5
13A
100
AcDbEntity
  8
TopMeasurement
  6
ByBlock
 62
    0
370
   -2
100
AcDbLine
 10
-126.7271751939533
 20
-178.997445510979
 11
-137.6830703344143
 21
-178.952666394797
  0
LINE
  5
13B
100
AcDbEntity
  8
TopMeasurement
  6
ByBlock
 62
    0
370
   -2
100
AcDbLine
 10
-136.3309003608142
 20
-153.9577753728389
 11
-136.4330807751206
 21
-178.9577753728389
  0
MTEXT
  5
13C
100
AcDbEntity
  8
TopMeasurement
  6
CONTINUOUS
 62
    0
370
   -2
100
AcDbMText
 10
-138.256974906908
 20
-166.4501119057761
 30
0
 40
2.5
 41
3.055555555555711
 71
    5
 72
    1
  1
25
  7
STANDARD
210
0
220
0
230
1
 50
89.76582104446099
 73
    2
 44
1
  0
SOLID
  5
13D
100
AcDbEntity
  8
TopMeasurement
  6
ByBlock
 62
    0
370
   -2
100
AcDbTrace
 10
-136.3309003608142
 20
-153.9577753728389
 30
0
 11
-135.9248371361698
 21
-156.459455922767
 31
0
 12
-136.7573994976262
 22
-156.4560530600858
 32
0
 13
-136.7573994976262
 23
-156.4560530600858
 33
0
  0
SOLID
  5
13E
100
AcDbEntity
  8
TopMeasurement
  6
ByBlock
 62
    0
370
   -2
100
AcDbTrace
 10
-136.4330807751206
 20
-178.9577753728389
 30
0
 11
-136.839143999765
 21
-176.4560948229109
 31
0
 12
-136.0065816383086
 22
-176.4594976855921
 32
0
 13
-136.0065816383086
 23
-176.4594976855921
 33
0
  0
ENDBLK
  5
81
330
7F
100
AcDbEntity
  8
0
100
AcDbBlockEnd
  0
BLOCK
  5
83
330
82
100
AcDbEntity
  8
0
100
AcDbBlockBegin
  2
*D35
 70
    1
 10
0
 20
0
  3
*D35
  1

  0
LINE
  5
13F
100
AcDbEntity
  8
TopMeasurement
  6
ByBlock
 62
    0
370
   -2
100
AcDbLine
 10
0.8250000000000165
 20
-8.900000000000006
 11
2.25
 21
-8.900000000000006
  0
LINE
  5
140
100
AcDbEntity
  8
TopMeasurement
  6
ByBlock
 62
    0
370
   -2
100
AcDbLine
 10
0.8250000000000163
 20
-14.69999999999999
 11
2.25
 21
-14.69999999999999
  0
LINE
  5
141
100
AcDbEntity
  8
TopMeasurement
  6
ByBlock
 62
    0
370
   -2
100
AcDbLine
 10
1
 20
-3.900000000000006
 11
0.9999999999999994
 21
-19.69999999999999
  0
MTEXT
  5
142
100
AcDbEntity
  8
TopMeasurement
  6
CONTINUOUS
 62
    0
370
   -2
100
AcDbMText
 10
-0.8750000000000001
 20
-11.8
 30
0
 40
2.5
 41
4.027777777777933
 71
    5
 72
    1
  1
5,8
  7
STANDARD
210
0
220
0
230
1
 50
90
 73
    2
 44
1
  0
SOLID
  5
143
100
AcDbEntity
  8
TopMeasurement
  6
ByBlock
 62
    0
370
   -2
100
AcDbTrace
 10
1
 20
-8.900000000000006
 30
0
 11
0.5837153422271599
 21
-6.400000000000006
 31
0
 12
1.416284657772841
 22
-6.400000000000006
 32
0
 13
1.416284657772841
 23
-6.400000000000006
 33
0
  0
SOLID
  5
144
100
AcDbEntity
  8
TopMeasurement
  6
ByBlock
 62
    0
370
   -2
100
AcDbTrace
 10
0.9999999999999998
 20
-14.69999999999999
 30
0
 11
1.41628465777284
 21
-17.19999999999999
 31
0
 12
0.5837153422271592
 22
-17.19999999999999
 32
0
 13
0.5837153422271592
 23
-17.19999999999999
 33
0
  0
ENDBLK
  5
84
330
82
100
AcDbEntity
  8
0
100
AcDbBlockEnd
  0
BLOCK
  5
86
330
85
100
AcDbEntity
  8
0
100
AcDbBlockBegin
  2
*D24
 70
    1
 10
0
 20
0
  3
*D24
  1

  0
LINE
  5
145
100
AcDbEntity
  8
TopMeasurement
  6
ByBlock
 62
    0
370
   -2
100
AcDbLine
 10
-88.10000000000002
 20
-136.375
 11
-88.10000000000002
 21
-128.75
  0
LINE
  5
146
100
AcDbEntity
  8
TopMeasurement
  6
ByBlock
 62
    0
370
   -2
100
AcDbLine
 10
-68.10000000000002
 20
-136.375
 11
-68.10000000000002
 21
-128.75
  0
LINE
  5
147
100
AcDbEntity
  8
TopMeasurement
  6
ByBlock
 62
    0
370
   -2
100
AcDbLine
 10
-88.10000000000002
 20
-130
 11
-68.10000000000002
 21
-130
  0
MTEXT
  5
148
100
AcDbEntity
  8
TopMeasurement
  6
CONTINUOUS
 62
    0
370
   -2
100
AcDbMText
 10
-78.10000000000002
 20
-128.125
 30
0
 40
2.5
 41
3.055555555555556
 71
    5
 72
    1
  1
20
  7
STANDARD
210
0
220
0
230
1
 50
0
 73
    2
 44
1
  0
SOLID
  5
149
100
AcDbEntity
  8
TopMeasurement
  6
ByBlock
 62
    0
370
   -2
100
AcDbTrace
 10
-88.10000000000002
 20
-130
 30
0
 11
-85.60000000000002
 21
-129.5837153422272
 31
0
 12
-85.60000000000002
 22
-130.4162846577728
 32
0
 13
-85.60000000000002
 23
-130.4162846577728
 33
0
  0
SOLID
  5
14A
100
AcDbEntity
  8
TopMeasurement
  6
ByBlock
 62
    0
370
   -2
100
AcDbTrace
 10
-68.10000000000002
 20
-130
 30
0
 11
-70.60000000000002
 21
-130.4162846577728
 31
0
 12
-70.60000000000002
 22
-129.5837153422272
 32
0
 13
-70.60000000000002
 23
-129.5837153422272
 33
0
  0
ENDBLK
  5
87
330
85
100
AcDbEntity
  8
0
100
AcDbBlockEnd
  0
BLOCK
  5
89
330
88
100
AcDbEntity
  8
0
100
AcDbBlockBegin
  2
*D17
 70
    1
 10
0
 20
0
  3
*D17
  1

  0
LINE
  5
14B
100
AcDbEntity
  8
TopMeasurement
  6
ByBlock
 62
    0
370
   -2
100
AcDbLine
 10
-71.77500053961006
 20
-3.050821288623973
 11
-70.75006747412668
 21
-3.052168112553242
  0
LINE
  5
14C
100
AcDbEntity
  8
TopMeasurement
  6
ByBlock
 62
    0
370
   -2
100
AcDbLine
 10
-71.80000053826285
 20
-22.07582129002047
 11
-70.77506747277947
 21
-22.07716811394975
  0
LINE
  5
14D
100
AcDbEntity
  8
TopMeasurement
  6
ByBlock
 62
    0
370
   -2
100
AcDbLine
 10
-72.00006639490641
 20
-3.050525538501568
 11
-72.0250663935592
 21
-22.07552553989807
  0
MTEXT
  5
14E
100
AcDbEntity
  8
TopMeasurement
  6
CONTINUOUS
 62
    0
370
   -2
100
AcDbMText
 10
-70.13756801306323
 20
-12.56548940027724
 30
0
 40
2.5
 41
7.361111111111267
 71
    5
 72
    1
  1
19,03
  7
STANDARD
210
0
220
0
230
1
 50
89.924709929773
 73
    2
 44
1
  0
SOLID
  5
14F
100
AcDbEntity
  8
TopMeasurement
  6
ByBlock
 62
    0
370
   -2
100
AcDbTrace
 10
-72.00006639490641
 20
-3.050525538501568
 30
0
 11
-71.5870672446472
 21
-5.551070402762599
 31
0
 12
-72.41963584137234
 22
-5.549976357359448
 32
0
 13
-72.41963584137234
 23
-5.549976357359448
 33
0
  0
SOLID
  5
150
100
AcDbEntity
  8
TopMeasurement
  6
ByBlock
 62
    0
370
   -2
100
AcDbTrace
 10
-72.0250663935592
 20
-22.07552553989807
 30
0
 11
-72.43806554381841
 21
-19.57498067563704
 31
0
 12
-71.60549694709327
 22
-19.57607472104019
 32
0
 13
-71.60549694709327
 23
-19.57607472104019
 33
0
  0
ENDBLK
  5
8A
330
88
100
AcDbEntity
  8
0
100
AcDbBlockEnd
  0
BLOCK
  5
8C
330
8B
100
AcDbEntity
  8
0
100
AcDbBlockBegin
  2
*D4
 70
    1
 10
0
 20
0
  3
*D4
  1

  0
LINE
  5
151
100
AcDbEntity
  8
TopMeasurement
  6
ByBlock
 62
    0
370
   -2
100
AcDbLine
 10
-124.375
 20
230
 11
-118.75
 21
230
  0
LINE
  5
152
100
AcDbEntity
  8
TopMeasurement
  6
ByBlock
 62
    0
370
   -2
100
AcDbLine
 10
-124.375
 20
210
 11
-118.75
 21
210
  0
LINE
  5
153
100
AcDbEntity
  8
TopMeasurement
  6
ByBlock
 62
    0
370
   -2
100
AcDbLine
 10
-120
 20
230
 11
-120
 21
210
  0
MTEXT
  5
154
100
AcDbEntity
  8
TopMeasurement
  6
CONTINUOUS
 62
    0
370
   -2
100
AcDbMText
 10
-121.875
 20
220
 30
0
 40
2.5
 41
3.055555555555556
 71
    5
 72
    1
  1
20
  7
STANDARD
210
0
220
0
230
1
 50
90
 73
    2
 44
1
  0
SOLID
  5
155
100
AcDbEntity
  8
TopMeasurement
  6
ByBlock
 62
    0
370
   -2
100
AcDbTrace
 10
-120
 20
230
 30
0
 11
-119.5837153422272
 21
227.5
 31
0
 12
-120.4162846577728
 22
227.5
 32
0
 13
-120.4162846577728
 23
227.5
 33
0
  0
SOLID
  5
156
100
AcDbEntity
  8
TopMeasurement
  6
ByBlock
 62
    0
370
   -2
100
AcDbTrace
 10
-120
 20
210
 30
0
 11
-120.4162846577728
 21
212.5
 31
0
 12
-119.5837153422272
 22
212.5
 32
0
 13
-119.5837153422272
 23
212.5
 33
0
  0
ENDBLK
  5
8D
330
8B
100
AcDbEntity
  8
0
100
AcDbBlockEnd
  0
BLOCK
  5
8F
330
8E
100
AcDbEntity
  8
0
100
AcDbBlockBegin
  2
*D15
 70
    1
 10
0
 20
0
  3
*D15
  1

  0
LINE
  5
157
100
AcDbEntity
  8
Grids_Cut
  6
ByBlock
 62
    0
370
   -2
100
AcDbLine
 10
380.9248965061944
 20
89.40000000842527
 11
380.9234682650348
 21
80.77485120393337
  0
LINE
  5
158
100
AcDbEntity
  8
Grids_Cut
  6
ByBlock
 62
    0
370
   -2
100
AcDbLine
 10
531.8998965072811
 20
89.37500000970567
 11
531.8984682661217
 21
80.74985120521377
  0
LINE
  5
159
100
AcDbEntity
  8
Grids_Cut
  6
ByBlock
 62
    0
370
   -2
100
AcDbLine
 10
380.9236752529333
 20
82.02485118679577
 11
531.8986752540201
 21
81.99985118807618
  0
MTEXT
  5
15A
100
AcDbEntity
  8
Grids_Cut
  6
CONTINUOUS
 62
    0
370
   -2
100
AcDbMText
 10
456.4114857353244
 20
83.88735116172957
 30
0
 40
2.5
 41
9.305555555555712
 71
    5
 72
    1
  1
150,98
  7
STANDARD
210
0
220
0
230
1
 50
359.9905123735628
 73
    2
 44
1
  0
SOLID
  5
15B
100
AcDbEntity
  8
Grids_Cut
  6
ByBlock
 62
    0
370
   -2
100
AcDbTrace
 10
380.9236752529333
 20
82.02485118679577
 30
0
 11
383.4237441513673
 21
82.44072186306438
 31
0
 12
383.4236062859489
 22
81.6081525589333
 32
0
 13
383.4236062859489
 23
81.6081525589333
 33
0
  0
SOLID
  5
15C
100
AcDbEntity
  8
Grids_Cut
  6
ByBlock
 62
    0
370
   -2
100
AcDbTrace
 10
531.8986752540201
 20
81.99985118807618
 30
0
 11
529.3986063555861
 21
81.58398051180757
 31
0
 12
529.3987442210044
 22
82.41654981593865
 32
0
 13
529.3987442210044
 23
82.41654981593865
 33
0
  0
ENDBLK
  5
90
330
8E
100
AcDbEntity
  8
0
100
AcDbBlockEnd
  0
BLOCK
  5
92
330
91
100
AcDbEntity
  8
0
100
AcDbBlockBegin
  2
*D38
 70
    1
 10
0
 20
0
  3
*D38
  1

  0
LINE
  5
15D
100
AcDbEntity
  8
TopMeasurement
  6
ByBlock
 62
    0
370
   -2
100
AcDbLine
 10
75.2
 20
1.625
 11
75.2
 21
3.449999999999989
  0
LINE
  5
15E
100
AcDbEntity
  8
TopMeasurement
  6
ByBlock
 62
    0
370
   -2
100
AcDbLine
 10
113.3
 20
1.625
 11
113.3
 21
3.449999999999989
  0
LINE
  5
15F
100
AcDbEntity
  8
TopMeasurement
  6
ByBlock
 62
    0
370
   -2
100
AcDbLine
 10
75.2
 20
2.199999999999989
 11
113.3
 21
2.199999999999989
  0
MTEXT
  5
160
100
AcDbEntity
  8
TopMeasurement
  6
CONTINUOUS
 62
    0
370
   -2
100
AcDbMText
 10
94.25
 20
4.074999999999989
 30
0
 40
2.5
 41
5.416666666666822
 71
    5
 72
    1
  1
38,1
  7
STANDARD
210
0
220
0
230
1
 50
0
 73
    2
 44
1
  0
SOLID
  5
161
100
AcDbEntity
  8
TopMeasurement
  6
ByBlock
 62
    0
370
   -2
100
AcDbTrace
 10
75.2
 20
2.199999999999989
 30
0
 11
77.7
 21
2.616284657772829
 31
0
 12
77.7
 22
1.783715342227148
 32
0
 13
77.7
 23
1.783715342227148
 33
0
  0
SOLID
  5
162
100
AcDbEntity
  8
TopMeasurement
  6
ByBlock
 62
    0
370
   -2
100
AcDbTrace
 10
113.3
 20
2.199999999999989
 30
0
 11
110.8
 21
1.783715342227149
 31
0
 12
110.8
 22
2.616284657772829
 32
0
 13
110.8
 23
2.616284657772829
 33
0
  0
ENDBLK
  5
93
330
91
100
AcDbEntity
  8
0
100
AcDbBlockEnd
  0
BLOCK
  5
95
330
94
100
AcDbEntity
  8
0
100
AcDbBlockBegin
  2
*D11
 70
    1
 10
0
 20
0
  3
*D11
  1

  0
LINE
  5
163
100
AcDbEntity
  8
TopMeasurement
  6
ByBlock
 62
    0
370
   -2
100
AcDbLine
 10
-33
 20
-156.375
 11
-33
 21
-151.75
  0
LINE
  5
164
100
AcDbEntity
  8
TopMeasurement
  6
ByBlock
 62
    0
370
   -2
100
AcDbLine
 10
-39
 20
-156.375
 11
-39
 21
-151.75
  0
LINE
  5
165
100
AcDbEntity
  8
TopMeasurement
  6
ByBlock
 62
    0
370
   -2
100
AcDbLine
 10
-28
 20
-153
 11
-44
 21
-153
  0
MTEXT
  5
166
100
AcDbEntity
  8
TopMeasurement
  6
CONTINUOUS
 62
    0
370
   -2
100
AcDbMText
 10
-36
 20
-151.125
 30
0
 40
2.5
 41
1.111111111111266
 71
    5
 72
    1
  1
6
  7
STANDARD
210
0
220
0
230
1
 50
0
 73
    2
 44
1
  0
SOLID
  5
167
100
AcDbEntity
  8
TopMeasurement
  6
ByBlock
 62
    0
370
   -2
100
AcDbTrace
 10
-33
 20
-153
 30
0
 11
-30.5
 21
-152.5837153422272
 31
0
 12
-30.5
 22
-153.4162846577728
 32
0
 13
-30.5
 23
-153.4162846577728
 33
0
  0
SOLID
  5
168
100
AcDbEntity
  8
TopMeasurement
  6
ByBlock
 62
    0
370
   -2
100
AcDbTrace
 10
-39
 20
-153
 30
0
 11
-41.5
 21
-153.4162846577728
 31
0
 12
-41.5
 22
-152.5837153422272
 32
0
 13
-41.5
 23
-152.5837153422272
 33
0
  0
ENDBLK
  5
96
330
94
100
AcDbEntity
  8
0
100
AcDbBlockEnd
  0
BLOCK
  5
98
330
97
100
AcDbEntity
  8
0
100
AcDbBlockBegin
  2
*D3
 70
    1
 10
0
 20
0
  3
*D3
  1

  0
LINE
  5
169
100
AcDbEntity
  8
TopMeasurement
  6
ByBlock
 62
    0
370
   -2
100
AcDbLine
 10
-124.375
 20
210
 11
-118.75
 21
210
  0
LINE
  5
16A
100
AcDbEntity
  8
TopMeasurement
  6
ByBlock
 62
    0
370
   -2
100
AcDbLine
 10
-124.375
 20
195
 11
-118.75
 21
195
  0
LINE
  5
16B
100
AcDbEntity
  8
TopMeasurement
  6
ByBlock
 62
    0
370
   -2
100
AcDbLine
 10
-120
 20
210
 11
-120
 21
195
  0
MTEXT
  5
16C
100
AcDbEntity
  8
TopMeasurement
  6
CONTINUOUS
 62
    0
370
   -2
100
AcDbMText
 10
-121.875
 20
202.5
 30
0
 40
2.5
 41
2.500000000000155
 71
    5
 72
    1
  1
15
  7
STANDARD
210
0
220
0
230
1
 50
90
 73
    2
 44
1
  0
SOLID
  5
16D
100
AcDbEntity
  8
TopMeasurement
  6
ByBlock
 62
    0
370
   -2
100
AcDbTrace
 10
-120
 20
210
 30
0
 11
-119.5837153422272
 21
207.5
 31
0
 12
-120.4162846577728
 22
207.5
 32
0
 13
-120.4162846577728
 23
207.5
 33
0
  0
SOLID
  5
16E
100
AcDbEntity
  8
TopMeasurement
  6
ByBlock
 62
    0
370
   -2
100
AcDbTrace
 10
-120
 20
195
 30
0
 11
-120.4162846577728
 21
197.5
 31
0
 12
-119.5837153422272
 22
197.5
 32
0
 13
-119.5837153422272
 23
197.5
 33
0
  0
ENDBLK
  5
99
330
97
100
AcDbEntity
  8
0
100
AcDbBlockEnd
  0
BLOCK
  5
9B
330
9A
100
AcDbEntity
  8
0
100
AcDbBlockBegin
  2
*D16
 70
    1
 10
0
 20
0
  3
*D16
  1

  0
LINE
  5
16F
100
AcDbEntity
  8
TopMeasurement
  6
ByBlock
 62
    0
370
   -2
100
AcDbLine
 10
-71.77500053961006
 20
15.9991787098572
 11
-70.75000177115641
 21
15.99783179958666
  0
LINE
  5
170
100
AcDbEntity
  8
TopMeasurement
  6
ByBlock
 62
    0
370
   -2
100
AcDbLine
 10
-71.80000053832777
 20
-3.025821290022724
 11
-70.77500176987411
 21
-3.027168200293268
  0
LINE
  5
171
100
AcDbEntity
  8
TopMeasurement
  6
ByBlock
 62
    0
370
   -2
100
AcDbLine
 10
-72.00000069193612
 20
15.99947437364273
 11
-72.02500069065383
 21
-3.025525626237196
  0
MTEXT
  5
172
100
AcDbEntity
  8
TopMeasurement
  6
CONTINUOUS
 62
    0
370
   -2
100
AcDbMText
 10
-70.1375023101254
 20
6.484510512618755
 30
0
 40
2.5
 41
7.361111111111267
 71
    5
 72
    1
  1
19,03
  7
STANDARD
210
0
220
0
230
1
 50
89.92470992957148
 73
    2
 44
1
  0
SOLID
  5
173
100
AcDbEntity
  8
TopMeasurement
  6
ByBlock
 62
    0
370
   -2
100
AcDbTrace
 10
-72.00000069193612
 20
15.99947437364273
 30
0
 11
-71.58700154168571
 21
13.49892950938025
 31
0
 12
-72.41957013841083
 22
13.50002355478633
 32
0
 13
-72.41957013841083
 23
13.50002355478633
 33
0
  0
SOLID
  5
174
100
AcDbEntity
  8
TopMeasurement
  6
ByBlock
 62
    0
370
   -2
100
AcDbTrace
 10
-72.02500069065383
 20
-3.025525626237196
 30
0
 11
-72.43799984090424
 21
-0.5249807619747116
 31
0
 12
-71.60543124417912
 22
-0.5260748073807915
 32
0
 13
-71.60543124417912
 23
-0.5260748073807915
 33
0
  0
ENDBLK
  5
9C
330
9A
100
AcDbEntity
  8
0
100
AcDbBlockEnd
  0
BLOCK
  5
9E
330
9D
100
AcDbEntity
  8
0
100
AcDbBlockBegin
  2
*D26
 70
    1
 10
0
 20
0
  3
*D26
  1

  0
LINE
  5
175
100
AcDbEntity
  8
TopMeasurement
  6
ByBlock
 62
    0
370
   -2
100
AcDbLine
 10
175.625
 20
70
 11
191.25
 21
70
  0
LINE
  5
176
100
AcDbEntity
  8
TopMeasurement
  6
ByBlock
 62
    0
370
   -2
100
AcDbLine
 10
175.625
 20
-250
 11
191.25
 21
-250
  0
LINE
  5
177
100
AcDbEntity
  8
TopMeasurement
  6
ByBlock
 62
    0
370
   -2
100
AcDbLine
 10
190
 20
70
 11
190
 21
-250
  0
MTEXT
  5
178
100
AcDbEntity
  8
TopMeasurement
  6
CONTINUOUS
 62
    0
370
   -2
100
AcDbMText
 10
188.125
 20
-90
 30
0
 40
2.5
 41
5.000000000000155
 71
    5
 72
    1
  1
320
  7
STANDARD
210
0
220
0
230
1
 50
90
 73
    2
 44
1
  0
SOLID
  5
179
100
AcDbEntity
  8
TopMeasurement
  6
ByBlock
 62
    0
370
   -2
100
AcDbTrace
 10
190
 20
70
 30
0
 11
190.4162846577728
 21
67.5
 31
0
 12
189.5837153422272
 22
67.5
 32
0
 13
189.5837153422272
 23
67.5
 33
0
  0
SOLID
  5
17A
100
AcDbEntity
  8
TopMeasurement
  6
ByBlock
 62
    0
370
   -2
100
AcDbTrace
 10
190
 20
-250
 30
0
 11
189.5837153422272
 21
-247.5
 31
0
 12
190.4162846577728
 22
-247.5
 32
0
 13
190.4162846577728
 23
-247.5
 33
0
  0
ENDBLK
  5
9F
330
9D
100
AcDbEntity
  8
0
100
AcDbBlockEnd
  0
BLOCK
  5
A1
330
A0
100
AcDbEntity
  8
0
100
AcDbBlockBegin
  2
*D13
 70
    1
 10
0
 20
0
  3
*D13
  1

  0
LINE
  5
17B
100
AcDbEntity
  8
TopMeasurement
  6
ByBlock
 62
    0
370
   -2
100
AcDbLine
 10
-97
 20
-155.875
 11
-97
 21
-152.75
  0
LINE
  5
17C
100
AcDbEntity
  8
TopMeasurement
  6
ByBlock
 62
    0
370
   -2
100
AcDbLine
 10
-39
 20
-155.875
 11
-39
 21
-152.75
  0
LINE
  5
17D
100
AcDbEntity
  8
TopMeasurement
  6
ByBlock
 62
    0
370
   -2
100
AcDbLine
 10
-97
 20
-154
 11
-39
 21
-154
  0
MTEXT
  5
17E
100
AcDbEntity
  8
TopMeasurement
  6
CONTINUOUS
 62
    0
370
   -2
100
AcDbMText
 10
-68
 20
-152.125
 30
0
 40
2.5
 41
3.055555555555711
 71
    5
 72
    1
  1
58
  7
STANDARD
210
0
220
0
230
1
 50
0
 73
    2
 44
1
  0
SOLID
  5
17F
100
AcDbEntity
  8
TopMeasurement
  6
ByBlock
 62
    0
370
   -2
100
AcDbTrace
 10
-97
 20
-154
 30
0
 11
-94.5
 21
-153.5837153422272
 31
0
 12
-94.5
 22
-154.4162846577728
 32
0
 13
-94.5
 23
-154.4162846577728
 33
0
  0
SOLID
  5
180
100
AcDbEntity
  8
TopMeasurement
  6
ByBlock
 62
    0
370
   -2
100
AcDbTrace
 10
-39
 20
-154
 30
0
 11
-41.5
 21
-154.4162846577728
 31
0
 12
-41.5
 22
-153.5837153422272
 32
0
 13
-41.5
 23
-153.5837153422272
 33
0
  0
ENDBLK
  5
A2
330
A0
100
AcDbEntity
  8
0
100
AcDbBlockEnd
  0
BLOCK
  5
A4
330
A3
100
AcDbEntity
  8
0
100
AcDbBlockBegin
  2
*D34
 70
    1
 10
0
 20
0
  3
*D34
  1

  0
LINE
  5
181
100
AcDbEntity
  8
TopMeasurement
  6
ByBlock
 62
    0
370
   -2
100
AcDbLine
 10
-2.19999999999999
 20
-8.275000000000006
 11
-2.19999999999999
 21
-6.75
  0
LINE
  5
182
100
AcDbEntity
  8
TopMeasurement
  6
ByBlock
 62
    0
370
   -2
100
AcDbLine
 10
0.2000000000000165
 20
-8.275000000000006
 11
0.2000000000000166
 21
-6.75
  0
LINE
  5
183
100
AcDbEntity
  8
TopMeasurement
  6
ByBlock
 62
    0
370
   -2
100
AcDbLine
 10
-7.19999999999999
 20
-7.999999999999999
 11
5.200000000000016
 21
-8
  0
MTEXT
  5
184
100
AcDbEntity
  8
TopMeasurement
  6
CONTINUOUS
 62
    0
370
   -2
100
AcDbMText
 10
2.977777777777795
 20
-6.125
 30
0
 40
2.5
 41
4.305555555555555
 71
    5
 72
    1
  1
2,4
  7
STANDARD
210
0
220
0
230
1
 50
0
 73
    2
 44
1
  0
SOLID
  5
185
100
AcDbEntity
  8
TopMeasurement
  6
ByBlock
 62
    0
370
   -2
100
AcDbTrace
 10
-2.19999999999999
 20
-8
 30
0
 11
-4.69999999999999
 21
-8.41628465777284
 31
0
 12
-4.69999999999999
 22
-7.583715342227159
 32
0
 13
-4.69999999999999
 23
-7.583715342227159
 33
0
  0
SOLID
  5
186
100
AcDbEntity
  8
TopMeasurement
  6
ByBlock
 62
    0
370
   -2
100
AcDbTrace
 10
0.2000000000000166
 20
-8
 30
0
 11
2.700000000000017
 21
-7.58371534222716
 31
0
 12
2.700000000000017
 22
-8.416284657772842
 32
0
 13
2.700000000000017
 23
-8.416284657772842
 33
0
  0
ENDBLK
  5
A5
330
A3
100
AcDbEntity
  8
0
100
AcDbBlockEnd
  0
BLOCK
  5
A7
330
A6
100
AcDbEntity
  8
0
100
AcDbBlockBegin
  2
*D19
 70
    1
 10
0
 20
0
  3
*D19
  1

  0
LINE
  5
187
100
AcDbEntity
  8
TopMeasurement
  6
ByBlock
 62
    0
370
   -2
100
AcDbLine
 10
-52.72500062864641
 20
-3.000886526982561
 11
-50.74943659989881
 21
-3.003688745347431
  0
LINE
  5
188
100
AcDbEntity
  8
TopMeasurement
  6
ByBlock
 62
    0
370
   -2
100
AcDbLine
 10
-52.75000062761474
 20
-20.62588652688894
 11
-50.77443659886713
 21
-20.6286887452538
  0
LINE
  5
189
100
AcDbEntity
  8
TopMeasurement
  6
ByBlock
 62
    0
370
   -2
100
AcDbLine
 10
-51.99943534241879
 20
-3.001915697558859
 11
-52.02443534138712
 21
-20.62691569746523
  0
MTEXT
  5
18A
100
AcDbEntity
  8
TopMeasurement
  6
CONTINUOUS
 62
    0
370
   -2
100
AcDbMText
 10
-50.13693722812292
 20
-11.81707526919499
 30
0
 40
2.5
 41
7.361111111111422
 71
    5
 72
    1
  1
17,63
  7
STANDARD
210
0
220
0
230
1
 50
89.91872944861957
 73
    2
 44
1
  0
SOLID
  5
18B
100
AcDbEntity
  8
TopMeasurement
  6
ByBlock
 62
    0
370
   -2
100
AcDbTrace
 10
-51.99943534241879
 20
-3.001915697558859
 30
0
 11
-51.58669719899881
 21
-5.50250365667233
 31
0
 12
-52.41926567699306
 22
-5.50132270852532
 32
0
 13
-52.41926567699306
 23
-5.50132270852532
 33
0
  0
SOLID
  5
18C
100
AcDbEntity
  8
TopMeasurement
  6
ByBlock
 62
    0
370
   -2
100
AcDbTrace
 10
-52.02443534138712
 20
-20.62691569746523
 30
0
 11
-52.4371734848071
 21
-18.12632773835176
 31
0
 12
-51.60460500681285
 22
-18.12750868649877
 32
0
 13
-51.60460500681285
 23
-18.12750868649877
 33
0
  0
ENDBLK
  5
A8
330
A6
100
AcDbEntity
  8
0
100
AcDbBlockEnd
  0
BLOCK
  5
AA
330
A9
100
AcDbEntity
  8
0
100
AcDbBlockBegin
  2
*D27
 70
    1
 10
0
 20
0
  3
*D27
  1

  0
LINE
  5
18D
100
AcDbEntity
  8
TopMeasurement
  6
ByBlock
 62
    0
370
   -2
100
AcDbLine
 10
-130
 20
230.625
 11
-130
 21
271.25
  0
LINE
  5
18E
100
AcDbEntity
  8
TopMeasurement
  6
ByBlock
 62
    0
370
   -2
100
AcDbLine
 10
160
 20
230.625
 11
160
 21
271.25
  0
LINE
  5
18F
100
AcDbEntity
  8
TopMeasurement
  6
ByBlock
 62
    0
370
   -2
100
AcDbLine
 10
-130
 20
270
 11
160
 21
270
  0
MTEXT
  5
190
100
AcDbEntity
  8
TopMeasurement
  6
CONTINUOUS
 62
    0
370
   -2
100
AcDbMText
 10
15
 20
271.875
 30
0
 40
2.5
 41
5
 71
    5
 72
    1
  1
290
  7
STANDARD
210
0
220
0
230
1
 50
0
 73
    2
 44
1
  0
SOLID
  5
191
100
AcDbEntity
  8
TopMeasurement
  6
ByBlock
 62
    0
370
   -2
100
AcDbTrace
 10
-130
 20
270
 30
0
 11
-127.5
 21
270.4162846577728
 31
0
 12
-127.5
 22
269.5837153422272
 32
0
 13
-127.5
 23
269.5837153422272
 33
0
  0
SOLID
  5
192
100
AcDbEntity
  8
TopMeasurement
  6
ByBlock
 62
    0
370
   -2
100
AcDbTrace
 10
160
 20
270
 30
0
 11
157.5
 21
269.5837153422272
 31
0
 12
157.5
 22
270.4162846577728
 32
0
 13
157.5
 23
270.4162846577728
 33
0
  0
ENDBLK
  5
AB
330
A9
100
AcDbEntity
  8
0
100
AcDbBlockEnd
  0
BLOCK
  5
AD
330
AC
100
AcDbEntity
  8
0
100
AcDbBlockBegin
  2
*D1
 70
    1
 10
0
 20
0
  3
*D1
  1

  0
LINE
  5
193
100
AcDbEntity
  8
TopMeasurement
  6
ByBlock
 62
    0
370
   -2
100
AcDbLine
 10
-120.625
 20
245
 11
-141.25
 21
245
  0
LINE
  5
194
100
AcDbEntity
  8
TopMeasurement
  6
ByBlock
 62
    0
370
   -2
100
AcDbLine
 10
-120.625
 20
195
 11
-141.25
 21
195
  0
LINE
  5
195
100
AcDbEntity
  8
TopMeasurement
  6
ByBlock
 62
    0
370
   -2
100
AcDbLine
 10
-140
 20
245
 11
-140
 21
195
  0
MTEXT
  5
196
100
AcDbEntity
  8
TopMeasurement
  6
CONTINUOUS
 62
    0
370
   -2
100
AcDbMText
 10
-141.875
 20
220
 30
0
 40
2.5
 41
3.055555555555711
 71
    5
 72
    1
  1
50
  7
STANDARD
210
0
220
0
230
1
 50
90
 73
    2
 44
1
  0
SOLID
  5
197
100
AcDbEntity
  8
TopMeasurement
  6
ByBlock
 62
    0
370
   -2
100
AcDbTrace
 10
-140
 20
245
 30
0
 11
-139.5837153422272
 21
242.5
 31
0
 12
-140.4162846577728
 22
242.5
 32
0
 13
-140.4162846577728
 23
242.5
 33
0
  0
SOLID
  5
198
100
AcDbEntity
  8
TopMeasurement
  6
ByBlock
 62
    0
370
   -2
100
AcDbTrace
 10
-140
 20
195
 30
0
 11
-140.4162846577728
 21
197.5
 31
0
 12
-139.5837153422272
 22
197.5
 32
0
 13
-139.5837153422272
 23
197.5
 33
0
  0
ENDBLK
  5
AE
330
AC
100
AcDbEntity
  8
0
100
AcDbBlockEnd
  0
BLOCK
  5
B0
330
AF
100
AcDbEntity
  8
0
100
AcDbBlockBegin
  2
*D30
 70
    1
 10
0
 20
0
  3
*D30
  1

  0
LINE
  5
199
100
AcDbEntity
  8
TopMeasurement
  6
ByBlock
 62
    0
370
   -2
100
AcDbLine
 10
300
 20
55.625
 11
300
 21
61.25
  0
LINE
  5
19A
100
AcDbEntity
  8
TopMeasurement
  6
ByBlock
 62
    0
370
   -2
100
AcDbLine
 10
350
 20
55.625
 11
350
 21
61.25
  0
LINE
  5
19B
100
AcDbEntity
  8
TopMeasurement
  6
ByBlock
 62
    0
370
   -2
100
AcDbLine
 10
300
 20
60
 11
350
 21
60
  0
MTEXT
  5
19C
100
AcDbEntity
  8
TopMeasurement
  6
CONTINUOUS
 62
    0
370
   -2
100
AcDbMText
 10
325
 20
61.875
 30
0
 40
2.5
 41
3.055555555555711
 71
    5
 72
    1
  1
50
  7
STANDARD
210
0
220
0
230
1
 50
0
 73
    2
 44
1
  0
SOLID
  5
19D
100
AcDbEntity
  8
TopMeasurement
  6
ByBlock
 62
    0
370
   -2
100
AcDbTrace
 10
300
 20
60
 30
0
 11
302.5
 21
60.41628465777284
 31
0
 12
302.5
 22
59.58371534222716
 32
0
 13
302.5
 23
59.58371534222716
 33
0
  0
SOLID
  5
19E
100
AcDbEntity
  8
TopMeasurement
  6
ByBlock
 62
    0
370
   -2
100
AcDbTrace
 10
350
 20
60
 30
0
 11
347.5
 21
59.58371534222716
 31
0
 12
347.5
 22
60.41628465777284
 32
0
 13
347.5
 23
60.41628465777284
 33
0
  0
ENDBLK
  5
B1
330
AF
100
AcDbEntity
  8
0
100
AcDbBlockEnd
  0
BLOCK
  5
B3
330
B2
100
AcDbEntity
  8
0
100
AcDbBlockBegin
  2
*D33
 70
    1
 10
0
 20
0
  3
*D33
  1

  0
LINE
  5
19F
100
AcDbEntity
  8
TopMeasurement
  6
ByBlock
 62
    0
370
   -2
100
AcDbLine
 10
-17.32499999999999
 20
2.199999999999989
 11
-20.25
 21
2.19999999999999
  0
LINE
  5
1A0
100
AcDbEntity
  8
TopMeasurement
  6
ByBlock
 62
    0
370
   -2
100
AcDbLine
 10
-17.32499999999999
 20
-0.2000000000000132
 11
-20.25
 21
-0.2000000000000129
  0
LINE
  5
1A1
100
AcDbEntity
  8
TopMeasurement
  6
ByBlock
 62
    0
370
   -2
100
AcDbLine
 10
-19
 20
7.19999999999999
 11
-19
 21
-5.200000000000013
  0
MTEXT
  5
1A2
100
AcDbEntity
  8
TopMeasurement
  6
CONTINUOUS
 62
    0
370
   -2
100
AcDbMText
 10
-20.875
 20
4.977777777777767
 30
0
 40
2.5
 41
4.305555555555555
 71
    5
 72
    1
  1
2,4
  7
STANDARD
210
0
220
0
230
1
 50
90
 73
    2
 44
1
  0
SOLID
  5
1A3
100
AcDbEntity
  8
TopMeasurement
  6
ByBlock
 62
    0
370
   -2
100
AcDbTrace
 10
-19
 20
2.19999999999999
 30
0
 11
-19.41628465777284
 21
4.69999999999999
 31
0
 12
-18.58371534222716
 22
4.69999999999999
 32
0
 13
-18.58371534222716
 23
4.69999999999999
 33
0
  0
SOLID
  5
1A4
100
AcDbEntity
  8
TopMeasurement
  6
ByBlock
 62
    0
370
   -2
100
AcDbTrace
 10
-19
 20
-0.200000000000013
 30
0
 11
-18.58371534222716
 21
-2.700000000000013
 31
0
 12
-19.41628465777284
 22
-2.700000000000013
 32
0
 13
-19.41628465777284
 23
-2.700000000000013
 33
0
  0
ENDBLK
  5
B4
330
B2
100
AcDbEntity
  8
0
100
AcDbBlockEnd
  0
BLOCK
  5
B6
330
B5
100
AcDbEntity
  8
0
100
AcDbBlockBegin
  2
*D32
 70
    1
 10
0
 20
0
  3
*D32
  1

  0
LINE
  5
1A5
100
AcDbEntity
  8
TopMeasurement
  6
ByBlock
 62
    0
370
   -2
100
AcDbLine
 10
-16.69999999999999
 20
2.824999999999989
 11
-16.69999999999999
 21
4.249999999999998
  0
LINE
  5
1A6
100
AcDbEntity
  8
TopMeasurement
  6
ByBlock
 62
    0
370
   -2
100
AcDbLine
 10
-10.90000000000001
 20
2.824999999999991
 11
-10.90000000000001
 21
4.25
  0
LINE
  5
1A7
100
AcDbEntity
  8
TopMeasurement
  6
ByBlock
 62
    0
370
   -2
100
AcDbLine
 10
-21.69999999999999
 20
2.999999999999999
 11
-5.900000000000009
 21
3
  0
MTEXT
  5
1A8
100
AcDbEntity
  8
TopMeasurement
  6
CONTINUOUS
 62
    0
370
   -2
100
AcDbMText
 10
-13.8
 20
4.874999999999999
 30
0
 40
2.5
 41
4.027777777777933
 71
    5
 72
    1
  1
5,8
  7
STANDARD
210
0
220
0
230
1
 50
2.544443745170813e-14
 73
    2
 44
1
  0
SOLID
  5
1A9
100
AcDbEntity
  8
TopMeasurement
  6
ByBlock
 62
    0
370
   -2
100
AcDbTrace
 10
-16.69999999999999
 20
2.999999999999998
 30
0
 11
-19.19999999999999
 21
2.583715342227157
 31
0
 12
-19.19999999999999
 22
3.416284657772838
 32
0
 13
-19.19999999999999
 23
3.416284657772838
 33
0
  0
SOLID
  5
1AA
100
AcDbEntity
  8
TopMeasurement
  6
ByBlock
 62
    0
370
   -2
100
AcDbTrace
 10
-10.90000000000001
 20
3
 30
0
 11
-8.400000000000009
 21
3.41628465777284
 31
0
 12
-8.400000000000009
 22
2.583715342227159
 32
0
 13
-8.400000000000009
 23
2.583715342227159
 33
0
  0
ENDBLK
  5
B7
330
B5
100
AcDbEntity
  8
0
100
AcDbBlockEnd
  0
BLOCK
  5
B9
330
B8
100
AcDbEntity
  8
0
100
AcDbBlockBegin
  2
*D2
 70
    1
 10
0
 20
0
  3
*D2
  1

  0
LINE
  5
1AB
100
AcDbEntity
  8
TopMeasurement
  6
ByBlock
 62
    0
370
   -2
100
AcDbLine
 10
-124.375
 20
245
 11
-118.75
 21
245
  0
LINE
  5
1AC
100
AcDbEntity
  8
TopMeasurement
  6
ByBlock
 62
    0
370
   -2
100
AcDbLine
 10
-124.375
 20
230
 11
-118.75
 21
230
  0
LINE
  5
1AD
100
AcDbEntity
  8
TopMeasurement
  6
ByBlock
 62
    0
370
   -2
100
AcDbLine
 10
-120
 20
245
 11
-120
 21
230
  0
MTEXT
  5
1AE
100
AcDbEntity
  8
TopMeasurement
  6
CONTINUOUS
 62
    0
370
   -2
100
AcDbMText
 10
-121.875
 20
237.5
 30
0
 40
2.5
 41
2.500000000000155
 71
    5
 72
    1
  1
15
  7
STANDARD
210
0
220
0
230
1
 50
90
 73
    2
 44
1
  0
SOLID
  5
1AF
100
AcDbEntity
  8
TopMeasurement
  6
ByBlock
 62
    0
370
   -2
100
AcDbTrace
 10
-120
 20
245
 30
0
 11
-119.5837153422272
 21
242.5
 31
0
 12
-120.4162846577728
 22
242.5
 32
0
 13
-120.4162846577728
 23
242.5
 33
0
  0
SOLID
  5
1B0
100
AcDbEntity
  8
TopMeasurement
  6
ByBlock
 62
    0
370
   -2
100
AcDbTrace
 10
-120
 20
230
 30
0
 11
-120.4162846577728
 21
232.5
 31
0
 12
-119.5837153422272
 22
232.5
 32
0
 13
-119.5837153422272
 23
232.5
 33
0
  0
ENDBLK
  5
BA
330
B8
100
AcDbEntity
  8
0
100
AcDbBlockEnd
  0
BLOCK
  5
BC
330
BB
100
AcDbEntity
  8
0
100
AcDbBlockBegin
  2
*D28
 70
    1
 10
0
 20
0
  3
*D28
  1

  0
LINE
  5
1B1
100
AcDbEntity
  8
TopMeasurement
  6
ByBlock
 62
    0
370
   -2
100
AcDbLine
 10
-130
 20
55.625
 11
-130
 21
61.25
  0
LINE
  5
1B2
100
AcDbEntity
  8
TopMeasurement
  6
ByBlock
 62
    0
370
   -2
100
AcDbLine
 10
160
 20
55.625
 11
160
 21
61.25
  0
LINE
  5
1B3
100
AcDbEntity
  8
TopMeasurement
  6
ByBlock
 62
    0
370
   -2
100
AcDbLine
 10
-130
 20
60
 11
160
 21
60
  0
MTEXT
  5
1B4
100
AcDbEntity
  8
TopMeasurement
  6
CONTINUOUS
 62
    0
370
   -2
100
AcDbMText
 10
15
 20
61.875
 30
0
 40
2.5
 41
5
 71
    5
 72
    1
  1
290
  7
STANDARD
210
0
220
0
230
1
 50
0
 73
    2
 44
1
  0
SOLID
  5
1B5
100
AcDbEntity
  8
TopMeasurement
  6
ByBlock
 62
    0
370
   -2
100
AcDbTrace
 10
-130
 20
60
 30
0
 11
-127.5
 21
60.41628465777284
 31
0
 12
-127.5
 22
59.58371534222716
 32
0
 13
-127.5
 23
59.58371534222716
 33
0
  0
SOLID
  5
1B6
100
AcDbEntity
  8
TopMeasurement
  6
ByBlock
 62
    0
370
   -2
100
AcDbTrace
 10
160
 20
60
 30
0
 11
157.5
 21
59.58371534222716
 31
0
 12
157.5
 22
60.41628465777284
 32
0
 13
157.5
 23
60.41628465777284
 33
0
  0
ENDBLK
  5
BD
330
BB
100
AcDbEntity
  8
0
100
AcDbBlockEnd
  0
BLOCK
  5
BF
330
BE
100
AcDbEntity
  8
0
100
AcDbBlockBegin
  2
*D37
 70
    1
 10
0
 20
0
  3
*D37
  1

  0
LINE
  5
1B7
100
AcDbEntity
  8
TopMeasurement
  6
ByBlock
 62
    0
370
   -2
100
AcDbLine
 10
37.72500000000002
 20
0.9999999999999858
 11
38.35000000000002
 21
0.9999999999999858
  0
LINE
  5
1B8
100
AcDbEntity
  8
TopMeasurement
  6
ByBlock
 62
    0
370
   -2
100
AcDbLine
 10
75.825
 20
1
 11
76.45
 21
1
  0
LINE
  5
1B9
100
AcDbEntity
  8
TopMeasurement
  6
ByBlock
 62
    0
370
   -2
100
AcDbLine
 10
37.10000000000002
 20
0.9999999999999858
 11
75.2
 21
1
  0
MTEXT
  5
1BA
100
AcDbEntity
  8
TopMeasurement
  6
CONTINUOUS
 62
    0
370
   -2
100
AcDbMText
 10
56.15000000000001
 20
2.874999999999993
 30
0
 40
2.5
 41
5.416666666666822
 71
    5
 72
    1
  1
38,1
  7
STANDARD
210
0
220
0
230
1
 50
2.544443745170813e-14
 73
    2
 44
1
  0
SOLID
  5
1BB
100
AcDbEntity
  8
TopMeasurement
  6
ByBlock
 62
    0
370
   -2
100
AcDbTrace
 10
37.10000000000002
 20
0.9999999999999858
 30
0
 11
39.60000000000002
 21
1.416284657772826
 31
0
 12
39.60000000000002
 22
0.5837153422271451
 32
0
 13
39.60000000000002
 23
0.5837153422271451
 33
0
  0
SOLID
  5
1BC
100
AcDbEntity
  8
TopMeasurement
  6
ByBlock
 62
    0
370
   -2
100
AcDbTrace
 10
75.2
 20
1
 30
0
 11
72.7
 21
0.5837153422271584
 31
0
 12
72.7
 22
1.416284657772839
 32
0
 13
72.7
 23
1.416284657772839
 33
0
  0
ENDBLK
  5
C0
330
BE
100
AcDbEntity
  8
0
100
AcDbBlockEnd
  0
BLOCK
  5
C2
330
C1
100
AcDbEntity
  8
0
100
AcDbBlockBegin
  2
*D25
 70
    1
 10
0
 20
0
  3
*D25
  1

  0
LINE
  5
1BD
100
AcDbEntity
  8
TopMeasurement
  6
ByBlock
 62
    0
370
   -2
100
AcDbLine
 10
-145
 20
70.625
 11
-145
 21
81.25
  0
LINE
  5
1BE
100
AcDbEntity
  8
TopMeasurement
  6
ByBlock
 62
    0
370
   -2
100
AcDbLine
 10
175
 20
70.625
 11
175
 21
81.25
  0
LINE
  5
1BF
100
AcDbEntity
  8
TopMeasurement
  6
ByBlock
 62
    0
370
   -2
100
AcDbLine
 10
-145
 20
80
 11
175
 21
80
  0
MTEXT
  5
1C0
100
AcDbEntity
  8
TopMeasurement
  6
CONTINUOUS
 62
    0
370
   -2
100
AcDbMText
 10
15
 20
81.875
 30
0
 40
2.5
 41
5.000000000000155
 71
    5
 72
    1
  1
320
  7
STANDARD
210
0
220
0
230
1
 50
0
 73
    2
 44
1
  0
SOLID
  5
1C1
100
AcDbEntity
  8
TopMeasurement
  6
ByBlock
 62
    0
370
   -2
100
AcDbTrace
 10
-145
 20
80
 30
0
 11
-142.5
 21
80.41628465777283
 31
0
 12
-142.5
 22
79.58371534222717
 32
0
 13
-142.5
 23
79.58371534222717
 33
0
  0
SOLID
  5
1C2
100
AcDbEntity
  8
TopMeasurement
  6
ByBlock
 62
    0
370
   -2
100
AcDbTrace
 10
175
 20
80
 30
0
 11
172.5
 21
79.58371534222717
 31
0
 12
172.5
 22
80.41628465777283
 32
0
 13
172.5
 23
80.41628465777283
 33
0
  0
ENDBLK
  5
C3
330
C1
100
AcDbEntity
  8
0
100
AcDbBlockEnd
  0
BLOCK
  5
C5
330
C4
100
AcDbEntity
  8
0
100
AcDbBlockBegin
  2
*D12
 70
    1
 10
0
 20
0
  3
*D12
  1

  0
LINE
  5
1C3
100
AcDbEntity
  8
TopMeasurement
  6
ByBlock
 62
    0
370
   -2
100
AcDbLine
 10
-109
 20
-156.375
 11
-109
 21
-153.75
  0
LINE
  5
1C4
100
AcDbEntity
  8
TopMeasurement
  6
ByBlock
 62
    0
370
   -2
100
AcDbLine
 10
-97
 20
-156.375
 11
-97
 21
-153.75
  0
LINE
  5
1C5
100
AcDbEntity
  8
TopMeasurement
  6
ByBlock
 62
    0
370
   -2
100
AcDbLine
 10
-109
 20
-155
 11
-97
 21
-155
  0
MTEXT
  5
1C6
100
AcDbEntity
  8
TopMeasurement
  6
CONTINUOUS
 62
    0
370
   -2
100
AcDbMText
 10
-103
 20
-153.125
 30
0
 40
2.5
 41
2.5
 71
    5
 72
    1
  1
12
  7
STANDARD
210
0
220
0
230
1
 50
0
 73
    2
 44
1
  0
SOLID
  5
1C7
100
AcDbEntity
  8
TopMeasurement
  6
ByBlock
 62
    0
370
   -2
100
AcDbTrace
 10
-109
 20
-155
 30
0
 11
-106.5
 21
-154.5837153422272
 31
0
 12
-106.5
 22
-155.4162846577728
 32
0
 13
-106.5
 23
-155.4162846577728
 33
0
  0
SOLID
  5
1C8
100
AcDbEntity
  8
TopMeasurement
  6
ByBlock
 62
    0
370
   -2
100
AcDbTrace
 10
-97
 20
-155
 30
0
 11
-99.5
 21
-155.4162846577728
 31
0
 12
-99.5
 22
-154.5837153422272
 32
0
 13
-99.5
 23
-154.5837153422272
 33
0
  0
ENDBLK
  5
C6
330
C4
100
AcDbEntity
  8
0
100
AcDbBlockEnd
  0
BLOCK
  5
C8
330
C7
100
AcDbEntity
  8
0
100
AcDbBlockBegin
  2
*D14
 70
    1
 10
0
 20
0
  3
*D14
  1

  0
LINE
  5
1C9
100
AcDbEntity
  8
TopMeasurement
  6
ByBlock
 62
    0
370
   -2
100
AcDbLine
 10
-97.625
 20
-156.5
 11
-100.25
 21
-156.5
  0
LINE
  5
1CA
100
AcDbEntity
  8
TopMeasurement
  6
ByBlock
 62
    0
370
   -2
100
AcDbLine
 10
-97.625
 20
-201.5
 11
-100.25
 21
-201.5
  0
LINE
  5
1CB
100
AcDbEntity
  8
TopMeasurement
  6
ByBlock
 62
    0
370
   -2
100
AcDbLine
 10
-99
 20
-156.5
 11
-99
 21
-201.5
  0
MTEXT
  5
1CC
100
AcDbEntity
  8
TopMeasurement
  6
CONTINUOUS
 62
    0
370
   -2
100
AcDbMText
 10
-100.875
 20
-179
 30
0
 40
2.5
 41
3.333333333333488
 71
    5
 72
    1
  1
45
  7
STANDARD
210
0
220
0
230
1
 50
90
 73
    2
 44
1
  0
SOLID
  5
1CD
100
AcDbEntity
  8
TopMeasurement
  6
ByBlock
 62
    0
370
   -2
100
AcDbTrace
 10
-99
 20
-156.5
 30
0
 11
-98.58371534222717
 21
-159
 31
0
 12
-99.41628465777283
 22
-159
 32
0
 13
-99.41628465777283
 23
-159
 33
0
  0
SOLID
  5
1CE
100
AcDbEntity
  8
TopMeasurement
  6
ByBlock
 62
    0
370
   -2
100
AcDbTrace
 10
-99
 20
-201.5
 30
0
 11
-99.41628465777283
 21
-199
 31
0
 12
-98.58371534222717
 22
-199
 32
0
 13
-98.58371534222717
 23
-199
 33
0
  0
ENDBLK
  5
C9
330
C7
100
AcDbEntity
  8
0
100
AcDbBlockEnd
  0
BLOCK
  5
CB
330
CA
100
AcDbEntity
  8
0
100
AcDbBlockBegin
  2
*D22
 70
    1
 10
0
 20
0
  3
*D22
  1

  0
LINE
  5
1CF
100
AcDbEntity
  8
TopMeasurement
  6
ByBlock
 62
    0
370
   -2
100
AcDbLine
 10
-391
 20
-169.375
 11
-391
 21
-163.75
  0
LINE
  5
1D0
100
AcDbEntity
  8
TopMeasurement
  6
ByBlock
 62
    0
370
   -2
100
AcDbLine
 10
-350
 20
-169.375
 11
-350
 21
-163.75
  0
LINE
  5
1D1
100
AcDbEntity
  8
TopMeasurement
  6
ByBlock
 62
    0
370
   -2
100
AcDbLine
 10
-391
 20
-165
 11
-350
 21
-165
  0
MTEXT
  5
1D2
100
AcDbEntity
  8
TopMeasurement
  6
CONTINUOUS
 62
    0
370
   -2
100
AcDbMText
 10
-370.5
 20
-163.125
 30
0
 40
2.5
 41
2.777777777777778
 71
    5
 72
    1
  1
41
  7
STANDARD
210
0
220
0
230
1
 50
0
 73
    2
 44
1
  0
SOLID
  5
1D3
100
AcDbEntity
  8
TopMeasurement
  6
ByBlock
 62
    0
370
   -2
100
AcDbTrace
 10
-391
 20
-165
 30
0
 11
-388.5
 21
-164.5837153422272
 31
0
 12
-388.5
 22
-165.4162846577728
 32
0
 13
-388.5
 23
-165.4162846577728
 33
0
  0
SOLID
  5
1D4
100
AcDbEntity
  8
TopMeasurement
  6
ByBlock
 62
    0
370
   -2
100
AcDbTrace
 10
-350
 20
-165
 30
0
 11
-352.5
 21
-165.4162846577728
 31
0
 12
-352.5
 22
-164.5837153422272
 32
0
 13
-352.5
 23
-164.5837153422272
 33
0
  0
ENDBLK
  5
CC
330
CA
100
AcDbEntity
  8
0
100
AcDbBlockEnd
  0
BLOCK
  5
CE
330
CD
100
AcDbEntity
  8
0
100
AcDbBlockBegin
  2
*D36
 70
    1
 10
0
 20
0
  3
*D36
  1

  0
LINE
  5
1D5
100
AcDbEntity
  8
TopMeasurement
  6
ByBlock
 62
    0
370
   -2
100
AcDbLine
 10
-0.9999999999999991
 20
1.624999999999986
 11
-0.9999999999999989
 21
4.25
  0
LINE
  5
1D6
100
AcDbEntity
  8
TopMeasurement
  6
ByBlock
 62
    0
370
   -2
100
AcDbLine
 10
37.10000000000002
 20
1.624999999999986
 11
37.10000000000002
 21
4.25
  0
LINE
  5
1D7
100
AcDbEntity
  8
TopMeasurement
  6
ByBlock
 62
    0
370
   -2
100
AcDbLine
 10
-0.999999999999999
 20
3
 11
37.10000000000002
 21
3
  0
MTEXT
  5
1D8
100
AcDbEntity
  8
TopMeasurement
  6
CONTINUOUS
 62
    0
370
   -2
100
AcDbMText
 10
18.05000000000001
 20
4.875
 30
0
 40
2.5
 41
5.416666666666822
 71
    5
 72
    1
  1
38,1
  7
STANDARD
210
0
220
0
230
1
 50
0
 73
    2
 44
1
  0
SOLID
  5
1D9
100
AcDbEntity
  8
TopMeasurement
  6
ByBlock
 62
    0
370
   -2
100
AcDbTrace
 10
-0.999999999999999
 20
3
 30
0
 11
1.500000000000001
 21
3.41628465777284
 31
0
 12
1.500000000000001
 22
2.583715342227159
 32
0
 13
1.500000000000001
 23
2.583715342227159
 33
0
  0
SOLID
  5
1DA
100
AcDbEntity
  8
TopMeasurement
  6
ByBlock
 62
    0
370
   -2
100
AcDbTrace
 10
37.10000000000002
 20
3
 30
0
 11
34.60000000000002
 21
2.58371534222716
 31
0
 12
34.60000000000002
 22
3.41628465777284
 32
0
 13
34.60000000000002
 23
3.41628465777284
 33
0
  0
ENDBLK
  5
CF
330
CD
100
AcDbEntity
  8
0
100
AcDbBlockEnd
  0
BLOCK
  5
D1
330
D0
100
AcDbEntity
  8
0
100
AcDbBlockBegin
  2
*D20
 70
    1
 10
0
 20
0
  3
*D20
  1

  0
LINE
  5
1DB
100
AcDbEntity
  8
TopMeasurement
  6
ByBlock
 62
    0
370
   -2
100
AcDbLine
 10
-52.72499999999991
 20
-22.10000000169888
 11
-50.77499999995302
 21
-22.1000000016989
  0
LINE
  5
1DC
100
AcDbEntity
  8
TopMeasurement
  6
ByBlock
 62
    0
370
   -2
100
AcDbLine
 10
-52.72500000000002
 20
-39.6500000051614
 11
-50.77499999995314
 21
-39.65000000516142
  0
LINE
  5
1DD
100
AcDbEntity
  8
TopMeasurement
  6
ByBlock
 62
    0
370
   -2
100
AcDbLine
 10
-52.02499999995302
 20
-22.10000000169888
 11
-52.02499999995314
 21
-39.6500000051614
  0
MTEXT
  5
1DE
100
AcDbEntity
  8
TopMeasurement
  6
CONTINUOUS
 62
    0
370
   -2
100
AcDbMText
 10
-50.14999999995302
 20
-30.87500000343007
 30
0
 40
2.5
 41
7.361111111111422
 71
    5
 72
    1
  1
17,55
  7
STANDARD
210
0
220
0
230
1
 50
89.99999999999964
 73
    2
 44
1
  0
SOLID
  5
1DF
100
AcDbEntity
  8
TopMeasurement
  6
ByBlock
 62
    0
370
   -2
100
AcDbTrace
 10
-52.02499999995302
 20
-22.10000000169888
 30
0
 11
-51.6087153421802
 21
-24.60000000169889
 31
0
 12
-52.44128465772588
 22
-24.60000000169888
 32
0
 13
-52.44128465772588
 23
-24.60000000169888
 33
0
  0
SOLID
  5
1E0
100
AcDbEntity
  8
TopMeasurement
  6
ByBlock
 62
    0
370
   -2
100
AcDbTrace
 10
-52.02499999995314
 20
-39.6500000051614
 30
0
 11
-52.44128465772597
 21
-37.1500000051614
 31
0
 12
-51.60871534218028
 22
-37.1500000051614
 32
0
 13
-51.60871534218028
 23
-37.1500000051614
 33
0
  0
ENDBLK
  5
D2
330
D0
100
AcDbEntity
  8
0
100
AcDbBlockEnd
  0
BLOCK
  5
D4
330
D3
100
AcDbEntity
  8
0
100
AcDbBlockBegin
  2
*D9
 70
    1
 10
0
 20
0
  3
*D9
  1

  0
LINE
  5
1E1
100
AcDbEntity
  8
TopMeasurement
  6
ByBlock
 62
    0
370
   -2
100
AcDbLine
 10
-126.625
 20
-154
 11
-131.25
 21
-154
  0
LINE
  5
1E2
100
AcDbEntity
  8
TopMeasurement
  6
ByBlock
 62
    0
370
   -2
100
AcDbLine
 10
-126.625
 20
-204
 11
-131.25
 21
-204
  0
LINE
  5
1E3
100
AcDbEntity
  8
TopMeasurement
  6
ByBlock
 62
    0
370
   -2
100
AcDbLine
 10
-130
 20
-154
 11
-130
 21
-204
  0
MTEXT
  5
1E4
100
AcDbEntity
  8
TopMeasurement
  6
CONTINUOUS
 62
    0
370
   -2
100
AcDbMText
 10
-131.875
 20
-179
 30
0
 40
2.5
 41
3.055555555555711
 71
    5
 72
    1
  1
50
  7
STANDARD
210
0
220
0
230
1
 50
90
 73
    2
 44
1
  0
SOLID
  5
1E5
100
AcDbEntity
  8
TopMeasurement
  6
ByBlock
 62
    0
370
   -2
100
AcDbTrace
 10
-130
 20
-154
 30
0
 11
-129.5837153422272
 21
-156.5
 31
0
 12
-130.4162846577728
 22
-156.5
 32
0
 13
-130.4162846577728
 23
-156.5
 33
0
  0
SOLID
  5
1E6
100
AcDbEntity
  8
TopMeasurement
  6
ByBlock
 62
    0
370
   -2
100
AcDbTrace
 10
-130
 20
-204
 30
0
 11
-130.4162846577728
 21
-201.5
 31
0
 12
-129.5837153422272
 22
-201.5
 32
0
 13
-129.5837153422272
 23
-201.5
 33
0
  0
ENDBLK
  5
D5
330
D3
100
AcDbEntity
  8
0
100
AcDbBlockEnd
  0
BLOCK
  5
D7
330
D6
100
AcDbEntity
  8
0
100
AcDbBlockBegin
  2
*D31
 70
    1
 10
0
 20
0
  3
*D31
  1

  0
LINE
  5
1E7
100
AcDbEntity
  8
TopMeasurement
  6
ByBlock
 62
    0
370
   -2
100
AcDbLine
 10
210
 20
55.625
 11
210
 21
61.25
  0
LINE
  5
1E8
100
AcDbEntity
  8
TopMeasurement
  6
ByBlock
 62
    0
370
   -2
100
AcDbLine
 10
260
 20
55.625
 11
260
 21
61.25
  0
LINE
  5
1E9
100
AcDbEntity
  8
TopMeasurement
  6
ByBlock
 62
    0
370
   -2
100
AcDbLine
 10
210
 20
60
 11
260
 21
60
  0
MTEXT
  5
1EA
100
AcDbEntity
  8
TopMeasurement
  6
CONTINUOUS
 62
    0
370
   -2
100
AcDbMText
 10
235
 20
61.875
 30
0
 40
2.5
 41
3.055555555555711
 71
    5
 72
    1
  1
50
  7
STANDARD
210
0
220
0
230
1
 50
0
 73
    2
 44
1
  0
SOLID
  5
1EB
100
AcDbEntity
  8
TopMeasurement
  6
ByBlock
 62
    0
370
   -2
100
AcDbTrace
 10
210
 20
60
 30
0
 11
212.5
 21
60.41628465777284
 31
0
 12
212.5
 22
59.58371534222716
 32
0
 13
212.5
 23
59.58371534222716
 33
0
  0
SOLID
  5
1EC
100
AcDbEntity
  8
TopMeasurement
  6
ByBlock
 62
    0
370
   -2
100
AcDbTrace
 10
260
 20
60
 30
0
 11
257.5
 21
59.58371534222716
 31
0
 12
257.5
 22
60.41628465777284
 32
0
 13
257.5
 23
60.41628465777284
 33
0
  0
ENDBLK
  5
D8
330
D6
100
AcDbEntity
  8
0
100
AcDbBlockEnd
  0
BLOCK
  5
DA
330
D9
100
AcDbEntity
  8
0
100
AcDbBlockBegin
  2
*D40
 70
    1
 10
0
 20
0
  3
*D40
  1

  0
LINE
  5
1ED
100
AcDbEntity
  8
TopMeasurement
  6
ByBlock
 62
    0
370
   -2
100
AcDbLine
 10
-38.19319999999141
 20
10.22809999999151
 11
-35.75
 21
10.22809999999151
  0
LINE
  5
1EE
100
AcDbEntity
  8
TopMeasurement
  6
ByBlock
 62
    0
370
   -2
100
AcDbLine
 10
-38.19319999999141
 20
2.228099999991514
 11
-35.75
 21
2.228099999991514
  0
LINE
  5
1EF
100
AcDbEntity
  8
TopMeasurement
  6
ByBlock
 62
    0
370
   -2
100
AcDbLine
 10
-37
 20
10.22809999999151
 11
-37
 21
2.228099999991514
  0
MTEXT
  5
1F0
100
AcDbEntity
  8
TopMeasurement
  6
CONTINUOUS
 62
    0
370
   -2
100
AcDbMText
 10
-38.875
 20
6.228099999991512
 30
0
 40
2.5
 41
1.111111111111111
 71
    5
 72
    1
  1
8
  7
STANDARD
210
0
220
0
230
1
 50
90
 73
    2
 44
1
  0
SOLID
  5
1F1
100
AcDbEntity
  8
TopMeasurement
  6
ByBlock
 62
    0
370
   -2
100
AcDbTrace
 10
-37
 20
10.22809999999151
 30
0
 11
-36.58371534222716
 21
7.72809999999151
 31
0
 12
-37.41628465777284
 22
7.72809999999151
 32
0
 13
-37.41628465777284
 23
7.72809999999151
 33
0
  0
SOLID
  5
1F2
100
AcDbEntity
  8
TopMeasurement
  6
ByBlock
 62
    0
370
   -2
100
AcDbTrace
 10
-37
 20
2.228099999991514
 30
0
 11
-37.41628465777284
 21
4.728099999991514
 31
0
 12
-36.58371534222716
 22
4.728099999991514
 32
0
 13
-36.58371534222716
 23
4.728099999991514
 33
0
  0
ENDBLK
  5
DB
330
D9
100
AcDbEntity
  8
0
100
AcDbBlockEnd
  0
BLOCK
  5
DD
330
DC
100
AcDbEntity
  8
0
100
AcDbBlockBegin
  2
LED_Rings_Only
 70
    0
 10
0
 20
0
  3
LED_Rings_Only
  1

  0
ENDBLK
  5
DE
330
DC
100
AcDbEntity
  8
0
100
AcDbBlockEnd
  0
BLOCK
  5
E0
330
DF
100
AcDbEntity
  8
0
100
AcDbBlockBegin
  2
LCDBlock
 70
    0
 10
0
 20
0
  3
LCDBlock
  1

  0
LINE
  5
1F3
100
AcDbEntity
  8
LCD_Grids
  6
ByLayer
 62
  256
370
   -1
100
AcDbLine
 10
10
 20
190
 11
20
 21
190
  0
LINE
  5
1F4
100
AcDbEntity
  8
LCD_Grids
  6
ByLayer
 62
  256
370
   -1
100
AcDbLine
 10
50
 20
190
 11
50
 21
200
  0
LINE
  5
1F5
100
AcDbEntity
  8
LCD_Grids
  6
ByLayer
 62
  256
370
   -1
100
AcDbLine
 10
79
 20
190
 11
79
 21
200
  0
LINE
  5
1F6
100
AcDbEntity
  8
LCD_Grids
  6
ByLayer
 62
  256
370
   -1
100
AcDbLine
 10
21
 20
190
 11
21
 21
200
  0
LINE
  5
1F7
100
AcDbEntity
  8
LCD_Grids
  6
ByLayer
 62
  256
370
   -1
100
AcDbLine
 10
10
 20
215
 11
20
 21
215
  0
LINE
  5
1F8
100
AcDbEntity
  8
LCD_Grids
  6
ByLayer
 62
  256
370
   -1
100
AcDbLine
 10
10
 20
165
 11
20
 21
165
  0
LINE
  5
1F9
100
AcDbEntity
  8
LCD_Grids
  6
ByLayer
 62
  256
370
   -1
100
AcDbLine
 10
110
 20
220
 11
110
 21
230
  0
LINE
  5
1FA
100
AcDbEntity
  8
LCD_Grids
  6
ByLayer
 62
  256
370
   -1
100
AcDbLine
 10
2
 20
220
 11
12
 21
220
  0
LINE
  5
1FB
100
AcDbEntity
  8
LCD_Grids
  6
ByLayer
 62
  256
370
   -1
100
AcDbLine
 10
10
 20
212.5
 11
20
 21
212.5
  0
LINE
  5
1FC
100
AcDbEntity
  8
LCD_Grids
  6
ByLayer
 62
  256
370
   -1
100
AcDbLine
 10
10
 20
167.5
 11
20
 21
167.5
  0
LWPOLYLINE
  5
1FD
100
AcDbEntity
  8
LCD Window
  6
ByLayer
 62
  256
370
   -1
100
AcDbPolyline
 90
    4
 70
    1
 43
0
 10
21
 20
212.5
 10
79
 20
212.5
 10
79
 20
167.5
 10
21
 20
167.5
  0
LINE
  5
1FE
100
AcDbEntity
  8
LCD_Grids
  6
ByLayer
 62
  256
370
   -1
100
AcDbLine
 10
84.59999999999999
 20
190
 11
84.59999999999999
 21
200
  0
LINE
  5
1FF
100
AcDbEntity
  8
LCD_Grids
  6
ByLayer
 62
  256
370
   -1
100
AcDbLine
 10
15.4
 20
190
 11
15.4
 21
200
  0
LINE
  5
200
100
AcDbEntity
  8
LCD_Grids
  6
ByLayer
 62
  256
370
   -1
100
AcDbLine
 10
91
 20
190
 11
91
 21
200
  0
LINE
  5
201
100
AcDbEntity
  8
LCD_Grids
  6
ByLayer
 62
  256
370
   -1
100
AcDbLine
 10
4.999999999999998
 20
190
 11
4.999999999999998
 21
200
  0
LWPOLYLINE
  5
202
100
AcDbEntity
  8
LCD Board
  6
ByLayer
 62
  256
370
   -1
100
AcDbPolyline
 90
    4
 70
    1
 43
0
 10
15.4
 20
215
 10
84.59999999999999
 20
215
 10
84.59999999999999
 20
165
 10
15.4
 20
165
  0
LWPOLYLINE
  5
203
100
AcDbEntity
  8
LCD Board
  6
ByLayer
 62
  256
370
   -1
100
AcDbPolyline
 90
    4
 70
    1
 43
0
 10
5
 20
215
 10
91
 20
215
 10
91
 20
165
 10
5
 20
165
  0
LINE
  5
204
100
AcDbEntity
  8
LCD_Grids
  6
ByLayer
 62
  256
370
   -1
100
AcDbLine
 10
88
 20
190
 11
88
 21
200
  0
LINE
  5
205
100
AcDbEntity
  8
LCD_Grids
  6
ByLayer
 62
  256
370
   -1
100
AcDbLine
 10
10
 20
212
 11
20
 21
212
  0
CIRCLE
  5
206
100
AcDbEntity
  8
LCD Board
  6
ByLayer
 62
  256
370
   -1
100
AcDbCircle
 10
88
 20
212
 40
1.5
  0
LINE
  5
207
100
AcDbEntity
  8
LCD_Grids
  6
ByLayer
 62
  256
370
   -1
100
AcDbLine
 10
10
 20
168
 11
20
 21
168
  0
LINE
  5
208
100
AcDbEntity
  8
LCD_Grids
  6
ByLayer
 62
  256
370
   -1
100
AcDbLine
 10
11.92
 20
190
 11
11.92
 21
200
  0
CIRCLE
  5
209
100
AcDbEntity
  8
LCD Board
  6
ByLayer
 62
  256
370
   -1
100
AcDbCircle
 10
11.92
 20
168
 40
1.5
  0
CIRCLE
  5
20A
100
AcDbEntity
  8
LCD Board
  6
ByLayer
 62
  256
370
   -1
100
AcDbCircle
 10
11.92
 20
212
 40
1.5
  0
CIRCLE
  5
20B
100
AcDbEntity
  8
LCD Board
  6
ByLayer
 62
  256
370
   -1
100
AcDbCircle
 10
88
 20
168
 40
1.5
  0
ENDBLK
  5
E1
330
DF
100
AcDbEntity
  8
0
100
AcDbBlockEnd
  0
BLOCK
  5
E3
330
E2
100
AcDbEntity
  8
0
100
AcDbBlockBegin
  2
gEncoderHolesThruLED-1
 70
    0
 10
0
 20
0
  3
gEncoderHolesThruLED-1
  1

  0
CIRCLE
  5
20C
100
AcDbEntity
  8
0
  6
ByLayer
 62
  256
370
   -1
100
AcDbCircle
 10
0
 20
38.09999999999999
 40
3.5
  0
CIRCLE
  5
20D
100
AcDbEntity
  8
0
  6
ByLayer
 62
  256
370
   -1
100
AcDbCircle
 10
-15.3
 20
53.39999999999999
 40
1.5
  0
CIRCLE
  5
20E
100
AcDbEntity
  8
0
  6
ByLayer
 62
  256
370
   -1
100
AcDbCircle
 10
53.28
 20
53.39999999999999
 40
1.5
  0
CIRCLE
  5
20F
100
AcDbEntity
  8
0
  6
ByLayer
 62
  256
370
   -1
100
AcDbCircle
 10
129.48
 20
53.39999999999999
 40
1.5
  0
CIRCLE
  5
210
100
AcDbEntity
  8
0
  6
ByLayer
 62
  256
370
   -1
100
AcDbCircle
 10
-15.3
 20
-15.18000000000001
 40
1.5
  0
CIRCLE
  5
211
100
AcDbEntity
  8
0
  6
ByLayer
 62
  256
370
   -1
100
AcDbCircle
 10
129.48
 20
-15.18000000000001
 40
1.5
  0
LWPOLYLINE
  5
212
100
AcDbEntity
  8
0
  6
ByLayer
 62
  256
370
   -1
100
AcDbPolyline
 90
    4
 70
    1
 43
0
 10
-15.7
 20
39.3
 10
-9.9
 20
39.3
 10
-9.9
 20
36.89999999999999
 10
-15.7
 20
36.89999999999999
  0
LWPOLYLINE
  5
213
100
AcDbEntity
  8
0
  6
ByLayer
 62
  256
370
   -1
100
AcDbPolyline
 90
    4
 70
    1
 43
0
 10
-14.96412877926531
 20
33.20052555088162
 10
-9.605627490699851
 20
35.42008945859915
 10
-8.687187253023636
 20
33.20277858057206
 10
-14.0456885415891
 20
30.98321467285454
  0
LWPOLYLINE
  5
214
100
AcDbEntity
  8
0
  6
ByLayer
 62
  256
370
   -1
100
AcDbPolyline
 90
    4
 70
    1
 43
0
 10
10.25304832720494
 20
26.14989539794733
 10
6.151828996322966
 20
30.25111472882931
 10
7.84888527117068
 20
31.94817100367703
 10
11.95010460205265
 20
27.84695167279506
  0
LWPOLYLINE
  5
215
100
AcDbEntity
  8
0
  6
ByLayer
 62
  256
370
   -1
100
AcDbPolyline
 90
    4
 70
    1
 43
0
 10
15.7
 20
36.89999999999999
 10
9.900000000000004
 20
36.89999999999999
 10
9.900000000000004
 20
39.3
 10
15.7
 20
39.3
  0
LWPOLYLINE
  5
216
100
AcDbEntity
  8
0
  6
ByLayer
 62
  256
370
   -1
100
AcDbPolyline
 90
    4
 70
    1
 43
0
 10
14.96412877926531
 20
42.99947444911835
 10
9.605627490699851
 20
40.77991054140084
 10
8.687187253023636
 20
42.99722141942793
 10
14.0456885415891
 20
45.21678532714544
  0
LWPOLYLINE
  5
217
100
AcDbEntity
  8
0
  6
ByLayer
 62
  256
370
   -1
100
AcDbPolyline
 90
    4
 70
    1
 43
0
 10
11.95010460205266
 20
48.35304832720493
 10
7.848885271170682
 20
44.25182899632296
 10
6.151828996322967
 20
45.94888527117067
 10
10.25304832720494
 20
50.05010460205264
  0
LWPOLYLINE
  5
218
100
AcDbEntity
  8
0
  6
ByLayer
 62
  256
370
   -1
100
AcDbPolyline
 90
    4
 70
    1
 43
0
 10
7.116785327145463
 20
52.14568854158908
 10
4.89722141942794
 20
46.78718725302363
 10
2.679910541400852
 20
47.70562749069984
 10
4.899474449118376
 20
53.0641287792653
  0
LWPOLYLINE
  5
219
100
AcDbEntity
  8
0
  6
ByLayer
 62
  256
370
   -1
100
AcDbPolyline
 90
    4
 70
    1
 43
0
 10
1.200000000000003
 20
53.8
 10
1.200000000000002
 20
48
 10
-1.199999999999998
 20
48
 10
-1.199999999999997
 20
53.8
  0
LWPOLYLINE
  5
21A
100
AcDbEntity
  8
0
  6
ByLayer
 62
  256
370
   -1
100
AcDbPolyline
 90
    4
 70
    1
 43
0
 10
-10.25304832720494
 20
50.05010460205266
 10
-6.151828996322965
 20
45.94888527117068
 10
-7.84888527117068
 20
44.25182899632296
 10
-11.95010460205265
 20
48.35304832720493
  0
LWPOLYLINE
  5
21B
100
AcDbEntity
  8
0
  6
ByLayer
 62
  256
370
   -1
100
AcDbPolyline
 90
    4
 70
    1
 43
0
 10
-19
 20
57.09999999999999
 10
134
 20
57.09999999999999
 10
134
 20
-22.90000000000001
 10
-19
 20
-22.90000000000001
  0
LWPOLYLINE
  5
21C
100
AcDbEntity
  8
0
  6
ByLayer
 62
  256
370
   -1
100
AcDbPolyline
 90
    4
 70
    1
 43
0
 10
-11.95010460205266
 20
27.84695167279506
 10
-7.848885271170683
 20
31.94817100367703
 10
-6.151828996322965
 20
30.25111472882931
 10
-10.25304832720494
 20
26.14989539794733
  0
LWPOLYLINE
  5
21D
100
AcDbEntity
  8
0
  6
ByLayer
 62
  256
370
   -1
100
AcDbPolyline
 90
    4
 70
    1
 43
0
 10
-1.200000000000004
 20
22.39999999999999
 10
-1.200000000000004
 20
28.19999999999999
 10
1.200000000000002
 20
28.19999999999999
 10
1.200000000000002
 20
22.39999999999999
  0
LWPOLYLINE
  5
21E
100
AcDbEntity
  8
0
  6
ByLayer
 62
  256
370
   -1
100
AcDbPolyline
 90
    4
 70
    1
 43
0
 10
14.0456885415891
 20
30.98321467285453
 10
8.687187253023634
 20
33.20277858057206
 10
9.605627490699852
 20
35.42008945859915
 10
14.96412877926531
 20
33.20052555088162
  0
LWPOLYLINE
  5
21F
100
AcDbEntity
  8
0
  6
ByLayer
 62
  256
370
   -1
100
AcDbPolyline
 90
    4
 70
    1
 43
0
 10
-4.899474449118367
 20
53.0641287792653
 10
-2.679910541400846
 20
47.70562749069984
 10
-4.89722141942794
 20
46.78718725302363
 10
-7.116785327145461
 20
52.1456885415891
  0
LWPOLYLINE
  5
220
100
AcDbEntity
  8
0
  6
ByLayer
 62
  256
370
   -1
100
AcDbPolyline
 90
    4
 70
    1
 43
0
 10
-14.04568854158909
 20
45.21678532714546
 10
-8.68718725302363
 20
42.99722141942794
 10
-9.605627490699851
 20
40.77991054140084
 10
-14.96412877926531
 20
42.99947444911837
  0
CIRCLE
  5
221
100
AcDbEntity
  8
0
  6
ByLayer
 62
  256
370
   -1
100
AcDbCircle
 10
38.1
 20
38.09999999999999
 40
3.5
  0
LWPOLYLINE
  5
222
100
AcDbEntity
  8
0
  6
ByLayer
 62
  256
370
   -1
100
AcDbPolyline
 90
    4
 70
    1
 43
0
 10
22.4
 20
39.3
 10
28.2
 20
39.3
 10
28.2
 20
36.89999999999999
 10
22.4
 20
36.89999999999999
  0
LWPOLYLINE
  5
223
100
AcDbEntity
  8
0
  6
ByLayer
 62
  256
370
   -1
100
AcDbPolyline
 90
    4
 70
    1
 43
0
 10
23.13587122073469
 20
33.20052555088162
 10
28.49437250930015
 20
35.42008945859915
 10
29.41281274697636
 20
33.20277858057206
 10
24.0543114584109
 20
30.98321467285454
  0
LWPOLYLINE
  5
224
100
AcDbEntity
  8
0
  6
ByLayer
 62
  256
370
   -1
100
AcDbPolyline
 90
    4
 70
    1
 43
0
 10
48.35304832720495
 20
26.14989539794733
 10
44.25182899632297
 20
30.25111472882931
 10
45.94888527117068
 20
31.94817100367703
 10
50.05010460205266
 20
27.84695167279506
  0
LWPOLYLINE
  5
225
100
AcDbEntity
  8
0
  6
ByLayer
 62
  256
370
   -1
100
AcDbPolyline
 90
    4
 70
    1
 43
0
 10
53.8
 20
36.89999999999999
 10
48.00000000000001
 20
36.89999999999999
 10
48.00000000000001
 20
39.3
 10
53.8
 20
39.3
  0
LWPOLYLINE
  5
226
100
AcDbEntity
  8
0
  6
ByLayer
 62
  256
370
   -1
100
AcDbPolyline
 90
    4
 70
    1
 43
0
 10
53.06412877926532
 20
42.99947444911835
 10
47.70562749069985
 20
40.77991054140084
 10
46.78718725302364
 20
42.99722141942793
 10
52.1456885415891
 20
45.21678532714544
  0
LWPOLYLINE
  5
227
100
AcDbEntity
  8
0
  6
ByLayer
 62
  256
370
   -1
100
AcDbPolyline
 90
    4
 70
    1
 43
0
 10
50.05010460205266
 20
48.35304832720493
 10
45.94888527117068
 20
44.25182899632296
 10
44.25182899632297
 20
45.94888527117067
 10
48.35304832720495
 20
50.05010460205264
  0
LWPOLYLINE
  5
228
100
AcDbEntity
  8
0
  6
ByLayer
 62
  256
370
   -1
100
AcDbPolyline
 90
    4
 70
    1
 43
0
 10
45.21678532714547
 20
52.14568854158908
 10
42.99722141942794
 20
46.78718725302363
 10
40.77991054140085
 20
47.70562749069984
 10
42.99947444911838
 20
53.0641287792653
  0
LWPOLYLINE
  5
229
100
AcDbEntity
  8
0
  6
ByLayer
 62
  256
370
   -1
100
AcDbPolyline
 90
    4
 70
    1
 43
0
 10
39.3
 20
53.8
 10
39.3
 20
48
 10
36.90000000000001
 20
48
 10
36.90000000000001
 20
53.8
  0
LWPOLYLINE
  5
22A
100
AcDbEntity
  8
0
  6
ByLayer
 62
  256
370
   -1
100
AcDbPolyline
 90
    4
 70
    1
 43
0
 10
27.84695167279506
 20
50.05010460205266
 10
31.94817100367704
 20
45.94888527117068
 10
30.25111472882932
 20
44.25182899632296
 10
26.14989539794735
 20
48.35304832720493
  0
LWPOLYLINE
  5
22B
100
AcDbEntity
  8
0
  6
ByLayer
 62
  256
370
   -1
100
AcDbPolyline
 90
    4
 70
    1
 43
0
 10
26.14989539794734
 20
27.84695167279506
 10
30.25111472882932
 20
31.94817100367703
 10
31.94817100367704
 20
30.25111472882931
 10
27.84695167279506
 20
26.14989539794733
  0
LWPOLYLINE
  5
22C
100
AcDbEntity
  8
0
  6
ByLayer
 62
  256
370
   -1
100
AcDbPolyline
 90
    4
 70
    1
 43
0
 10
52.1456885415891
 20
30.98321467285453
 10
46.78718725302363
 20
33.20277858057206
 10
47.70562749069985
 20
35.42008945859915
 10
53.06412877926532
 20
33.20052555088162
  0
LWPOLYLINE
  5
22D
100
AcDbEntity
  8
0
  6
ByLayer
 62
  256
370
   -1
100
AcDbPolyline
 90
    4
 70
    1
 43
0
 10
33.20052555088164
 20
53.0641287792653
 10
35.42008945859916
 20
47.70562749069984
 10
33.20277858057206
 20
46.78718725302363
 10
30.98321467285454
 20
52.1456885415891
  0
LWPOLYLINE
  5
22E
100
AcDbEntity
  8
0
  6
ByLayer
 62
  256
370
   -1
100
AcDbPolyline
 90
    4
 70
    1
 43
0
 10
24.05431145841091
 20
45.21678532714546
 10
29.41281274697637
 20
42.99722141942794
 10
28.49437250930015
 20
40.77991054140084
 10
23.13587122073469
 20
42.99947444911837
  0
CIRCLE
  5
22F
100
AcDbEntity
  8
0
  6
ByLayer
 62
  256
370
   -1
100
AcDbCircle
 10
76.2
 20
38.09999999999999
 40
3.5
  0
LWPOLYLINE
  5
230
100
AcDbEntity
  8
0
  6
ByLayer
 62
  256
370
   -1
100
AcDbPolyline
 90
    4
 70
    1
 43
0
 10
60.5
 20
39.3
 10
66.3
 20
39.3
 10
66.3
 20
36.89999999999999
 10
60.5
 20
36.89999999999999
  0
LWPOLYLINE
  5
231
100
AcDbEntity
  8
0
  6
ByLayer
 62
  256
370
   -1
100
AcDbPolyline
 90
    4
 70
    1
 43
0
 10
61.23587122073469
 20
33.20052555088162
 10
66.59437250930014
 20
35.42008945859915
 10
67.51281274697637
 20
33.20277858057206
 10
62.1543114584109
 20
30.98321467285454
  0
LWPOLYLINE
  5
232
100
AcDbEntity
  8
0
  6
ByLayer
 62
  256
370
   -1
100
AcDbPolyline
 90
    4
 70
    1
 43
0
 10
86.45304832720495
 20
26.14989539794733
 10
82.35182899632298
 20
30.25111472882931
 10
84.04888527117069
 20
31.94817100367703
 10
88.15010460205266
 20
27.84695167279506
  0
LWPOLYLINE
  5
233
100
AcDbEntity
  8
0
  6
ByLayer
 62
  256
370
   -1
100
AcDbPolyline
 90
    4
 70
    1
 43
0
 10
91.90000000000001
 20
36.89999999999999
 10
86.10000000000001
 20
36.89999999999999
 10
86.10000000000001
 20
39.3
 10
91.90000000000001
 20
39.3
  0
LWPOLYLINE
  5
234
100
AcDbEntity
  8
0
  6
ByLayer
 62
  256
370
   -1
100
AcDbPolyline
 90
    4
 70
    1
 43
0
 10
91.16412877926533
 20
42.99947444911835
 10
85.80562749069986
 20
40.77991054140084
 10
84.88718725302364
 20
42.99722141942793
 10
90.2456885415891
 20
45.21678532714544
  0
LWPOLYLINE
  5
235
100
AcDbEntity
  8
0
  6
ByLayer
 62
  256
370
   -1
100
AcDbPolyline
 90
    4
 70
    1
 43
0
 10
88.15010460205266
 20
48.35304832720493
 10
84.04888527117069
 20
44.25182899632296
 10
82.35182899632298
 20
45.94888527117067
 10
86.45304832720495
 20
50.05010460205264
  0
LWPOLYLINE
  5
236
100
AcDbEntity
  8
0
  6
ByLayer
 62
  256
370
   -1
100
AcDbPolyline
 90
    4
 70
    1
 43
0
 10
83.31678532714547
 20
52.14568854158908
 10
81.09722141942794
 20
46.78718725302363
 10
78.87991054140085
 20
47.70562749069984
 10
81.09947444911839
 20
53.0641287792653
  0
LWPOLYLINE
  5
237
100
AcDbEntity
  8
0
  6
ByLayer
 62
  256
370
   -1
100
AcDbPolyline
 90
    4
 70
    1
 43
0
 10
77.40000000000001
 20
53.8
 10
77.40000000000001
 20
48
 10
75
 20
48
 10
75
 20
53.8
  0
LWPOLYLINE
  5
238
100
AcDbEntity
  8
0
  6
ByLayer
 62
  256
370
   -1
100
AcDbPolyline
 90
    4
 70
    1
 43
0
 10
65.94695167279507
 20
50.05010460205266
 10
70.04817100367704
 20
45.94888527117068
 10
68.35111472882932
 20
44.25182899632296
 10
64.24989539794734
 20
48.35304832720493
  0
LWPOLYLINE
  5
239
100
AcDbEntity
  8
0
  6
ByLayer
 62
  256
370
   -1
100
AcDbPolyline
 90
    4
 70
    1
 43
0
 10
64.24989539794734
 20
27.84695167279506
 10
68.35111472882932
 20
31.94817100367703
 10
70.04817100367704
 20
30.25111472882931
 10
65.94695167279507
 20
26.14989539794733
  0
LWPOLYLINE
  5
23A
100
AcDbEntity
  8
0
  6
ByLayer
 62
  256
370
   -1
100
AcDbPolyline
 90
    4
 70
    1
 43
0
 10
90.24568854158909
 20
30.98321467285453
 10
84.88718725302363
 20
33.20277858057206
 10
85.80562749069986
 20
35.42008945859915
 10
91.16412877926533
 20
33.20052555088162
  0
LWPOLYLINE
  5
23B
100
AcDbEntity
  8
0
  6
ByLayer
 62
  256
370
   -1
100
AcDbPolyline
 90
    4
 70
    1
 43
0
 10
71.30052555088164
 20
53.0641287792653
 10
73.52008945859916
 20
47.70562749069984
 10
71.30277858057207
 20
46.78718725302363
 10
69.08321467285454
 20
52.1456885415891
  0
LWPOLYLINE
  5
23C
100
AcDbEntity
  8
0
  6
ByLayer
 62
  256
370
   -1
100
AcDbPolyline
 90
    4
 70
    1
 43
0
 10
62.15431145841091
 20
45.21678532714546
 10
67.51281274697638
 20
42.99722141942794
 10
66.59437250930016
 20
40.77991054140084
 10
61.23587122073469
 20
42.99947444911837
  0
CIRCLE
  5
23D
100
AcDbEntity
  8
0
  6
ByLayer
 62
  256
370
   -1
100
AcDbCircle
 10
114.3
 20
38.09999999999999
 40
3.5
  0
LWPOLYLINE
  5
23E
100
AcDbEntity
  8
0
  6
ByLayer
 62
  256
370
   -1
100
AcDbPolyline
 90
    4
 70
    1
 43
0
 10
98.59999999999999
 20
39.3
 10
104.4
 20
39.3
 10
104.4
 20
36.89999999999999
 10
98.59999999999999
 20
36.89999999999999
  0
LWPOLYLINE
  5
23F
100
AcDbEntity
  8
0
  6
ByLayer
 62
  256
370
   -1
100
AcDbPolyline
 90
    4
 70
    1
 43
0
 10
99.3358712207347
 20
33.20052555088162
 10
104.6943725093001
 20
35.42008945859915
 10
105.6128127469764
 20
33.20277858057206
 10
100.2543114584109
 20
30.98321467285454
  0
LWPOLYLINE
  5
240
100
AcDbEntity
  8
0
  6
ByLayer
 62
  256
370
   -1
100
AcDbPolyline
 90
    4
 70
    1
 43
0
 10
124.5530483272049
 20
26.14989539794733
 10
120.451828996323
 20
30.25111472882931
 10
122.1488852711707
 20
31.94817100367703
 10
126.2501046020527
 20
27.84695167279506
  0
LWPOLYLINE
  5
241
100
AcDbEntity
  8
0
  6
ByLayer
 62
  256
370
   -1
100
AcDbPolyline
 90
    4
 70
    1
 43
0
 10
130
 20
36.89999999999999
 10
124.2
 20
36.89999999999999
 10
124.2
 20
39.3
 10
130
 20
39.3
  0
LWPOLYLINE
  5
242
100
AcDbEntity
  8
0
  6
ByLayer
 62
  256
370
   -1
100
AcDbPolyline
 90
    4
 70
    1
 43
0
 10
129.2641287792653
 20
42.99947444911835
 10
123.9056274906999
 20
40.77991054140084
 10
122.9871872530236
 20
42.99722141942793
 10
128.3456885415891
 20
45.21678532714544
  0
LWPOLYLINE
  5
243
100
AcDbEntity
  8
0
  6
ByLayer
 62
  256
370
   -1
100
AcDbPolyline
 90
    4
 70
    1
 43
0
 10
126.2501046020527
 20
48.35304832720493
 10
122.1488852711707
 20
44.25182899632296
 10
120.451828996323
 20
45.94888527117067
 10
124.5530483272049
 20
50.05010460205264
  0
LWPOLYLINE
  5
244
100
AcDbEntity
  8
0
  6
ByLayer
 62
  256
370
   -1
100
AcDbPolyline
 90
    4
 70
    1
 43
0
 10
121.4167853271455
 20
52.14568854158908
 10
119.1972214194279
 20
46.78718725302363
 10
116.9799105414008
 20
47.70562749069984
 10
119.1994744491184
 20
53.0641287792653
  0
LWPOLYLINE
  5
245
100
AcDbEntity
  8
0
  6
ByLayer
 62
  256
370
   -1
100
AcDbPolyline
 90
    4
 70
    1
 43
0
 10
115.5
 20
53.8
 10
115.5
 20
48
 10
113.1
 20
48
 10
113.1
 20
53.8
  0
LWPOLYLINE
  5
246
100
AcDbEntity
  8
0
  6
ByLayer
 62
  256
370
   -1
100
AcDbPolyline
 90
    4
 70
    1
 43
0
 10
104.0469516727951
 20
50.05010460205266
 10
108.148171003677
 20
45.94888527117068
 10
106.4511147288293
 20
44.25182899632296
 10
102.3498953979473
 20
48.35304832720493
  0
LWPOLYLINE
  5
247
100
AcDbEntity
  8
0
  6
ByLayer
 62
  256
370
   -1
100
AcDbPolyline
 90
    4
 70
    1
 43
0
 10
102.3498953979473
 20
27.84695167279506
 10
106.4511147288293
 20
31.94817100367703
 10
108.148171003677
 20
30.25111472882931
 10
104.0469516727951
 20
26.14989539794733
  0
LWPOLYLINE
  5
248
100
AcDbEntity
  8
0
  6
ByLayer
 62
  256
370
   -1
100
AcDbPolyline
 90
    4
 70
    1
 43
0
 10
128.3456885415891
 20
30.98321467285453
 10
122.9871872530236
 20
33.20277858057206
 10
123.9056274906999
 20
35.42008945859915
 10
129.2641287792653
 20
33.20052555088162
  0
LWPOLYLINE
  5
249
100
AcDbEntity
  8
0
  6
ByLayer
 62
  256
370
   -1
100
AcDbPolyline
 90
    4
 70
    1
 43
0
 10
109.4005255508816
 20
53.0641287792653
 10
111.6200894585992
 20
47.70562749069984
 10
109.4027785805721
 20
46.78718725302363
 10
107.1832146728545
 20
52.1456885415891
  0
LWPOLYLINE
  5
24A
100
AcDbEntity
  8
0
  6
ByLayer
 62
  256
370
   -1
100
AcDbPolyline
 90
    4
 70
    1
 43
0
 10
100.2543114584109
 20
45.21678532714546
 10
105.6128127469764
 20
42.99722141942794
 10
104.6943725093002
 20
40.77991054140084
 10
99.3358712207347
 20
42.99947444911837
  0
CIRCLE
  5
24B
100
AcDbEntity
  8
0
  6
ByLayer
 62
  256
370
   -1
100
AcDbCircle
 10
0
 20
0
 40
3.5
  0
LWPOLYLINE
  5
24C
100
AcDbEntity
  8
0
  6
ByLayer
 62
  256
370
   -1
100
AcDbPolyline
 90
    4
 70
    1
 43
0
 10
-15.7
 20
1.199999999999989
 10
-9.9
 20
1.199999999999989
 10
-9.9
 20
-1.200000000000003
 10
-15.7
 20
-1.200000000000003
  0
LWPOLYLINE
  5
24D
100
AcDbEntity
  8
0
  6
ByLayer
 62
  256
370
   -1
100
AcDbPolyline
 90
    4
 70
    1
 43
0
 10
-14.96412877926531
 20
-4.899474449118401
 10
-9.605627490699851
 20
-2.679910541400901
 10
-8.687187253023636
 20
-4.897221419427908
 10
-14.0456885415891
 20
-7.116785327145507
  0
LWPOLYLINE
  5
24E
100
AcDbEntity
  8
0
  6
ByLayer
 62
  256
370
   -1
100
AcDbPolyline
 90
    4
 70
    1
 43
0
 10
10.25304832720494
 20
-11.9501046020527
 10
6.151828996322966
 20
-7.848885271170701
 10
7.84888527117068
 20
-6.151828996323005
 10
11.95010460205265
 20
-10.25304832720491
  0
LWPOLYLINE
  5
24F
100
AcDbEntity
  8
0
  6
ByLayer
 62
  256
370
   -1
100
AcDbPolyline
 90
    4
 70
    1
 43
0
 10
15.7
 20
-1.200000000000003
 10
9.900000000000004
 20
-1.200000000000003
 10
9.900000000000004
 20
1.199999999999989
 10
15.7
 20
1.199999999999989
  0
LWPOLYLINE
  5
250
100
AcDbEntity
  8
0
  6
ByLayer
 62
  256
370
   -1
100
AcDbPolyline
 90
    4
 70
    1
 43
0
 10
14.96412877926531
 20
4.899474449118301
 10
9.605627490699851
 20
2.679910541400801
 10
8.687187253023636
 20
4.897221419427893
 10
14.0456885415891
 20
7.116785327145394
  0
LWPOLYLINE
  5
251
100
AcDbEntity
  8
0
  6
ByLayer
 62
  256
370
   -1
100
AcDbPolyline
 90
    4
 70
    1
 43
0
 10
11.95010460205266
 20
10.25304832720489
 10
7.848885271170682
 20
6.15182899632299
 10
6.151828996322967
 20
7.848885271170701
 10
10.25304832720494
 20
11.95010460205269
  0
LWPOLYLINE
  5
252
100
AcDbEntity
  8
0
  6
ByLayer
 62
  256
370
   -1
100
AcDbPolyline
 90
    4
 70
    1
 43
0
 10
7.116785327145463
 20
14.0456885415891
 10
4.89722141942794
 20
8.687187253023595
 10
2.679910541400852
 20
9.605627490699888
 10
4.899474449118376
 20
14.96412877926529
  0
LWPOLYLINE
  5
253
100
AcDbEntity
  8
0
  6
ByLayer
 62
  256
370
   -1
100
AcDbPolyline
 90
    4
 70
    1
 43
0
 10
1.200000000000003
 20
15.69999999999999
 10
1.200000000000002
 20
9.899999999999991
 10
-1.199999999999998
 20
9.899999999999991
 10
-1.199999999999997
 20
15.69999999999999
  0
LWPOLYLINE
  5
254
100
AcDbEntity
  8
0
  6
ByLayer
 62
  256
370
   -1
100
AcDbPolyline
 90
    4
 70
    1
 43
0
 10
-10.25304832720494
 20
11.95010460205269
 10
-6.151828996322965
 20
7.848885271170701
 10
-7.84888527117068
 20
6.15182899632299
 10
-11.95010460205265
 20
10.25304832720489
  0
LWPOLYLINE
  5
255
100
AcDbEntity
  8
0
  6
ByLayer
 62
  256
370
   -1
100
AcDbPolyline
 90
    4
 70
    1
 43
0
 10
-11.95010460205266
 20
-10.25304832720491
 10
-7.848885271170683
 20
-6.151828996323005
 10
-6.151828996322965
 20
-7.848885271170701
 10
-10.25304832720494
 20
-11.9501046020527
  0
LWPOLYLINE
  5
256
100
AcDbEntity
  8
0
  6
ByLayer
 62
  256
370
   -1
100
AcDbPolyline
 90
    4
 70
    1
 43
0
 10
14.0456885415891
 20
-7.116785327145507
 10
8.687187253023634
 20
-4.897221419427908
 10
9.605627490699852
 20
-2.679910541400901
 10
14.96412877926531
 20
-4.899474449118401
  0
LWPOLYLINE
  5
257
100
AcDbEntity
  8
0
  6
ByLayer
 62
  256
370
   -1
100
AcDbPolyline
 90
    4
 70
    1
 43
0
 10
-4.899474449118367
 20
14.96412877926529
 10
-2.679910541400846
 20
9.605627490699888
 10
-4.89722141942794
 20
8.687187253023595
 10
-7.116785327145461
 20
14.0456885415891
  0
LWPOLYLINE
  5
258
100
AcDbEntity
  8
0
  6
ByLayer
 62
  256
370
   -1
100
AcDbPolyline
 90
    4
 70
    1
 43
0
 10
-14.04568854158909
 20
7.116785327145493
 10
-8.68718725302363
 20
4.897221419427993
 10
-9.605627490699851
 20
2.679910541400801
 10
-14.96412877926531
 20
4.899474449118401
  0
CIRCLE
  5
259
100
AcDbEntity
  8
0
  6
ByLayer
 62
  256
370
   -1
100
AcDbCircle
 10
38.1
 20
0
 40
3.5
  0
LWPOLYLINE
  5
25A
100
AcDbEntity
  8
0
  6
ByLayer
 62
  256
370
   -1
100
AcDbPolyline
 90
    4
 70
    1
 43
0
 10
22.4
 20
1.199999999999989
 10
28.2
 20
1.199999999999989
 10
28.2
 20
-1.200000000000003
 10
22.4
 20
-1.200000000000003
  0
LWPOLYLINE
  5
25B
100
AcDbEntity
  8
0
  6
ByLayer
 62
  256
370
   -1
100
AcDbPolyline
 90
    4
 70
    1
 43
0
 10
23.13587122073469
 20
-4.899474449118401
 10
28.49437250930015
 20
-2.679910541400901
 10
29.41281274697636
 20
-4.897221419427908
 10
24.0543114584109
 20
-7.116785327145507
  0
LWPOLYLINE
  5
25C
100
AcDbEntity
  8
0
  6
ByLayer
 62
  256
370
   -1
100
AcDbPolyline
 90
    4
 70
    1
 43
0
 10
48.35304832720495
 20
-11.9501046020527
 10
44.25182899632297
 20
-7.848885271170701
 10
45.94888527117068
 20
-6.151828996323005
 10
50.05010460205266
 20
-10.25304832720491
  0
LWPOLYLINE
  5
25D
100
AcDbEntity
  8
0
  6
ByLayer
 62
  256
370
   -1
100
AcDbPolyline
 90
    4
 70
    1
 43
0
 10
53.8
 20
-1.200000000000003
 10
48.00000000000001
 20
-1.200000000000003
 10
48.00000000000001
 20
1.199999999999989
 10
53.8
 20
1.199999999999989
  0
LWPOLYLINE
  5
25E
100
AcDbEntity
  8
0
  6
ByLayer
 62
  256
370
   -1
100
AcDbPolyline
 90
    4
 70
    1
 43
0
 10
53.06412877926532
 20
4.899474449118301
 10
47.70562749069985
 20
2.679910541400801
 10
46.78718725302364
 20
4.897221419427893
 10
52.1456885415891
 20
7.116785327145394
  0
LWPOLYLINE
  5
25F
100
AcDbEntity
  8
0
  6
ByLayer
 62
  256
370
   -1
100
AcDbPolyline
 90
    4
 70
    1
 43
0
 10
50.05010460205266
 20
10.25304832720489
 10
45.94888527117068
 20
6.15182899632299
 10
44.25182899632297
 20
7.848885271170701
 10
48.35304832720495
 20
11.95010460205269
  0
LWPOLYLINE
  5
260
100
AcDbEntity
  8
0
  6
ByLayer
 62
  256
370
   -1
100
AcDbPolyline
 90
    4
 70
    1
 43
0
 10
45.21678532714547
 20
14.0456885415891
 10
42.99722141942794
 20
8.687187253023595
 10
40.77991054140085
 20
9.605627490699888
 10
42.99947444911838
 20
14.96412877926529
  0
LWPOLYLINE
  5
261
100
AcDbEntity
  8
0
  6
ByLayer
 62
  256
370
   -1
100
AcDbPolyline
 90
    4
 70
    1
 43
0
 10
39.3
 20
15.69999999999999
 10
39.3
 20
9.899999999999991
 10
36.90000000000001
 20
9.899999999999991
 10
36.90000000000001
 20
15.69999999999999
  0
LWPOLYLINE
  5
262
100
AcDbEntity
  8
0
  6
ByLayer
 62
  256
370
   -1
100
AcDbPolyline
 90
    4
 70
    1
 43
0
 10
27.84695167279506
 20
11.95010460205269
 10
31.94817100367704
 20
7.848885271170701
 10
30.25111472882932
 20
6.15182899632299
 10
26.14989539794735
 20
10.25304832720489
  0
LWPOLYLINE
  5
263
100
AcDbEntity
  8
0
  6
ByLayer
 62
  256
370
   -1
100
AcDbPolyline
 90
    4
 70
    1
 43
0
 10
26.14989539794734
 20
-10.25304832720491
 10
30.25111472882932
 20
-6.151828996323005
 10
31.94817100367704
 20
-7.848885271170701
 10
27.84695167279506
 20
-11.9501046020527
  0
LWPOLYLINE
  5
264
100
AcDbEntity
  8
0
  6
ByLayer
 62
  256
370
   -1
100
AcDbPolyline
 90
    4
 70
    1
 43
0
 10
52.1456885415891
 20
-7.116785327145507
 10
46.78718725302363
 20
-4.897221419427908
 10
47.70562749069985
 20
-2.679910541400901
 10
53.06412877926532
 20
-4.899474449118401
  0
LWPOLYLINE
  5
265
100
AcDbEntity
  8
0
  6
ByLayer
 62
  256
370
   -1
100
AcDbPolyline
 90
    4
 70
    1
 43
0
 10
33.20052555088164
 20
14.96412877926529
 10
35.42008945859916
 20
9.605627490699888
 10
33.20277858057206
 20
8.687187253023595
 10
30.98321467285454
 20
14.0456885415891
  0
LWPOLYLINE
  5
266
100
AcDbEntity
  8
0
  6
ByLayer
 62
  256
370
   -1
100
AcDbPolyline
 90
    4
 70
    1
 43
0
 10
24.05431145841091
 20
7.116785327145493
 10
29.41281274697637
 20
4.897221419427993
 10
28.49437250930015
 20
2.679910541400801
 10
23.13587122073469
 20
4.899474449118401
  0
CIRCLE
  5
267
100
AcDbEntity
  8
0
  6
ByLayer
 62
  256
370
   -1
100
AcDbCircle
 10
76.2
 20
0
 40
3.5
  0
LWPOLYLINE
  5
268
100
AcDbEntity
  8
0
  6
ByLayer
 62
  256
370
   -1
100
AcDbPolyline
 90
    4
 70
    1
 43
0
 10
60.5
 20
1.199999999999989
 10
66.3
 20
1.199999999999989
 10
66.3
 20
-1.200000000000003
 10
60.5
 20
-1.200000000000003
  0
LWPOLYLINE
  5
269
100
AcDbEntity
  8
0
  6
ByLayer
 62
  256
370
   -1
100
AcDbPolyline
 90
    4
 70
    1
 43
0
 10
61.23587122073469
 20
-4.899474449118401
 10
66.59437250930014
 20
-2.679910541400901
 10
67.51281274697637
 20
-4.897221419427908
 10
62.1543114584109
 20
-7.116785327145507
  0
LWPOLYLINE
  5
26A
100
AcDbEntity
  8
0
  6
ByLayer
 62
  256
370
   -1
100
AcDbPolyline
 90
    4
 70
    1
 43
0
 10
86.45304832720495
 20
-11.9501046020527
 10
82.35182899632298
 20
-7.848885271170701
 10
84.04888527117069
 20
-6.151828996323005
 10
88.15010460205266
 20
-10.25304832720491
  0
LWPOLYLINE
  5
26B
100
AcDbEntity
  8
0
  6
ByLayer
 62
  256
370
   -1
100
AcDbPolyline
 90
    4
 70
    1
 43
0
 10
91.90000000000001
 20
-1.200000000000003
 10
86.10000000000001
 20
-1.200000000000003
 10
86.10000000000001
 20
1.199999999999989
 10
91.90000000000001
 20
1.199999999999989
  0
LWPOLYLINE
  5
26C
100
AcDbEntity
  8
0
  6
ByLayer
 62
  256
370
   -1
100
AcDbPolyline
 90
    4
 70
    1
 43
0
 10
91.16412877926533
 20
4.899474449118301
 10
85.80562749069986
 20
2.679910541400801
 10
84.88718725302364
 20
4.897221419427893
 10
90.2456885415891
 20
7.116785327145394
  0
LWPOLYLINE
  5
26D
100
AcDbEntity
  8
0
  6
ByLayer
 62
  256
370
   -1
100
AcDbPolyline
 90
    4
 70
    1
 43
0
 10
88.15010460205266
 20
10.25304832720489
 10
84.04888527117069
 20
6.15182899632299
 10
82.35182899632298
 20
7.848885271170701
 10
86.45304832720495
 20
11.95010460205269
  0
LWPOLYLINE
  5
26E
100
AcDbEntity
  8
0
  6
ByLayer
 62
  256
370
   -1
100
AcDbPolyline
 90
    4
 70
    1
 43
0
 10
83.31678532714547
 20
14.0456885415891
 10
81.09722141942794
 20
8.687187253023595
 10
78.87991054140085
 20
9.605627490699888
 10
81.09947444911839
 20
14.96412877926529
  0
LWPOLYLINE
  5
26F
100
AcDbEntity
  8
0
  6
ByLayer
 62
  256
370
   -1
100
AcDbPolyline
 90
    4
 70
    1
 43
0
 10
77.40000000000001
 20
15.69999999999999
 10
77.40000000000001
 20
9.899999999999991
 10
75
 20
9.899999999999991
 10
75
 20
15.69999999999999
  0
LWPOLYLINE
  5
270
100
AcDbEntity
  8
0
  6
ByLayer
 62
  256
370
   -1
100
AcDbPolyline
 90
    4
 70
    1
 43
0
 10
65.94695167279507
 20
11.95010460205269
 10
70.04817100367704
 20
7.848885271170701
 10
68.35111472882932
 20
6.15182899632299
 10
64.24989539794734
 20
10.25304832720489
  0
LWPOLYLINE
  5
271
100
AcDbEntity
  8
0
  6
ByLayer
 62
  256
370
   -1
100
AcDbPolyline
 90
    4
 70
    1
 43
0
 10
64.24989539794734
 20
-10.25304832720491
 10
68.35111472882932
 20
-6.151828996323005
 10
70.04817100367704
 20
-7.848885271170701
 10
65.94695167279507
 20
-11.9501046020527
  0
LWPOLYLINE
  5
272
100
AcDbEntity
  8
0
  6
ByLayer
 62
  256
370
   -1
100
AcDbPolyline
 90
    4
 70
    1
 43
0
 10
90.24568854158909
 20
-7.116785327145507
 10
84.88718725302363
 20
-4.897221419427908
 10
85.80562749069986
 20
-2.679910541400901
 10
91.16412877926533
 20
-4.899474449118401
  0
LWPOLYLINE
  5
273
100
AcDbEntity
  8
0
  6
ByLayer
 62
  256
370
   -1
100
AcDbPolyline
 90
    4
 70
    1
 43
0
 10
71.30052555088164
 20
14.96412877926529
 10
73.52008945859916
 20
9.605627490699888
 10
71.30277858057207
 20
8.687187253023595
 10
69.08321467285454
 20
14.0456885415891
  0
LWPOLYLINE
  5
274
100
AcDbEntity
  8
0
  6
ByLayer
 62
  256
370
   -1
100
AcDbPolyline
 90
    4
 70
    1
 43
0
 10
62.15431145841091
 20
7.116785327145493
 10
67.51281274697638
 20
4.897221419427993
 10
66.59437250930016
 20
2.679910541400801
 10
61.23587122073469
 20
4.899474449118401
  0
CIRCLE
  5
275
100
AcDbEntity
  8
0
  6
ByLayer
 62
  256
370
   -1
100
AcDbCircle
 10
114.3
 20
0
 40
3.5
  0
LWPOLYLINE
  5
276
100
AcDbEntity
  8
0
  6
ByLayer
 62
  256
370
   -1
100
AcDbPolyline
 90
    4
 70
    1
 43
0
 10
98.59999999999999
 20
1.199999999999989
 10
104.4
 20
1.199999999999989
 10
104.4
 20
-1.200000000000003
 10
98.59999999999999
 20
-1.200000000000003
  0
LWPOLYLINE
  5
277
100
AcDbEntity
  8
0
  6
ByLayer
 62
  256
370
   -1
100
AcDbPolyline
 90
    4
 70
    1
 43
0
 10
99.3358712207347
 20
-4.899474449118401
 10
104.6943725093001
 20
-2.679910541400901
 10
105.6128127469764
 20
-4.897221419427908
 10
100.2543114584109
 20
-7.116785327145507
  0
LWPOLYLINE
  5
278
100
AcDbEntity
  8
0
  6
ByLayer
 62
  256
370
   -1
100
AcDbPolyline
 90
    4
 70
    1
 43
0
 10
124.5530483272049
 20
-11.9501046020527
 10
120.451828996323
 20
-7.848885271170701
 10
122.1488852711707
 20
-6.151828996323005
 10
126.2501046020527
 20
-10.25304832720491
  0
LWPOLYLINE
  5
279
100
AcDbEntity
  8
0
  6
ByLayer
 62
  256
370
   -1
100
AcDbPolyline
 90
    4
 70
    1
 43
0
 10
130
 20
-1.200000000000003
 10
124.2
 20
-1.200000000000003
 10
124.2
 20
1.199999999999989
 10
130
 20
1.199999999999989
  0
LWPOLYLINE
  5
27A
100
AcDbEntity
  8
0
  6
ByLayer
 62
  256
370
   -1
100
AcDbPolyline
 90
    4
 70
    1
 43
0
 10
129.2641287792653
 20
4.899474449118301
 10
123.9056274906999
 20
2.679910541400801
 10
122.9871872530236
 20
4.897221419427893
 10
128.3456885415891
 20
7.116785327145394
  0
LWPOLYLINE
  5
27B
100
AcDbEntity
  8
0
  6
ByLayer
 62
  256
370
   -1
100
AcDbPolyline
 90
    4
 70
    1
 43
0
 10
126.2501046020527
 20
10.25304832720489
 10
122.1488852711707
 20
6.15182899632299
 10
120.451828996323
 20
7.848885271170701
 10
124.5530483272049
 20
11.95010460205269
  0
LWPOLYLINE
  5
27C
100
AcDbEntity
  8
0
  6
ByLayer
 62
  256
370
   -1
100
AcDbPolyline
 90
    4
 70
    1
 43
0
 10
121.4167853271455
 20
14.0456885415891
 10
119.1972214194279
 20
8.687187253023595
 10
116.9799105414008
 20
9.605627490699888
 10
119.1994744491184
 20
14.96412877926529
  0
LWPOLYLINE
  5
27D
100
AcDbEntity
  8
0
  6
ByLayer
 62
  256
370
   -1
100
AcDbPolyline
 90
    4
 70
    1
 43
0
 10
115.5
 20
15.69999999999999
 10
115.5
 20
9.899999999999991
 10
113.1
 20
9.899999999999991
 10
113.1
 20
15.69999999999999
  0
LWPOLYLINE
  5
27E
100
AcDbEntity
  8
0
  6
ByLayer
 62
  256
370
   -1
100
AcDbPolyline
 90
    4
 70
    1
 43
0
 10
104.0469516727951
 20
11.95010460205269
 10
108.148171003677
 20
7.848885271170701
 10
106.4511147288293
 20
6.15182899632299
 10
102.3498953979473
 20
10.25304832720489
  0
LWPOLYLINE
  5
27F
100
AcDbEntity
  8
0
  6
ByLayer
 62
  256
370
   -1
100
AcDbPolyline
 90
    4
 70
    1
 43
0
 10
102.3498953979473
 20
-10.25304832720491
 10
106.4511147288293
 20
-6.151828996323005
 10
108.148171003677
 20
-7.848885271170701
 10
104.0469516727951
 20
-11.9501046020527
  0
LWPOLYLINE
  5
280
100
AcDbEntity
  8
0
  6
ByLayer
 62
  256
370
   -1
100
AcDbPolyline
 90
    4
 70
    1
 43
0
 10
128.3456885415891
 20
-7.116785327145507
 10
122.9871872530236
 20
-4.897221419427908
 10
123.9056274906999
 20
-2.679910541400901
 10
129.2641287792653
 20
-4.899474449118401
  0
LWPOLYLINE
  5
281
100
AcDbEntity
  8
0
  6
ByLayer
 62
  256
370
   -1
100
AcDbPolyline
 90
    4
 70
    1
 43
0
 10
109.4005255508816
 20
14.96412877926529
 10
111.6200894585992
 20
9.605627490699888
 10
109.4027785805721
 20
8.687187253023595
 10
107.1832146728545
 20
14.0456885415891
  0
LWPOLYLINE
  5
282
100
AcDbEntity
  8
0
  6
ByLayer
 62
  256
370
   -1
100
AcDbPolyline
 90
    4
 70
    1
 43
0
 10
100.2543114584109
 20
7.116785327145493
 10
105.6128127469764
 20
4.897221419427993
 10
104.6943725093002
 20
2.679910541400801
 10
99.3358712207347
 20
4.899474449118401
  0
CIRCLE
  5
283
100
AcDbEntity
  8
0
  6
ByLayer
 62
  256
370
   -1
100
AcDbCircle
 10
60.89999999999998
 20
-15.11900000000011
 40
1.5
  0
CIRCLE
  5
284
100
AcDbEntity
  8
0
  6
ByLayer
 62
  256
370
   -1
100
AcDbCircle
 10
19.04899999999998
 20
53.39999999999999
 40
1.6
  0
CIRCLE
  5
285
100
AcDbEntity
  8
0
  6
ByLayer
 62
  256
370
   -1
100
AcDbCircle
 10
19.04899999999998
 20
-15.18000000000001
 40
1.6
  0
CIRCLE
  5
286
100
AcDbEntity
  8
0
  6
ByLayer
 62
  256
370
   -1
100
AcDbCircle
 10
53.33900000000006
 20
-15.18000000000001
 40
1.6
  0
CIRCLE
  5
287
100
AcDbEntity
  8
0
  6
ByLayer
 62
  256
370
   -1
100
AcDbCircle
 10
60.95999999999998
 20
53.40099999999997
 40
1.6
  0
CIRCLE
  5
288
100
AcDbEntity
  8
0
  6
ByLayer
 62
  256
370
   -1
100
AcDbCircle
 10
95.24999999999994
 20
53.40099999999997
 40
1.6
  0
CIRCLE
  5
289
100
AcDbEntity
  8
0
  6
ByLayer
 62
  256
370
   -1
100
AcDbCircle
 10
95.24999999999994
 20
-15.17900000000012
 40
1.6
  0
LWPOLYLINE
  5
28A
100
AcDbEntity
  8
0
  6
ByLayer
 62
  256
370
   -1
100
AcDbPolyline
 90
    4
 70
    1
 43
0
 10
-6.28100000000002
 20
22.39999999999999
 10
-6.28100000000002
 20
28.19999999999999
 10
-3.881000000000014
 20
28.19999999999999
 10
-3.881000000000014
 20
22.39999999999999
  0
LWPOLYLINE
  5
28B
100
AcDbEntity
  8
0
  6
ByLayer
 62
  256
370
   -1
100
AcDbPolyline
 90
    4
 70
    1
 43
0
 10
3.879000000000007
 20
22.39999999999999
 10
3.879000000000007
 20
28.19999999999999
 10
6.279000000000012
 20
28.19999999999999
 10
6.279000000000012
 20
22.39999999999999
  0
LWPOLYLINE
  5
28C
100
AcDbEntity
  8
0
  6
ByLayer
 62
  256
370
   -1
100
AcDbPolyline
 90
    4
 70
    1
 43
0
 10
36.9
 20
22.39999999999999
 10
36.9
 20
28.19999999999999
 10
39.3
 20
28.19999999999999
 10
39.3
 20
22.39999999999999
  0
LWPOLYLINE
  5
28D
100
AcDbEntity
  8
0
  6
ByLayer
 62
  256
370
   -1
100
AcDbPolyline
 90
    4
 70
    1
 43
0
 10
31.81899999999998
 20
22.39999999999999
 10
31.81899999999998
 20
28.19999999999999
 10
34.21899999999999
 20
28.19999999999999
 10
34.21899999999999
 20
22.39999999999999
  0
LWPOLYLINE
  5
28E
100
AcDbEntity
  8
0
  6
ByLayer
 62
  256
370
   -1
100
AcDbPolyline
 90
    4
 70
    1
 43
0
 10
41.97900000000001
 20
22.39999999999999
 10
41.97900000000001
 20
28.19999999999999
 10
44.37900000000001
 20
28.19999999999999
 10
44.37900000000001
 20
22.39999999999999
  0
LWPOLYLINE
  5
28F
100
AcDbEntity
  8
0
  6
ByLayer
 62
  256
370
   -1
100
AcDbPolyline
 90
    4
 70
    1
 43
0
 10
75
 20
22.39999999999999
 10
75
 20
28.19999999999999
 10
77.40000000000001
 20
28.19999999999999
 10
77.40000000000001
 20
22.39999999999999
  0
LWPOLYLINE
  5
290
100
AcDbEntity
  8
0
  6
ByLayer
 62
  256
370
   -1
100
AcDbPolyline
 90
    4
 70
    1
 43
0
 10
69.91899999999998
 20
22.39999999999999
 10
69.91899999999998
 20
28.19999999999999
 10
72.31899999999999
 20
28.19999999999999
 10
72.31899999999999
 20
22.39999999999999
  0
LWPOLYLINE
  5
291
100
AcDbEntity
  8
0
  6
ByLayer
 62
  256
370
   -1
100
AcDbPolyline
 90
    4
 70
    1
 43
0
 10
80.07900000000001
 20
22.39999999999999
 10
80.07900000000001
 20
28.19999999999999
 10
82.47900000000001
 20
28.19999999999999
 10
82.47900000000001
 20
22.39999999999999
  0
LWPOLYLINE
  5
292
100
AcDbEntity
  8
0
  6
ByLayer
 62
  256
370
   -1
100
AcDbPolyline
 90
    4
 70
    1
 43
0
 10
113.1
 20
22.39999999999999
 10
113.1
 20
28.19999999999999
 10
115.5
 20
28.19999999999999
 10
115.5
 20
22.39999999999999
  0
LWPOLYLINE
  5
293
100
AcDbEntity
  8
0
  6
ByLayer
 62
  256
370
   -1
100
AcDbPolyline
 90
    4
 70
    1
 43
0
 10
108.019
 20
22.39999999999999
 10
108.019
 20
28.19999999999999
 10
110.419
 20
28.19999999999999
 10
110.419
 20
22.39999999999999
  0
LWPOLYLINE
  5
294
100
AcDbEntity
  8
0
  6
ByLayer
 62
  256
370
   -1
100
AcDbPolyline
 90
    4
 70
    1
 43
0
 10
118.179
 20
22.39999999999999
 10
118.179
 20
28.19999999999999
 10
120.579
 20
28.19999999999999
 10
120.579
 20
22.39999999999999
  0
LWPOLYLINE
  5
295
100
AcDbEntity
  8
0
  6
ByLayer
 62
  256
370
   -1
100
AcDbPolyline
 90
    4
 70
    1
 43
0
 10
-1.200000000000004
 20
-15.70000000000002
 10
-1.200000000000004
 20
-9.900000000000006
 10
1.200000000000002
 20
-9.900000000000006
 10
1.200000000000002
 20
-15.70000000000002
  0
LWPOLYLINE
  5
296
100
AcDbEntity
  8
0
  6
ByLayer
 62
  256
370
   -1
100
AcDbPolyline
 90
    4
 70
    1
 43
0
 10
-6.28100000000002
 20
-15.70000000000002
 10
-6.28100000000002
 20
-9.900000000000006
 10
-3.881000000000014
 20
-9.900000000000006
 10
-3.881000000000014
 20
-15.70000000000002
  0
LWPOLYLINE
  5
297
100
AcDbEntity
  8
0
  6
ByLayer
 62
  256
370
   -1
100
AcDbPolyline
 90
    4
 70
    1
 43
0
 10
3.879000000000007
 20
-15.70000000000002
 10
3.879000000000007
 20
-9.900000000000006
 10
6.279000000000012
 20
-9.900000000000006
 10
6.279000000000012
 20
-15.70000000000002
  0
LWPOLYLINE
  5
298
100
AcDbEntity
  8
0
  6
ByLayer
 62
  256
370
   -1
100
AcDbPolyline
 90
    4
 70
    1
 43
0
 10
36.9
 20
-15.70000000000002
 10
36.9
 20
-9.900000000000006
 10
39.3
 20
-9.900000000000006
 10
39.3
 20
-15.70000000000002
  0
LWPOLYLINE
  5
299
100
AcDbEntity
  8
0
  6
ByLayer
 62
  256
370
   -1
100
AcDbPolyline
 90
    4
 70
    1
 43
0
 10
31.81899999999998
 20
-15.70000000000002
 10
31.81899999999998
 20
-9.900000000000006
 10
34.21899999999999
 20
-9.900000000000006
 10
34.21899999999999
 20
-15.70000000000002
  0
LWPOLYLINE
  5
29A
100
AcDbEntity
  8
0
  6
ByLayer
 62
  256
370
   -1
100
AcDbPolyline
 90
    4
 70
    1
 43
0
 10
41.97900000000001
 20
-15.70000000000002
 10
41.97900000000001
 20
-9.900000000000006
 10
44.37900000000001
 20
-9.900000000000006
 10
44.37900000000001
 20
-15.70000000000002
  0
LWPOLYLINE
  5
29B
100
AcDbEntity
  8
0
  6
ByLayer
 62
  256
370
   -1
100
AcDbPolyline
 90
    4
 70
    1
 43
0
 10
75
 20
-15.70000000000002
 10
75
 20
-9.900000000000006
 10
77.40000000000001
 20
-9.900000000000006
 10
77.40000000000001
 20
-15.70000000000002
  0
LWPOLYLINE
  5
29C
100
AcDbEntity
  8
0
  6
ByLayer
 62
  256
370
   -1
100
AcDbPolyline
 90
    4
 70
    1
 43
0
 10
69.91899999999998
 20
-15.70000000000002
 10
69.91899999999998
 20
-9.900000000000006
 10
72.31899999999999
 20
-9.900000000000006
 10
72.31899999999999
 20
-15.70000000000002
  0
LWPOLYLINE
  5
29D
100
AcDbEntity
  8
0
  6
ByLayer
 62
  256
370
   -1
100
AcDbPolyline
 90
    4
 70
    1
 43
0
 10
80.07900000000001
 20
-15.70000000000002
 10
80.07900000000001
 20
-9.900000000000006
 10
82.47900000000001
 20
-9.900000000000006
 10
82.47900000000001
 20
-15.70000000000002
  0
LWPOLYLINE
  5
29E
100
AcDbEntity
  8
0
  6
ByLayer
 62
  256
370
   -1
100
AcDbPolyline
 90
    4
 70
    1
 43
0
 10
113.1
 20
-15.70000000000002
 10
113.1
 20
-9.900000000000006
 10
115.5
 20
-9.900000000000006
 10
115.5
 20
-15.70000000000002
  0
LWPOLYLINE
  5
29F
100
AcDbEntity
  8
0
  6
ByLayer
 62
  256
370
   -1
100
AcDbPolyline
 90
    4
 70
    1
 43
0
 10
108.019
 20
-15.70000000000002
 10
108.019
 20
-9.900000000000006
 10
110.419
 20
-9.900000000000006
 10
110.419
 20
-15.70000000000002
  0
LWPOLYLINE
  5
2A0
100
AcDbEntity
  8
0
  6
ByLayer
 62
  256
370
   -1
100
AcDbPolyline
 90
    4
 70
    1
 43
0
 10
118.179
 20
-15.70000000000002
 10
118.179
 20
-9.900000000000006
 10
120.579
 20
-9.900000000000006
 10
120.579
 20
-15.70000000000002
  0
ENDBLK
  5
E4
330
E2
100
AcDbEntity
  8
0
100
AcDbBlockEnd
  0
BLOCK
  5
E6
330
E5
100
AcDbEntity
  8
0
100
AcDbBlockBegin
  2
BLOCK_FIXED_GRID_DJ_4X2_Keypad_020226-0
 70
    0
 10
0
 20
0
  3
BLOCK_FIXED_GRID_DJ_4X2_Keypad_020226-0
  1

  0
LWPOLYLINE
  5
2A1
100
AcDbEntity
  8
PCB_KEYBPAD
  6
ByLayer
 62
  256
370
   -1
100
AcDbPolyline
 90
    4
 70
    1
 43
0
 10
0.1270000000630773
 20
109.22
 10
162.686999999947
 20
109.22
 10
162.686999999947
 20
96.5200000000001
 10
0.1270000000630773
 20
96.5200000000001
  0
LWPOLYLINE
  5
2A2
100
AcDbEntity
  8
PCB_KEYBPAD
  6
ByLayer
 62
  256
370
   -1
100
AcDbPolyline
 90
    4
 70
    1
 43
0
 10
0.06350000006306544
 20
89.15399999999892
 10
162.6235000000631
 20
89.15399999999892
 10
162.6235000000631
 20
23.24099999999996
 10
0.06350000006306544
 20
23.24099999999996
  0
LWPOLYLINE
  5
2A3
100
AcDbEntity
  8
PCB_KEYBPAD
  6
ByLayer
 62
  256
370
   -1
100
AcDbPolyline
 90
    4
 70
    1
 43
0
 10
0.06350000006307255
 20
12.63650000000007
 10
162.6235000000631
 20
12.63650000000007
 10
162.6235000000631
 20
-0.06350000007670076
 10
0.06350000006307255
 20
-0.06350000007670076
  0
CIRCLE
  5
2A4
100
AcDbEntity
  8
PCB_KEYBPAD
  6
ByLayer
 62
  256
370
   -1
100
AcDbCircle
 10
3.873500000063075
 20
104.14
 40
1.5
  0
CIRCLE
  5
2A5
100
AcDbEntity
  8
PCB_KEYBPAD
  6
ByLayer
 62
  256
370
   -1
100
AcDbCircle
 10
81.3435000000631
 20
104.14
 40
1.5
  0
CIRCLE
  5
2A6
100
AcDbEntity
  8
PCB_KEYBPAD
  6
ByLayer
 62
  256
370
   -1
100
AcDbCircle
 10
158.8135000000631
 20
104.14
 40
1.5
  0
CIRCLE
  5
2A7
100
AcDbEntity
  8
PCB_KEYBPAD
  6
ByLayer
 62
  256
370
   -1
100
AcDbCircle
 10
158.8135000000631
 20
84.13750000000005
 40
1.5
  0
CIRCLE
  5
2A8
100
AcDbEntity
  8
PCB_KEYBPAD
  6
ByLayer
 62
  256
370
   -1
100
AcDbCircle
 10
81.3435000000631
 20
84.13750000000005
 40
1.5
  0
CIRCLE
  5
2A9
100
AcDbEntity
  8
PCB_KEYBPAD
  6
ByLayer
 62
  256
370
   -1
100
AcDbCircle
 10
3.873500000063075
 20
84.13750000000005
 40
1.5
  0
CIRCLE
  5
2AA
100
AcDbEntity
  8
PCB_KEYBPAD
  6
ByLayer
 62
  256
370
   -1
100
AcDbCircle
 10
3.873500000063075
 20
60.64250000000004
 40
1.5
  0
CIRCLE
  5
2AB
100
AcDbEntity
  8
PCB_KEYBPAD
  6
ByLayer
 62
  256
370
   -1
100
AcDbCircle
 10
3.873500000063075
 20
41.59250000000009
 40
1.5
  0
CIRCLE
  5
2AC
100
AcDbEntity
  8
PCB_KEYBPAD
  6
ByLayer
 62
  256
370
   -1
100
AcDbCircle
 10
3.873500000063075
 20
28.25750000000005
 40
1.5
  0
CIRCLE
  5
2AD
100
AcDbEntity
  8
PCB_KEYBPAD
  6
ByLayer
 62
  256
370
   -1
100
AcDbCircle
 10
158.8135000000631
 20
28.25750000000005
 40
1.5
  0
CIRCLE
  5
2AE
100
AcDbEntity
  8
PCB_KEYBPAD
  6
ByLayer
 62
  256
370
   -1
100
AcDbCircle
 10
158.8135000000631
 20
41.59250000000009
 40
1.5
  0
CIRCLE
  5
2AF
100
AcDbEntity
  8
PCB_KEYBPAD
  6
ByLayer
 62
  256
370
   -1
100
AcDbCircle
 10
158.8135000000631
 20
60.64250000000004
 40
1.5
  0
CIRCLE
  5
2B0
100
AcDbEntity
  8
PCB_KEYBPAD
  6
ByLayer
 62
  256
370
   -1
100
AcDbCircle
 10
3.873500000063075
 20
5.080000000000041
 40
1.5
  0
CIRCLE
  5
2B1
100
AcDbEntity
  8
PCB_KEYBPAD
  6
ByLayer
 62
  256
370
   -1
100
AcDbCircle
 10
158.8135000000631
 20
5.080000000000041
 40
1.5
  0
LWPOLYLINE
  5
2B2
100
AcDbEntity
  8
PCB_KEYBPAD
  6
ByLayer
 62
  256
370
   -1
100
AcDbPolyline
 90
    4
 70
    1
 43
0
 10
33.90970000007014
 20
86.0425
 10
47.51350000006312
 20
86.0425
 10
47.51350000006312
 20
79.6925
 10
33.90970000007014
 20
79.6925
  0
LWPOLYLINE
  5
2B3
100
AcDbEntity
  8
PCB_KEYBPAD
  6
ByLayer
 62
  256
370
   -1
100
AcDbPolyline
 90
    4
 70
    1
 43
0
 10
111.3797000000631
 20
86.0425
 10
124.9835000000631
 20
86.0425
 10
124.9835000000631
 20
79.6925
 10
111.3797000000631
 20
79.6925
  0
LWPOLYLINE
  5
2B4
100
AcDbEntity
  8
PCB_KEYBPAD
  6
ByLayer
 62
  256
370
   -1
100
AcDbPolyline
 90
    4
 70
    1
 43
0
 10
5.773200000071709
 20
74.52250000000868
 10
23.56380000006245
 20
74.52250000000868
 10
23.56380000006245
 20
56.92249999999934
 10
5.773200000071709
 20
56.92249999999934
  0
LWPOLYLINE
  5
2B5
100
AcDbEntity
  8
PCB_KEYBPAD
  6
ByLayer
 62
  256
370
   -1
100
AcDbPolyline
 90
    4
 70
    1
 43
0
 10
24.823200000063
 20
74.52249999999997
 10
42.51850000006311
 20
74.52249999999997
 10
42.51850000006311
 20
56.92249999999999
 10
24.823200000063
 20
56.92249999999999
  0
LWPOLYLINE
  5
2B6
100
AcDbEntity
  8
PCB_KEYBPAD
  6
ByLayer
 62
  256
370
   -1
100
AcDbPolyline
 90
    4
 70
    1
 43
0
 10
43.9685000000631
 20
74.42720000000949
 10
61.66380000006914
 20
74.42720000000949
 10
61.66380000006914
 20
56.92250000000612
 10
43.9685000000631
 20
56.92250000000612
  0
LWPOLYLINE
  5
2B7
100
AcDbEntity
  8
PCB_KEYBPAD
  6
ByLayer
 62
  256
370
   -1
100
AcDbPolyline
 90
    4
 70
    1
 43
0
 10
63.11380000006243
 20
74.52250000000004
 10
80.52320000005531
 20
74.52250000000004
 10
80.52320000005531
 20
56.92249999999999
 10
63.11380000006243
 20
56.92249999999999
  0
LWPOLYLINE
  5
2B8
100
AcDbEntity
  8
PCB_KEYBPAD
  6
ByLayer
 62
  256
370
   -1
100
AcDbPolyline
 90
    4
 70
    1
 43
0
 10
82.06850000007506
 20
74.61780000001198
 10
99.76380000006866
 20
74.61780000001198
 10
99.76380000006866
 20
56.92250000000557
 10
82.06850000007506
 20
56.92250000000557
  0
LWPOLYLINE
  5
2B9
100
AcDbEntity
  8
PCB_KEYBPAD
  6
ByLayer
 62
  256
370
   -1
100
AcDbPolyline
 90
    4
 70
    1
 43
0
 10
101.1185000000631
 20
74.52250000000004
 10
118.8138000000687
 20
74.52250000000004
 10
118.8138000000687
 20
56.92250000000557
 10
101.1185000000631
 20
56.92250000000557
  0
LWPOLYLINE
  5
2BA
100
AcDbEntity
  8
PCB_KEYBPAD
  6
ByLayer
 62
  256
370
   -1
100
AcDbPolyline
 90
    4
 70
    1
 43
0
 10
120.1685000000975
 20
74.61780000003435
 10
137.6732000000576
 20
74.61780000003435
 10
137.6732000000576
 20
56.92250000000001
 10
120.1685000000975
 20
56.92250000000001
  0
LWPOLYLINE
  5
2BB
100
AcDbEntity
  8
PCB_KEYBPAD
  6
ByLayer
 62
  256
370
   -1
100
AcDbPolyline
 90
    4
 70
    1
 43
0
 10
139.3138000001107
 20
74.52250000000004
 10
156.9138000000505
 20
74.52250000000004
 10
156.9138000000505
 20
56.92249999998758
 10
139.3138000001107
 20
56.92249999998758
  0
LWPOLYLINE
  5
2BC
100
AcDbEntity
  8
PCB_KEYBPAD
  6
ByLayer
 62
  256
370
   -1
100
AcDbPolyline
 90
    4
 70
    1
 43
0
 10
139.3138000000975
 20
55.47250000000008
 10
156.7232000000576
 20
55.47250000000008
 10
156.7232000000576
 20
37.87250000000007
 10
139.3138000000975
 20
37.87250000000007
  0
LWPOLYLINE
  5
2BD
100
AcDbEntity
  8
PCB_KEYBPAD
  6
ByLayer
 62
  256
370
   -1
100
AcDbPolyline
 90
    4
 70
    1
 43
0
 10
120.1685000000631
 20
55.37719999996632
 10
137.7685000000894
 20
55.37719999996632
 10
137.7685000000894
 20
37.77720000002633
 10
120.1685000000631
 20
37.77720000002633
  0
LWPOLYLINE
  5
2BE
100
AcDbEntity
  8
PCB_KEYBPAD
  6
ByLayer
 62
  256
370
   -1
100
AcDbPolyline
 90
    4
 70
    1
 43
0
 10
101.0232000000487
 20
55.4724999999857
 10
118.7185000000631
 20
55.4724999999857
 10
118.7185000000631
 20
37.96779999996757
 10
101.0232000000487
 20
37.96779999996757
  0
LWPOLYLINE
  5
2BF
100
AcDbEntity
  8
PCB_KEYBPAD
  6
ByLayer
 62
  256
370
   -1
100
AcDbPolyline
 90
    4
 70
    1
 43
0
 10
82.16380000002421
 20
55.47250000000008
 10
99.66850000006309
 20
55.47250000000008
 10
99.66850000006309
 20
37.96779999999859
 10
82.16380000002421
 20
37.96779999999859
  0
LWPOLYLINE
  5
2C0
100
AcDbEntity
  8
PCB_KEYBPAD
  6
ByLayer
 62
  256
370
   -1
100
AcDbPolyline
 90
    4
 70
    1
 43
0
 10
63.11380000003091
 20
55.47250000000008
 10
80.71380000008149
 20
55.47250000000008
 10
80.71380000008149
 20
37.87250000001846
 10
63.11380000003091
 20
37.87250000001846
  0
LWPOLYLINE
  5
2C1
100
AcDbEntity
  8
PCB_KEYBPAD
  6
ByLayer
 62
  256
370
   -1
100
AcDbPolyline
 90
    4
 70
    1
 43
0
 10
43.96850000006538
 20
55.56780000000226
 10
61.56850000006308
 20
55.56780000000226
 10
61.56850000006308
 20
37.96780000000682
 10
43.96850000006538
 20
37.96780000000682
  0
LWPOLYLINE
  5
2C2
100
AcDbEntity
  8
PCB_KEYBPAD
  6
ByLayer
 62
  256
370
   -1
100
AcDbPolyline
 90
    4
 70
    1
 43
0
 10
25.01380000005383
 20
55.47250000000008
 10
42.61380000006545
 20
55.47250000000008
 10
42.61380000006545
 20
37.87250000000239
 10
25.01380000005383
 20
37.87250000000239
  0
LWPOLYLINE
  5
2C3
100
AcDbEntity
  8
PCB_KEYBPAD
  6
ByLayer
 62
  256
370
   -1
100
AcDbPolyline
 90
    4
 70
    1
 43
0
 10
5.868500000063079
 20
55.37720000000338
 10
23.56380000006308
 20
55.37720000000338
 10
23.56380000006308
 20
37.87250000000002
 10
5.868500000063079
 20
37.87250000000002
  0
ENDBLK
  5
E7
330
E5
100
AcDbEntity
  8
0
100
AcDbBlockEnd
  0
BLOCK
  5
E9
330
E8
100
AcDbEntity
  8
0
100
AcDbBlockBegin
  2
PCB_Keypad2
 70
    0
 10
0
 20
0
  3
PCB_Keypad2
  1

  0
LWPOLYLINE
  5
2C4
100
AcDbEntity
  8
PCB_KEYBPAD
  6
ByLayer
 62
  256
370
   -1
100
AcDbPolyline
 90
    4
 70
    1
 43
0
 10
-162.56
 20
65.91299999999896
 10
0
 20
65.91299999999896
 10
0
 20
0
 10
-162.56
 20
0
  0
CIRCLE
  5
2C5
100
AcDbEntity
  8
PCB_KEYBPAD
  6
ByLayer
 62
  256
370
   -1
100
AcDbCircle
 10
-3.809999999999945
 20
60.89650000000009
 40
1.5
  0
CIRCLE
  5
2C6
100
AcDbEntity
  8
PCB_KEYBPAD
  6
ByLayer
 62
  256
370
   -1
100
AcDbCircle
 10
-81.27999999999997
 20
60.89650000000009
 40
1.5
  0
CIRCLE
  5
2C7
100
AcDbEntity
  8
PCB_KEYBPAD
  6
ByLayer
 62
  256
370
   -1
100
AcDbCircle
 10
-158.75
 20
60.89650000000009
 40
1.5
  0
CIRCLE
  5
2C8
100
AcDbEntity
  8
PCB_KEYBPAD
  6
ByLayer
 62
  256
370
   -1
100
AcDbCircle
 10
-158.75
 20
37.40150000000008
 40
1.5
  0
CIRCLE
  5
2C9
100
AcDbEntity
  8
PCB_KEYBPAD
  6
ByLayer
 62
  256
370
   -1
100
AcDbCircle
 10
-158.75
 20
18.35150000000013
 40
1.5
  0
CIRCLE
  5
2CA
100
AcDbEntity
  8
PCB_KEYBPAD
  6
ByLayer
 62
  256
370
   -1
100
AcDbCircle
 10
-158.75
 20
5.016500000000093
 40
1.5
  0
CIRCLE
  5
2CB
100
AcDbEntity
  8
PCB_KEYBPAD
  6
ByLayer
 62
  256
370
   -1
100
AcDbCircle
 10
-3.809999999999945
 20
5.016500000000093
 40
1.5
  0
CIRCLE
  5
2CC
100
AcDbEntity
  8
PCB_KEYBPAD
  6
ByLayer
 62
  256
370
   -1
100
AcDbCircle
 10
-3.809999999999945
 20
18.35150000000013
 40
1.5
  0
CIRCLE
  5
2CD
100
AcDbEntity
  8
PCB_KEYBPAD
  6
ByLayer
 62
  256
370
   -1
100
AcDbCircle
 10
-3.809999999999945
 20
37.40150000000008
 40
1.5
  0
LWPOLYLINE
  5
2CE
100
AcDbEntity
  8
PCB_KEYBPAD
  6
ByLayer
 62
  256
370
   -1
100
AcDbPolyline
 90
    4
 70
    1
 43
0
 10
-128.7137999999929
 20
62.80150000000005
 10
-115.11
 20
62.80150000000005
 10
-115.11
 20
56.45150000000004
 10
-128.7137999999929
 20
56.45150000000004
  0
LWPOLYLINE
  5
2CF
100
AcDbEntity
  8
PCB_KEYBPAD
  6
ByLayer
 62
  256
370
   -1
100
AcDbPolyline
 90
    4
 70
    1
 43
0
 10
-51.24379999999996
 20
62.80150000000005
 10
-37.63999999999999
 20
62.80150000000005
 10
-37.63999999999999
 20
56.45150000000004
 10
-51.24379999999996
 20
56.45150000000004
  0
LWPOLYLINE
  5
2D0
100
AcDbEntity
  8
PCB_KEYBPAD
  6
ByLayer
 62
  256
370
   -1
100
AcDbPolyline
 90
    4
 70
    1
 43
0
 10
-156.8502999999914
 20
51.28150000000872
 10
-139.0597000000006
 20
51.28150000000872
 10
-139.0597000000006
 20
33.68149999999937
 10
-156.8502999999914
 20
33.68149999999937
  0
LWPOLYLINE
  5
2D1
100
AcDbEntity
  8
PCB_KEYBPAD
  6
ByLayer
 62
  256
370
   -1
100
AcDbPolyline
 90
    4
 70
    1
 43
0
 10
-137.8003000000001
 20
51.28150000000001
 10
-120.105
 20
51.28150000000001
 10
-120.105
 20
33.68150000000003
 10
-137.8003000000001
 20
33.68150000000003
  0
LWPOLYLINE
  5
2D2
100
AcDbEntity
  8
PCB_KEYBPAD
  6
ByLayer
 62
  256
370
   -1
100
AcDbPolyline
 90
    4
 70
    1
 43
0
 10
-118.655
 20
51.18620000000953
 10
-100.9596999999939
 20
51.18620000000953
 10
-100.9596999999939
 20
33.68150000000617
 10
-118.655
 20
33.68150000000617
  0
LWPOLYLINE
  5
2D3
100
AcDbEntity
  8
PCB_KEYBPAD
  6
ByLayer
 62
  256
370
   -1
100
AcDbPolyline
 90
    4
 70
    1
 43
0
 10
-99.50970000000063
 20
51.28150000000008
 10
-82.10030000000779
 20
51.28150000000008
 10
-82.10030000000779
 20
33.68150000000003
 10
-99.50970000000063
 20
33.68150000000003
  0
LWPOLYLINE
  5
2D4
100
AcDbEntity
  8
PCB_KEYBPAD
  6
ByLayer
 62
  256
370
   -1
100
AcDbPolyline
 90
    4
 70
    1
 43
0
 10
-80.55499999998801
 20
51.37680000001203
 10
-62.8596999999944
 20
51.37680000001203
 10
-62.8596999999944
 20
33.68150000000561
 10
-80.55499999998801
 20
33.68150000000561
  0
LWPOLYLINE
  5
2D5
100
AcDbEntity
  8
PCB_KEYBPAD
  6
ByLayer
 62
  256
370
   -1
100
AcDbPolyline
 90
    4
 70
    1
 43
0
 10
-61.505
 20
51.28150000000008
 10
-43.80969999999439
 20
51.28150000000008
 10
-43.80969999999439
 20
33.68150000000561
 10
-61.505
 20
33.68150000000561
  0
LWPOLYLINE
  5
2D6
100
AcDbEntity
  8
PCB_KEYBPAD
  6
ByLayer
 62
  256
370
   -1
100
AcDbPolyline
 90
    4
 70
    1
 43
0
 10
-42.45499999996559
 20
51.37680000003439
 10
-24.95030000000548
 20
51.37680000003439
 10
-24.95030000000548
 20
33.68150000000006
 10
-42.45499999996559
 20
33.68150000000006
  0
LWPOLYLINE
  5
2D7
100
AcDbEntity
  8
PCB_KEYBPAD
  6
ByLayer
 62
  256
370
   -1
100
AcDbPolyline
 90
    4
 70
    1
 43
0
 10
-23.30969999995239
 20
51.28150000000008
 10
-5.709700000012617
 20
51.28150000000008
 10
-5.709700000012617
 20
33.68149999998762
 10
-23.30969999995239
 20
33.68149999998762
  0
LWPOLYLINE
  5
2D8
100
AcDbEntity
  8
PCB_KEYBPAD
  6
ByLayer
 62
  256
370
   -1
100
AcDbPolyline
 90
    4
 70
    1
 43
0
 10
-23.30969999996557
 20
32.23150000000012
 10
-5.900300000005473
 20
32.23150000000012
 10
-5.900300000005473
 20
14.6315000000001
 10
-23.30969999996557
 20
14.6315000000001
  0
LWPOLYLINE
  5
2D9
100
AcDbEntity
  8
PCB_KEYBPAD
  6
ByLayer
 62
  256
370
   -1
100
AcDbPolyline
 90
    4
 70
    1
 43
0
 10
-42.45499999999998
 20
32.13619999996637
 10
-24.85499999997364
 20
32.13619999996637
 10
-24.85499999997364
 20
14.53620000002638
 10
-42.45499999999998
 20
14.53620000002638
  0
LWPOLYLINE
  5
2DA
100
AcDbEntity
  8
PCB_KEYBPAD
  6
ByLayer
 62
  256
370
   -1
100
AcDbPolyline
 90
    4
 70
    1
 43
0
 10
-61.60030000001439
 20
32.23149999998574
 10
-43.90499999999997
 20
32.23149999998574
 10
-43.90499999999997
 20
14.7267999999676
 10
-61.60030000001439
 20
14.7267999999676
  0
LWPOLYLINE
  5
2DB
100
AcDbEntity
  8
PCB_KEYBPAD
  6
ByLayer
 62
  256
370
   -1
100
AcDbPolyline
 90
    4
 70
    1
 43
0
 10
-80.45970000003888
 20
32.23150000000012
 10
-62.95499999999998
 20
32.23150000000012
 10
-62.95499999999998
 20
14.72679999999863
 10
-80.45970000003888
 20
14.72679999999863
  0
LWPOLYLINE
  5
2DC
100
AcDbEntity
  8
PCB_KEYBPAD
  6
ByLayer
 62
  256
370
   -1
100
AcDbPolyline
 90
    4
 70
    1
 43
0
 10
-99.50970000003218
 20
32.23150000000012
 10
-81.90969999998157
 20
32.23150000000012
 10
-81.90969999998157
 20
14.63150000001852
 10
-99.50970000003218
 20
14.63150000001852
  0
LWPOLYLINE
  5
2DD
100
AcDbEntity
  8
PCB_KEYBPAD
  6
ByLayer
 62
  256
370
   -1
100
AcDbPolyline
 90
    4
 70
    1
 43
0
 10
-118.6549999999977
 20
32.32680000000229
 10
-101.055
 20
32.32680000000229
 10
-101.055
 20
14.72680000000688
 10
-118.6549999999977
 20
14.72680000000688
  0
LWPOLYLINE
  5
2DE
100
AcDbEntity
  8
PCB_KEYBPAD
  6
ByLayer
 62
  256
370
   -1
100
AcDbPolyline
 90
    4
 70
    1
 43
0
 10
-137.6097000000092
 20
32.23150000000012
 10
-120.0096999999976
 20
32.23150000000012
 10
-120.0096999999976
 20
14.63150000000243
 10
-137.6097000000092
 20
14.63150000000243
  0
LWPOLYLINE
  5
2DF
100
AcDbEntity
  8
PCB_KEYBPAD
  6
ByLayer
 62
  256
370
   -1
100
AcDbPolyline
 90
    4
 70
    1
 43
0
 10
-156.755
 20
32.13620000000341
 10
-139.0597
 20
32.13620000000341
 10
-139.0597
 20
14.63150000000005
 10
-156.755
 20
14.63150000000005
  0
ENDBLK
  5
EA
330
E8
100
AcDbEntity
  8
0
100
AcDbBlockEnd
  0
BLOCK
  5
EC
330
EB
100
AcDbEntity
  8
0
100
AcDbBlockBegin
  2
KEYPADLED_PCB
 70
    0
 10
0
 20
0
  3
KEYPADLED_PCB
  1

  0
LWPOLYLINE
  5
2E0
100
AcDbEntity
  8
PCB_KEYBPAD
  6
ByLayer
 62
  256
370
   -1
100
AcDbPolyline
 90
    4
 70
    1
 43
0
 10
0
 20
12.6999999999999
 10
162.5599999998839
 20
12.6999999999999
 10
162.5599999998839
 20
0
 10
0
 20
0
  0
CIRCLE
  5
2E1
100
AcDbEntity
  8
PCB_KEYBPAD
  6
ByLayer
 62
  256
370
   -1
100
AcDbCircle
 10
3.746499999999997
 20
7.619999999999905
 40
1.5
  0
CIRCLE
  5
2E2
100
AcDbEntity
  8
PCB_KEYBPAD
  6
ByLayer
 62
  256
370
   -1
100
AcDbCircle
 10
81.21650000000002
 20
7.619999999999905
 40
1.5
  0
CIRCLE
  5
2E3
100
AcDbEntity
  8
PCB_KEYBPAD
  6
ByLayer
 62
  256
370
   -1
100
AcDbCircle
 10
158.6865000000001
 20
7.619999999999905
 40
1.5
  0
ENDBLK
  5
ED
330
EB
100
AcDbEntity
  8
0
100
AcDbBlockEnd
  0
BLOCK
  5
EF
330
EE
100
AcDbEntity
  8
0
100
AcDbBlockBegin
  2
BLOCK_FIXED_GRID_DJ_4X2_Keypad_020226-1
 70
    0
 10
0
 20
0
  3
BLOCK_FIXED_GRID_DJ_4X2_Keypad_020226-1
  1

  0
LWPOLYLINE
  5
2E4
100
AcDbEntity
  8
PCB_KEYBPAD
  6
ByLayer
 62
  256
370
   -1
100
AcDbPolyline
 90
    4
 70
    1
 43
0
 10
0.1270000000630773
 20
109.22
 10
162.686999999947
 20
109.22
 10
162.686999999947
 20
96.5200000000001
 10
0.1270000000630773
 20
96.5200000000001
  0
LWPOLYLINE
  5
2E5
100
AcDbEntity
  8
PCB_KEYBPAD
  6
ByLayer
 62
  256
370
   -1
100
AcDbPolyline
 90
    4
 70
    1
 43
0
 10
0.06350000006306544
 20
89.15399999999892
 10
162.6235000000631
 20
89.15399999999892
 10
162.6235000000631
 20
23.24099999999996
 10
0.06350000006306544
 20
23.24099999999996
  0
LWPOLYLINE
  5
2E6
100
AcDbEntity
  8
PCB_KEYBPAD
  6
ByLayer
 62
  256
370
   -1
100
AcDbPolyline
 90
    4
 70
    1
 43
0
 10
0.06350000006307255
 20
12.63650000000007
 10
162.6235000000631
 20
12.63650000000007
 10
162.6235000000631
 20
-0.06350000007670076
 10
0.06350000006307255
 20
-0.06350000007670076
  0
CIRCLE
  5
2E7
100
AcDbEntity
  8
PCB_KEYBPAD
  6
ByLayer
 62
  256
370
   -1
100
AcDbCircle
 10
3.873500000063075
 20
104.14
 40
1.5
  0
CIRCLE
  5
2E8
100
AcDbEntity
  8
PCB_KEYBPAD
  6
ByLayer
 62
  256
370
   -1
100
AcDbCircle
 10
81.3435000000631
 20
104.14
 40
1.5
  0
CIRCLE
  5
2E9
100
AcDbEntity
  8
PCB_KEYBPAD
  6
ByLayer
 62
  256
370
   -1
100
AcDbCircle
 10
158.8135000000631
 20
104.14
 40
1.5
  0
CIRCLE
  5
2EA
100
AcDbEntity
  8
PCB_KEYBPAD
  6
ByLayer
 62
  256
370
   -1
100
AcDbCircle
 10
158.8135000000631
 20
84.13750000000005
 40
1.5
  0
CIRCLE
  5
2EB
100
AcDbEntity
  8
PCB_KEYBPAD
  6
ByLayer
 62
  256
370
   -1
100
AcDbCircle
 10
81.3435000000631
 20
84.13750000000005
 40
1.5
  0
CIRCLE
  5
2EC
100
AcDbEntity
  8
PCB_KEYBPAD
  6
ByLayer
 62
  256
370
   -1
100
AcDbCircle
 10
3.873500000063075
 20
84.13750000000005
 40
1.5
  0
CIRCLE
  5
2ED
100
AcDbEntity
  8
PCB_KEYBPAD
  6
ByLayer
 62
  256
370
   -1
100
AcDbCircle
 10
3.873500000063075
 20
60.64250000000004
 40
1.5
  0
CIRCLE
  5
2EE
100
AcDbEntity
  8
PCB_KEYBPAD
  6
ByLayer
 62
  256
370
   -1
100
AcDbCircle
 10
3.873500000063075
 20
41.59250000000009
 40
1.5
  0
CIRCLE
  5
2EF
100
AcDbEntity
  8
PCB_KEYBPAD
  6
ByLayer
 62
  256
370
   -1
100
AcDbCircle
 10
3.873500000063075
 20
28.25750000000005
 40
1.5
  0
CIRCLE
  5
2F0
100
AcDbEntity
  8
PCB_KEYBPAD
  6
ByLayer
 62
  256
370
   -1
100
AcDbCircle
 10
158.8135000000631
 20
28.25750000000005
 40
1.5
  0
CIRCLE
  5
2F1
100
AcDbEntity
  8
PCB_KEYBPAD
  6
ByLayer
 62
  256
370
   -1
100
AcDbCircle
 10
158.8135000000631
 20
41.59250000000009
 40
1.5
  0
CIRCLE
  5
2F2
100
AcDbEntity
  8
PCB_KEYBPAD
  6
ByLayer
 62
  256
370
   -1
100
AcDbCircle
 10
158.8135000000631
 20
60.64250000000004
 40
1.5
  0
CIRCLE
  5
2F3
100
AcDbEntity
  8
PCB_KEYBPAD
  6
ByLayer
 62
  256
370
   -1
100
AcDbCircle
 10
3.873500000063075
 20
5.080000000000041
 40
1.5
  0
CIRCLE
  5
2F4
100
AcDbEntity
  8
PCB_KEYBPAD
  6
ByLayer
 62
  256
370
   -1
100
AcDbCircle
 10
158.8135000000631
 20
5.080000000000041
 40
1.5
  0
LWPOLYLINE
  5
2F5
100
AcDbEntity
  8
PCB_KEYBPAD
  6
ByLayer
 62
  256
370
   -1
100
AcDbPolyline
 90
    4
 70
    1
 43
0
 10
33.90970000007014
 20
86.0425
 10
47.51350000006312
 20
86.0425
 10
47.51350000006312
 20
79.6925
 10
33.90970000007014
 20
79.6925
  0
LWPOLYLINE
  5
2F6
100
AcDbEntity
  8
PCB_KEYBPAD
  6
ByLayer
 62
  256
370
   -1
100
AcDbPolyline
 90
    4
 70
    1
 43
0
 10
111.3797000000631
 20
86.0425
 10
124.9835000000631
 20
86.0425
 10
124.9835000000631
 20
79.6925
 10
111.3797000000631
 20
79.6925
  0
LWPOLYLINE
  5
2F7
100
AcDbEntity
  8
PCB_KEYBPAD
  6
ByLayer
 62
  256
370
   -1
100
AcDbPolyline
 90
    4
 70
    1
 43
0
 10
5.773200000071709
 20
74.52250000000868
 10
23.56380000006245
 20
74.52250000000868
 10
23.56380000006245
 20
56.92249999999934
 10
5.773200000071709
 20
56.92249999999934
  0
LWPOLYLINE
  5
2F8
100
AcDbEntity
  8
PCB_KEYBPAD
  6
ByLayer
 62
  256
370
   -1
100
AcDbPolyline
 90
    4
 70
    1
 43
0
 10
24.823200000063
 20
74.52249999999997
 10
42.51850000006311
 20
74.52249999999997
 10
42.51850000006311
 20
56.92249999999999
 10
24.823200000063
 20
56.92249999999999
  0
LWPOLYLINE
  5
2F9
100
AcDbEntity
  8
PCB_KEYBPAD
  6
ByLayer
 62
  256
370
   -1
100
AcDbPolyline
 90
    4
 70
    1
 43
0
 10
43.9685000000631
 20
74.42720000000949
 10
61.66380000006914
 20
74.42720000000949
 10
61.66380000006914
 20
56.92250000000612
 10
43.9685000000631
 20
56.92250000000612
  0
LWPOLYLINE
  5
2FA
100
AcDbEntity
  8
PCB_KEYBPAD
  6
ByLayer
 62
  256
370
   -1
100
AcDbPolyline
 90
    4
 70
    1
 43
0
 10
63.11380000006243
 20
74.52250000000004
 10
80.52320000005531
 20
74.52250000000004
 10
80.52320000005531
 20
56.92249999999999
 10
63.11380000006243
 20
56.92249999999999
  0
LWPOLYLINE
  5
2FB
100
AcDbEntity
  8
PCB_KEYBPAD
  6
ByLayer
 62
  256
370
   -1
100
AcDbPolyline
 90
    4
 70
    1
 43
0
 10
82.06850000007506
 20
74.61780000001198
 10
99.76380000006866
 20
74.61780000001198
 10
99.76380000006866
 20
56.92250000000557
 10
82.06850000007506
 20
56.92250000000557
  0
LWPOLYLINE
  5
2FC
100
AcDbEntity
  8
PCB_KEYBPAD
  6
ByLayer
 62
  256
370
   -1
100
AcDbPolyline
 90
    4
 70
    1
 43
0
 10
101.1185000000631
 20
74.52250000000004
 10
118.8138000000687
 20
74.52250000000004
 10
118.8138000000687
 20
56.92250000000557
 10
101.1185000000631
 20
56.92250000000557
  0
LWPOLYLINE
  5
2FD
100
AcDbEntity
  8
PCB_KEYBPAD
  6
ByLayer
 62
  256
370
   -1
100
AcDbPolyline
 90
    4
 70
    1
 43
0
 10
120.1685000000975
 20
74.61780000003435
 10
137.6732000000576
 20
74.61780000003435
 10
137.6732000000576
 20
56.92250000000001
 10
120.1685000000975
 20
56.92250000000001
  0
LWPOLYLINE
  5
2FE
100
AcDbEntity
  8
PCB_KEYBPAD
  6
ByLayer
 62
  256
370
   -1
100
AcDbPolyline
 90
    4
 70
    1
 43
0
 10
139.3138000001107
 20
74.52250000000004
 10
156.9138000000505
 20
74.52250000000004
 10
156.9138000000505
 20
56.92249999998758
 10
139.3138000001107
 20
56.92249999998758
  0
LWPOLYLINE
  5
2FF
100
AcDbEntity
  8
PCB_KEYBPAD
  6
ByLayer
 62
  256
370
   -1
100
AcDbPolyline
 90
    4
 70
    1
 43
0
 10
139.3138000000975
 20
55.47250000000008
 10
156.7232000000576
 20
55.47250000000008
 10
156.7232000000576
 20
37.87250000000007
 10
139.3138000000975
 20
37.87250000000007
  0
LWPOLYLINE
  5
300
100
AcDbEntity
  8
PCB_KEYBPAD
  6
ByLayer
 62
  256
370
   -1
100
AcDbPolyline
 90
    4
 70
    1
 43
0
 10
120.1685000000631
 20
55.37719999996632
 10
137.7685000000894
 20
55.37719999996632
 10
137.7685000000894
 20
37.77720000002633
 10
120.1685000000631
 20
37.77720000002633
  0
LWPOLYLINE
  5
301
100
AcDbEntity
  8
PCB_KEYBPAD
  6
ByLayer
 62
  256
370
   -1
100
AcDbPolyline
 90
    4
 70
    1
 43
0
 10
101.0232000000487
 20
55.4724999999857
 10
118.7185000000631
 20
55.4724999999857
 10
118.7185000000631
 20
37.96779999996757
 10
101.0232000000487
 20
37.96779999996757
  0
LWPOLYLINE
  5
302
100
AcDbEntity
  8
PCB_KEYBPAD
  6
ByLayer
 62
  256
370
   -1
100
AcDbPolyline
 90
    4
 70
    1
 43
0
 10
82.16380000002421
 20
55.47250000000008
 10
99.66850000006309
 20
55.47250000000008
 10
99.66850000006309
 20
37.96779999999859
 10
82.16380000002421
 20
37.96779999999859
  0
LWPOLYLINE
  5
303
100
AcDbEntity
  8
PCB_KEYBPAD
  6
ByLayer
 62
  256
370
   -1
100
AcDbPolyline
 90
    4
 70
    1
 43
0
 10
63.11380000003091
 20
55.47250000000008
 10
80.71380000008149
 20
55.47250000000008
 10
80.71380000008149
 20
37.87250000001846
 10
63.11380000003091
 20
37.87250000001846
  0
LWPOLYLINE
  5
304
100
AcDbEntity
  8
PCB_KEYBPAD
  6
ByLayer
 62
  256
370
   -1
100
AcDbPolyline
 90
    4
 70
    1
 43
0
 10
43.96850000006538
 20
55.56780000000226
 10
61.56850000006308
 20
55.56780000000226
 10
61.56850000006308
 20
37.96780000000682
 10
43.96850000006538
 20
37.96780000000682
  0
LWPOLYLINE
  5
305
100
AcDbEntity
  8
PCB_KEYBPAD
  6
ByLayer
 62
  256
370
   -1
100
AcDbPolyline
 90
    4
 70
    1
 43
0
 10
25.01380000005383
 20
55.47250000000008
 10
42.61380000006545
 20
55.47250000000008
 10
42.61380000006545
 20
37.87250000000239
 10
25.01380000005383
 20
37.87250000000239
  0
LWPOLYLINE
  5
306
100
AcDbEntity
  8
PCB_KEYBPAD
  6
ByLayer
 62
  256
370
   -1
100
AcDbPolyline
 90
    4
 70
    1
 43
0
 10
5.868500000063079
 20
55.37720000000338
 10
23.56380000006308
 20
55.37720000000338
 10
23.56380000006308
 20
37.87250000000002
 10
5.868500000063079
 20
37.87250000000002
  0
LWPOLYLINE
  5
307
100
AcDbEntity
  8
PCB_KEYBPAD
  6
ByLayer
 62
  256
370
   -1
100
AcDbPolyline
 90
    4
 70
    1
 43
0
 10
10.85850000006288
 20
106.7752999999998
 10
18.57380000006345
 20
106.7752999999998
 10
18.57380000006345
 20
101.6400000000004
 10
10.85850000006288
 20
101.6400000000004
  0
LWPOLYLINE
  5
308
100
AcDbEntity
  8
PCB_KEYBPAD
  6
ByLayer
 62
  256
370
   -1
100
AcDbPolyline
 90
    4
 70
    1
 43
0
 10
29.81320000006787
 20
106.6800000000049
 10
37.6238000000696
 20
106.6800000000049
 10
37.6238000000696
 20
101.6400000000065
 10
29.81320000006787
 20
101.6400000000065
  0
LWPOLYLINE
  5
309
100
AcDbEntity
  8
PCB_KEYBPAD
  6
ByLayer
 62
  256
370
   -1
100
AcDbPolyline
 90
    4
 70
    1
 43
0
 10
48.95850000006311
 20
106.5847000000157
 10
56.67380000004561
 20
106.5847000000157
 10
56.67380000004561
 20
101.6399999999826
 10
48.95850000006311
 20
101.6399999999826
  0
LWPOLYLINE
  5
30A
100
AcDbEntity
  8
PCB_KEYBPAD
  6
ByLayer
 62
  256
370
   -1
100
AcDbPolyline
 90
    4
 70
    1
 43
0
 10
68.10380000005624
 20
106.6800000000001
 10
75.72380000006237
 20
106.6800000000001
 10
75.72380000006237
 20
101.6399999999993
 10
68.10380000005624
 20
101.6399999999993
  0
LWPOLYLINE
  5
30B
100
AcDbEntity
  8
PCB_KEYBPAD
  6
ByLayer
 62
  256
370
   -1
100
AcDbPolyline
 90
    4
 70
    1
 43
0
 10
87.15380000003503
 20
106.6800000000001
 10
94.67850000007719
 20
106.6800000000001
 10
94.67850000007719
 20
101.5447000000141
 10
87.15380000003503
 20
101.5447000000141
  0
LWPOLYLINE
  5
30C
100
AcDbEntity
  8
PCB_KEYBPAD
  6
ByLayer
 62
  256
370
   -1
100
AcDbPolyline
 90
    4
 70
    1
 43
0
 10
106.1085000000631
 20
106.5847000000684
 10
113.7285000000603
 20
106.5847000000684
 10
113.7285000000603
 20
101.5446999999972
 10
106.1085000000631
 20
101.5446999999972
  0
LWPOLYLINE
  5
30D
100
AcDbEntity
  8
PCB_KEYBPAD
  6
ByLayer
 62
  256
370
   -1
100
AcDbPolyline
 90
    4
 70
    1
 43
0
 10
125.1585000000631
 20
106.5847000001055
 10
132.8738000000783
 20
106.5847000001055
 10
132.8738000000783
 20
101.6400000000152
 10
125.1585000000631
 20
101.6400000000152
  0
LWPOLYLINE
  5
30E
100
AcDbEntity
  8
PCB_KEYBPAD
  6
ByLayer
 62
  256
370
   -1
100
AcDbPolyline
 90
    4
 70
    1
 43
0
 10
144.1132000000973
 20
106.6800000000343
 10
151.8285000000233
 20
106.6800000000343
 10
151.8285000000233
 20
101.5446999999602
 10
144.1132000000973
 20
101.5446999999602
  0
CIRCLE
  5
30F
100
AcDbEntity
  8
PCB_KEYBPAD
  6
ByLayer
 62
  256
370
   -1
100
AcDbCircle
 10
14.65130000006309
 20
104.1232
 40
1.5
  0
CIRCLE
  5
310
100
AcDbEntity
  8
PCB_KEYBPAD
  6
ByLayer
 62
  256
370
   -1
100
AcDbCircle
 10
33.7013000000631
 20
104.1232
 40
1.5
  0
CIRCLE
  5
311
100
AcDbEntity
  8
PCB_KEYBPAD
  6
ByLayer
 62
  256
370
   -1
100
AcDbCircle
 10
52.75130000006311
 20
104.1232
 40
1.5
  0
CIRCLE
  5
312
100
AcDbEntity
  8
PCB_KEYBPAD
  6
ByLayer
 62
  256
370
   -1
100
AcDbCircle
 10
71.80130000006312
 20
104.1232
 40
1.5
  0
CIRCLE
  5
313
100
AcDbEntity
  8
PCB_KEYBPAD
  6
ByLayer
 62
  256
370
   -1
100
AcDbCircle
 10
90.85130000006308
 20
104.1232
 40
1.5
  0
CIRCLE
  5
314
100
AcDbEntity
  8
PCB_KEYBPAD
  6
ByLayer
 62
  256
370
   -1
100
AcDbCircle
 10
109.9013000000631
 20
104.1232
 40
1.5
  0
CIRCLE
  5
315
100
AcDbEntity
  8
PCB_KEYBPAD
  6
ByLayer
 62
  256
370
   -1
100
AcDbCircle
 10
128.9685000000631
 20
104.14
 40
1.5
  0
CIRCLE
  5
316
100
AcDbEntity
  8
PCB_KEYBPAD
  6
ByLayer
 62
  256
370
   -1
100
AcDbCircle
 10
148.0013000000631
 20
104.1232
 40
1.5
  0
ENDBLK
  5
F0
330
EE
100
AcDbEntity
  8
0
100
AcDbBlockEnd
  0
BLOCK
  5
F2
330
F1
100
AcDbEntity
  8
0
100
AcDbBlockBegin
  2
KEYPADLED_PCB2
 70
    0
 10
0
 20
0
  3
KEYPADLED_PCB2
  1

  0
LWPOLYLINE
  5
317
100
AcDbEntity
  8
PCB_LED_KEYPAD
  6
ByLayer
 62
  256
370
   -1
100
AcDbPolyline
 90
    4
 70
    1
 43
0
 10
0
 20
12.6999999999999
 10
162.559999999884
 20
12.6999999999999
 10
162.559999999884
 20
0
 10
0
 20
0
  0
CIRCLE
  5
318
100
AcDbEntity
  8
PCB_LED_KEYPAD
  6
ByLayer
 62
  256
370
   -1
100
AcDbCircle
 10
3.746499999999997
 20
7.619999999999905
 40
1.5
  0
CIRCLE
  5
319
100
AcDbEntity
  8
PCB_LED_KEYPAD
  6
ByLayer
 62
  256
370
   -1
100
AcDbCircle
 10
81.21650000000002
 20
7.619999999999905
 40
1.5
  0
CIRCLE
  5
31A
100
AcDbEntity
  8
PCB_LED_KEYPAD
  6
ByLayer
 62
  256
370
   -1
100
AcDbCircle
 10
158.6865
 20
7.619999999999905
 40
1.5
  0
LWPOLYLINE
  5
31B
100
AcDbEntity
  8
PCB_LED_KEYPAD
  6
ByLayer
 62
  256
370
   -1
100
AcDbPolyline
 90
    4
 70
    1
 43
0
 10
10.73149999999981
 20
10.25529999999971
 10
18.44680000000037
 20
10.25529999999971
 10
18.44680000000037
 20
5.120000000000303
 10
10.73149999999981
 20
5.120000000000303
  0
LWPOLYLINE
  5
31C
100
AcDbEntity
  8
PCB_LED_KEYPAD
  6
ByLayer
 62
  256
370
   -1
100
AcDbPolyline
 90
    4
 70
    1
 43
0
 10
29.68620000000479
 20
10.1600000000048
 10
37.49680000000652
 20
10.1600000000048
 10
37.49680000000652
 20
5.120000000006399
 10
29.68620000000479
 20
5.120000000006399
  0
LWPOLYLINE
  5
31D
100
AcDbEntity
  8
PCB_LED_KEYPAD
  6
ByLayer
 62
  256
370
   -1
100
AcDbPolyline
 90
    4
 70
    1
 43
0
 10
48.83150000000003
 20
10.06470000001561
 10
56.54679999998254
 20
10.06470000001561
 10
56.54679999998254
 20
5.119999999982511
 10
48.83150000000003
 20
5.119999999982511
  0
LWPOLYLINE
  5
31E
100
AcDbEntity
  8
PCB_LED_KEYPAD
  6
ByLayer
 62
  256
370
   -1
100
AcDbPolyline
 90
    4
 70
    1
 43
0
 10
67.97679999999318
 20
10.16000000000001
 10
75.59679999999932
 20
10.16000000000001
 10
75.59679999999932
 20
5.119999999999209
 10
67.97679999999318
 20
5.119999999999209
  0
LWPOLYLINE
  5
31F
100
AcDbEntity
  8
PCB_LED_KEYPAD
  6
ByLayer
 62
  256
370
   -1
100
AcDbPolyline
 90
    4
 70
    1
 43
0
 10
87.02679999997198
 20
10.16000000000001
 10
94.5515000000141
 20
10.16000000000001
 10
94.5515000000141
 20
5.024700000014008
 10
87.02679999997198
 20
5.024700000014008
  0
LWPOLYLINE
  5
320
100
AcDbEntity
  8
PCB_LED_KEYPAD
  6
ByLayer
 62
  256
370
   -1
100
AcDbPolyline
 90
    4
 70
    1
 43
0
 10
105.9815
 20
10.0647000000683
 10
113.6014999999972
 20
10.0647000000683
 10
113.6014999999972
 20
5.024699999997111
 10
105.9815
 20
5.024699999997111
  0
LWPOLYLINE
  5
321
100
AcDbEntity
  8
PCB_LED_KEYPAD
  6
ByLayer
 62
  256
370
   -1
100
AcDbPolyline
 90
    4
 70
    1
 43
0
 10
125.0315
 20
10.0647000001054
 10
132.7468000000152
 20
10.0647000001054
 10
132.7468000000152
 20
5.120000000015111
 10
125.0315
 20
5.120000000015111
  0
LWPOLYLINE
  5
322
100
AcDbEntity
  8
PCB_LED_KEYPAD
  6
ByLayer
 62
  256
370
   -1
100
AcDbPolyline
 90
    4
 70
    1
 43
0
 10
143.9862000000342
 20
10.1600000000342
 10
151.7014999999602
 20
10.1600000000342
 10
151.7014999999602
 20
5.024699999960106
 10
143.9862000000342
 20
5.024699999960106
  0
CIRCLE
  5
323
100
AcDbEntity
  8
PCB_LED_KEYPAD
  6
ByLayer
 62
  256
370
   -1
100
AcDbCircle
 10
14.52430000000001
 20
7.603199999999902
 40
1.5
  0
CIRCLE
  5
324
100
AcDbEntity
  8
PCB_LED_KEYPAD
  6
ByLayer
 62
  256
370
   -1
100
AcDbCircle
 10
33.57430000000002
 20
7.603199999999902
 40
1.5
  0
CIRCLE
  5
325
100
AcDbEntity
  8
PCB_LED_KEYPAD
  6
ByLayer
 62
  256
370
   -1
100
AcDbCircle
 10
52.62430000000003
 20
7.603199999999902
 40
1.5
  0
CIRCLE
  5
326
100
AcDbEntity
  8
PCB_LED_KEYPAD
  6
ByLayer
 62
  256
370
   -1
100
AcDbCircle
 10
71.67430000000004
 20
7.603199999999902
 40
1.5
  0
CIRCLE
  5
327
100
AcDbEntity
  8
PCB_LED_KEYPAD
  6
ByLayer
 62
  256
370
   -1
100
AcDbCircle
 10
90.7243
 20
7.603199999999902
 40
1.5
  0
CIRCLE
  5
328
100
AcDbEntity
  8
PCB_LED_KEYPAD
  6
ByLayer
 62
  256
370
   -1
100
AcDbCircle
 10
109.7743
 20
7.603199999999902
 40
1.5
  0
CIRCLE
  5
329
100
AcDbEntity
  8
PCB_LED_KEYPAD
  6
ByLayer
 62
  256
370
   -1
100
AcDbCircle
 10
128.8415
 20
7.619999999999905
 40
1.5
  0
CIRCLE
  5
32A
100
AcDbEntity
  8
PCB_LED_KEYPAD
  6
ByLayer
 62
  256
370
   -1
100
AcDbCircle
 10
147.8743
 20
7.603199999999902
 40
1.5
  0
ENDBLK
  5
F3
330
F1
100
AcDbEntity
  8
0
100
AcDbBlockEnd
  0
BLOCK
  5
F5
330
F4
100
AcDbEntity
  8
0
100
AcDbBlockBegin
  2
BLOCK_FIXED_GLOW_DIAL_CONTROL_PANEL_260126
 70
    0
 10
0
 20
0
  3
BLOCK_FIXED_GLOW_DIAL_CONTROL_PANEL_260126
  1

  0
CIRCLE
  5
32B
100
AcDbEntity
  8
0
  6
ByLayer
 62
  256
370
   -1
100
AcDbCircle
 10
600
 20
500
 40
1.5
  0
ENDBLK
  5
F6
330
F4
100
AcDbEntity
  8
0
100
AcDbBlockEnd
  0
BLOCK
  5
F8
330
F7
100
AcDbEntity
  8
0
100
AcDbBlockBegin
  2
TeencyContoller
 70
    0
 10
0
 20
0
  3
TeencyContoller
  1

  0
ENDBLK
  5
F9
330
F7
100
AcDbEntity
  8
0
100
AcDbBlockEnd
  0
BLOCK
  5
FB
330
FA
100
AcDbEntity
  8
0
100
AcDbBlockBegin
  2
TeensyController
 70
    0
 10
0
 20
0
  3
TeensyController
  1

  0
LWPOLYLINE
  5
32C
100
AcDbEntity
  8
PCB_TeensyController
  6
ByLayer
 62
    6
370
   -1
100
AcDbPolyline
 90
    4
 70
    1
 43
0
 10
0
 20
0
 10
200.66
 20
0
 10
200.66
 20
-60.96000000033723
 10
0
 20
-60.96000000033723
  0
LWPOLYLINE
  5
32D
100
AcDbEntity
  8
PCB_TeensyController
  6
ByLayer
 62
    6
370
   -1
100
AcDbPolyline
 90
    4
 70
    1
 43
0
 10
6.572499999840005
 20
-0.3560000004972608
 10
25.16250000000011
 20
-0.3560000004972608
 10
25.16250000000011
 20
-13.73600000041381
 10
6.572499999840005
 20
-13.73600000041381
  0
LWPOLYLINE
  5
32E
100
AcDbEntity
  8
PCB_TeensyController
  6
ByLayer
 62
    6
370
   -1
100
AcDbPolyline
 90
    4
 70
    1
 43
0
 10
99.245
 20
-0.4385000003371715
 10
112.8150000000001
 20
-0.4385000003371715
 10
112.8150000000001
 20
-20.83850000033715
 10
99.245
 20
-20.83850000033715
  0
LWPOLYLINE
  5
32F
100
AcDbEntity
  8
PCB_TeensyController
  6
ByLayer
 62
    6
370
   -1
100
AcDbPolyline
 90
    4
 70
    1
 43
0
 10
114.469999993429
 20
-0.3385000003371488
 10
131.9350000000001
 20
-0.3385000003371488
 10
131.9350000000001
 20
-18.83850000033715
 10
114.469999993429
 20
-18.83850000033715
  0
LWPOLYLINE
  5
330
100
AcDbEntity
  8
PCB_TeensyController
  6
ByLayer
 62
    6
370
   -1
100
AcDbPolyline
 90
    4
 70
    1
 43
0
 10
133.3825000000001
 20
-0.381000000337167
 10
145.3825000000001
 20
-0.381000000337167
 10
145.3825000000001
 20
-12.00600000033717
 10
133.3825000000001
 20
-12.00600000033717
  0
LWPOLYLINE
  5
331
100
AcDbEntity
  8
PCB_TeensyController
  6
ByLayer
 62
    6
370
   -1
100
AcDbPolyline
 90
    4
 70
    1
 43
0
 10
146.6400000038591
 20
-0.8510000003373079
 10
169.6150000012742
 20
-0.8510000003373079
 10
169.6150000012742
 20
-21.87599999906293
 10
146.6400000038591
 20
-21.87599999906293
  0
LWPOLYLINE
  5
332
100
AcDbEntity
  8
PCB_TeensyController
  6
ByLayer
 62
    6
370
   -1
100
AcDbPolyline
 90
    4
 70
    1
 43
0
 10
170.452500005799
 20
-0.8510000003371943
 10
193.4275
 20
-0.8510000003371943
 10
193.4275
 20
-21.85100000033724
 10
170.452500005799
 20
-21.85100000033724
  0
LWPOLYLINE
  5
333
100
AcDbEntity
  8
PCB_TeensyController
  6
ByLayer
 62
    6
370
   -1
100
AcDbPolyline
 90
    4
 70
    1
 43
0
 10
194.0893999995758
 20
-27.36850000033714
 10
200.1827
 20
-27.36850000033714
 10
200.1827
 20
-34.89320000063913
 10
194.0893999995758
 20
-34.89320000063913
  0
LWPOLYLINE
  5
334
100
AcDbEntity
  8
PCB_TeensyController
  6
ByLayer
 62
    6
370
   -1
100
AcDbPolyline
 90
    4
 70
    1
 43
0
 10
194.0894000004048
 20
-35.94100000033713
 10
200.1827000000001
 20
-35.94100000033713
 10
200.1827000000001
 20
-43.56100000033723
 10
194.0894000004048
 20
-43.56100000033723
  0
LWPOLYLINE
  5
335
100
AcDbEntity
  8
PCB_TeensyController
  6
ByLayer
 62
    6
370
   -1
100
AcDbPolyline
 90
    4
 70
    1
 43
0
 10
194.0894000016332
 20
-44.51350000033723
 10
200.1827000000002
 20
-44.51350000033723
 10
200.1827000000002
 20
-51.69043763973852
 10
194.0894000016332
 20
-51.69043763973852
  0
LWPOLYLINE
  5
336
100
AcDbEntity
  8
PCB_TeensyController
  6
ByLayer
 62
    6
370
   -1
100
AcDbPolyline
 90
    4
 70
    1
 43
0
 10
184.2452999988226
 20
-53.08760000033703
 10
191.7700000000001
 20
-53.08760000033703
 10
191.7700000000001
 20
-59.27620000033713
 10
184.2452999988226
 20
-59.27620000033713
  0
LWPOLYLINE
  5
337
100
AcDbEntity
  8
PCB_TeensyController
  6
ByLayer
 62
    6
370
   -1
100
AcDbPolyline
 90
    4
 70
    1
 43
0
 10
173.4502999990806
 20
-53.08760000033703
 10
180.975
 20
-53.08760000033703
 10
180.975
 20
-59.27620000033713
 10
173.4502999990806
 20
-59.27620000033713
  0
LWPOLYLINE
  5
338
100
AcDbEntity
  8
PCB_TeensyController
  6
ByLayer
 62
    6
370
   -1
100
AcDbPolyline
 90
    4
 70
    1
 43
0
 10
159.4474999993564
 20
-52.13410000033704
 10
168.2712
 20
-52.13410000033704
 10
168.2712
 20
-60.38650000033712
 10
159.4474999993564
 20
-60.38650000033712
  0
LWPOLYLINE
  5
339
100
AcDbEntity
  8
PCB_TeensyController
  6
ByLayer
 62
    6
370
   -1
100
AcDbPolyline
 90
    4
 70
    1
 43
0
 10
149.2875000032061
 20
-52.13410000033733
 10
158.1112
 20
-52.13410000033733
 10
158.1112
 20
-60.32299999970252
 10
149.2875000032061
 20
-60.32299999970252
  0
LWPOLYLINE
  5
33A
100
AcDbEntity
  8
PCB_TeensyController
  6
ByLayer
 62
    6
370
   -1
100
AcDbPolyline
 90
    4
 70
    1
 43
0
 10
134.2362000000001
 20
-52.13350000033714
 10
147.9162000020904
 20
-52.13350000033714
 10
147.9162000020904
 20
-60.38850000033713
 10
134.2362000000001
 20
-60.38850000033713
  0
LWPOLYLINE
  5
33B
100
AcDbEntity
  8
PCB_TeensyController
  6
ByLayer
 62
    6
370
   -1
100
AcDbPolyline
 90
    4
 70
    1
 43
0
 10
118.8437999988376
 20
-52.13350000033714
 10
132.5237999972229
 20
-52.13350000033714
 10
132.5237999972229
 20
-60.38850000033713
 10
118.8437999988376
 20
-60.38850000033713
  0
LWPOLYLINE
  5
33C
100
AcDbEntity
  8
PCB_TeensyController
  6
ByLayer
 62
    6
370
   -1
100
AcDbPolyline
 90
    4
 70
    1
 43
0
 10
94.69120000206181
 20
-52.03350000033694
 10
105.93
 20
-52.03350000033694
 10
105.93
 20
-60.38850000033713
 10
94.69120000206181
 20
-60.38850000033713
  0
LWPOLYLINE
  5
33D
100
AcDbEntity
  8
PCB_TeensyController
  6
ByLayer
 62
    6
370
   -1
100
AcDbPolyline
 90
    4
 70
    1
 43
0
 10
79.62619999999998
 20
-52.13350000033714
 10
93.23000000000002
 20
-52.13350000033714
 10
93.23000000000002
 20
-60.38850000033713
 10
79.62619999999998
 20
-60.38850000033713
  0
LWPOLYLINE
  5
33E
100
AcDbEntity
  8
PCB_TeensyController
  6
ByLayer
 62
    6
370
   -1
100
AcDbPolyline
 90
    4
 70
    1
 43
0
 10
64.38619999999997
 20
-52.13350000033714
 10
77.99000000000001
 20
-52.13350000033714
 10
77.99000000000001
 20
-60.31230000033713
 10
64.38619999999997
 20
-60.31230000033713
  0
LWPOLYLINE
  5
33F
100
AcDbEntity
  8
PCB_TeensyController
  6
ByLayer
 62
    6
370
   -1
100
AcDbPolyline
 90
    4
 70
    1
 43
0
 10
49.1462000010913
 20
-52.13350000033702
 10
62.75
 20
-52.13350000033702
 10
62.75
 20
-60.38850000033713
 10
49.1462000010913
 20
-60.38850000033713
  0
LWPOLYLINE
  5
340
100
AcDbEntity
  8
PCB_TeensyController
  6
ByLayer
 62
    6
370
   -1
100
AcDbPolyline
 90
    4
 70
    1
 43
0
 10
33.90620000000013
 20
-52.13350000033714
 10
47.50999999999999
 20
-52.13350000033714
 10
47.50999999999999
 20
-60.31229999902524
 10
33.90620000000013
 20
-60.31229999902524
  0
LWPOLYLINE
  5
341
100
AcDbEntity
  8
PCB_TeensyController
  6
ByLayer
 62
    6
370
   -1
100
AcDbPolyline
 90
    4
 70
    1
 43
0
 10
8.331200000000109
 20
-52.13430000033713
 10
32.39819999999997
 20
-52.13430000033713
 10
32.39819999999997
 20
-60.38670000033713
 10
8.331200000000109
 20
-60.38670000033713
  0
CIRCLE
  5
342
100
AcDbEntity
  8
PCB_TeensyController
  6
ByLayer
 62
    6
370
   -1
100
AcDbCircle
 10
3.810000000000002
 20
-57.21350000033712
 40
1.5
  0
CIRCLE
  5
343
100
AcDbEntity
  8
PCB_TeensyController
  6
ByLayer
 62
    6
370
   -1
100
AcDbCircle
 10
3.810000000000002
 20
-3.873500000337117
 40
1.5
  0
CIRCLE
  5
344
100
AcDbEntity
  8
PCB_TeensyController
  6
ByLayer
 62
    6
370
   -1
100
AcDbCircle
 10
88.89999999999998
 20
-3.873500000337117
 40
1.5
  0
CIRCLE
  5
345
100
AcDbEntity
  8
PCB_TeensyController
  6
ByLayer
 62
    6
370
   -1
100
AcDbCircle
 10
196.85
 20
-3.873500000337117
 40
1.5
  0
CIRCLE
  5
346
100
AcDbEntity
  8
PCB_TeensyController
  6
ByLayer
 62
    6
370
   -1
100
AcDbCircle
 10
196.85
 20
-57.21350000033712
 40
1.5
  0
CIRCLE
  5
347
100
AcDbEntity
  8
PCB_TeensyController
  6
ByLayer
 62
    6
370
   -1
100
AcDbCircle
 10
111.76
 20
-57.21350000033712
 40
1.5
  0
LWPOLYLINE
  5
348
100
AcDbEntity
  8
PCB_TeensyController
  6
ByLayer
 62
  256
370
   -1
100
AcDbPolyline
 90
    4
 70
    1
 43
0
 10
0
 20
0
 10
200.66
 20
0
 10
200.66
 20
-60.96000000033723
 10
0
 20
-60.96000000033723
  0
ENDBLK
  5
FC
330
FA
100
AcDbEntity
  8
0
100
AcDbBlockEnd
  0
ENDSEC
  0
SECTION
  2
ENTITIES
  0
LWPOLYLINE
  5
349
100
AcDbEntity
  8
Acrylic_05_MM_1_Bottom
  6
ByLayer
 62
  256
370
   -1
100
AcDbPolyline
 90
    4
 70
    1
 43
0
 10
-145
 20
70
 10
175
 20
70
 10
175
 20
-250
 10
-145
 20
-250
  0
LWPOLYLINE
  5
34A
100
AcDbEntity
  8
Acrylic_05_MM_1_Bottom
  6
ByLayer
 62
  256
370
   -1
100
AcDbPolyline
 90
    4
 70
    1
 43
0
 10
-100
 20
50
 10
-70
 20
50
 10
-70
 20
55
 10
-100
 20
55
  0
LWPOLYLINE
  5
34B
100
AcDbEntity
  8
Acrylic_05_MM_1_Bottom
  6
ByLayer
 62
  256
370
   -1
100
AcDbPolyline
 90
    4
 70
    1
 43
0
 10
-30
 20
50
 10
0
 20
50
 10
0
 20
55
 10
-30
 20
55
  0
LWPOLYLINE
  5
34C
100
AcDbEntity
  8
Acrylic_05_MM_1_Bottom
  6
ByLayer
 62
  256
370
   -1
100
AcDbPolyline
 90
    4
 70
    1
 43
0
 10
30
 20
50
 10
60
 20
50
 10
60
 20
55
 10
30
 20
55
  0
LWPOLYLINE
  5
34D
100
AcDbEntity
  8
Acrylic_05_MM_1_Bottom
  6
ByLayer
 62
  256
370
   -1
100
AcDbPolyline
 90
    4
 70
    1
 43
0
 10
100
 20
50
 10
130
 20
50
 10
130
 20
55
 10
100
 20
55
  0
CIRCLE
  5
34E
100
AcDbEntity
  8
Acrylic_05_MM_1_Bottom
  6
ByLayer
 62
  256
370
   -1
100
AcDbCircle
 10
-120
 20
-85
 40
1.5
  0
LWPOLYLINE
  5
34F
100
AcDbEntity
  8
Acrylic_05_MM_1_Bottom
  6
ByLayer
 62
  256
370
   -1
100
AcDbPolyline
 90
    4
 70
    1
 43
0
 10
-130
 20
20
 10
-125
 20
20
 10
-125
 20
-10
 10
-130
 20
-10
  0
LWPOLYLINE
  5
350
100
AcDbEntity
  8
Acrylic_05_MM_1_Bottom
  6
ByLayer
 62
  256
370
   -1
100
AcDbPolyline
 90
    4
 70
    1
 43
0
 10
-130
 20
-40
 10
-125
 20
-40
 10
-125
 20
-70
 10
-130
 20
-70
  0
LWPOLYLINE
  5
351
100
AcDbEntity
  8
Acrylic_05_MM_1_Bottom
  6
ByLayer
 62
  256
370
   -1
100
AcDbPolyline
 90
    4
 70
    1
 43
0
 10
-130
 20
-100
 10
-125
 20
-100
 10
-125
 20
-130
 10
-130
 20
-130
  0
LWPOLYLINE
  5
352
100
AcDbEntity
  8
Acrylic_05_MM_1_Bottom
  6
ByLayer
 62
  256
370
   -1
100
AcDbPolyline
 90
    4
 70
    1
 43
0
 10
-130
 20
-160
 10
-125
 20
-160
 10
-125
 20
-190
 10
-130
 20
-190
  0
CIRCLE
  5
353
100
AcDbEntity
  8
Acrylic_05_MM_1_Bottom
  6
ByLayer
 62
  256
370
   -1
100
AcDbCircle
 10
-120
 20
45
 40
1.5
  0
CIRCLE
  5
354
100
AcDbEntity
  8
Acrylic_05_MM_1_Bottom
  6
ByLayer
 62
  256
370
   -1
100
AcDbCircle
 10
150
 20
-85
 40
1.5
  0
LWPOLYLINE
  5
355
100
AcDbEntity
  8
Acrylic_05_MM_1_Bottom
  6
ByLayer
 62
  256
370
   -1
100
AcDbPolyline
 90
    4
 70
    1
 43
0
 10
155
 20
20
 10
160
 20
20
 10
160
 20
-10
 10
155
 20
-10
  0
LWPOLYLINE
  5
356
100
AcDbEntity
  8
Acrylic_05_MM_1_Bottom
  6
ByLayer
 62
  256
370
   -1
100
AcDbPolyline
 90
    4
 70
    1
 43
0
 10
155
 20
-40
 10
160
 20
-40
 10
160
 20
-70
 10
155
 20
-70
  0
LWPOLYLINE
  5
357
100
AcDbEntity
  8
Acrylic_05_MM_1_Bottom
  6
ByLayer
 62
  256
370
   -1
100
AcDbPolyline
 90
    4
 70
    1
 43
0
 10
155
 20
-100
 10
160
 20
-100
 10
160
 20
-130
 10
155
 20
-130
  0
LWPOLYLINE
  5
358
100
AcDbEntity
  8
Acrylic_05_MM_1_Bottom
  6
ByLayer
 62
  256
370
   -1
100
AcDbPolyline
 90
    4
 70
    1
 43
0
 10
155
 20
-160
 10
160
 20
-160
 10
160
 20
-190
 10
155
 20
-190
  0
CIRCLE
  5
359
100
AcDbEntity
  8
Acrylic_05_MM_1_Bottom
  6
ByLayer
 62
  256
370
   -1
100
AcDbCircle
 10
150
 20
45
 40
1.5
  0
LWPOLYLINE
  5
35A
100
AcDbEntity
  8
Acrylic_05_MM_1_Bottom
  6
ByLayer
 62
  256
370
   -1
100
AcDbPolyline
 90
    4
 70
    1
 43
0
 10
-100
 20
-235
 10
-70
 20
-235
 10
-70
 20
-230
 10
-100
 20
-230
  0
LWPOLYLINE
  5
35B
100
AcDbEntity
  8
Acrylic_05_MM_1_Bottom
  6
ByLayer
 62
  256
370
   -1
100
AcDbPolyline
 90
    4
 70
    1
 43
0
 10
-30
 20
-235
 10
0
 20
-235
 10
0
 20
-230
 10
-30
 20
-230
  0
LWPOLYLINE
  5
35C
100
AcDbEntity
  8
Acrylic_05_MM_1_Bottom
  6
ByLayer
 62
  256
370
   -1
100
AcDbPolyline
 90
    4
 70
    1
 43
0
 10
100
 20
-235
 10
130
 20
-235
 10
130
 20
-230
 10
100
 20
-230
  0
LWPOLYLINE
  5
35D
100
AcDbEntity
  8
Acrylic_05_MM_1_Bottom
  6
ByLayer
 62
  256
370
   -1
100
AcDbPolyline
 90
    4
 70
    1
 43
0
 10
30
 20
-235
 10
60
 20
-235
 10
60
 20
-230
 10
30
 20
-230
  0
CIRCLE
  5
35E
100
AcDbEntity
  8
Acrylic_05_MM_1_Bottom
  6
ByLayer
 62
  256
370
   -1
100
AcDbCircle
 10
-120
 20
-225
 40
1.5
  0
CIRCLE
  5
35F
100
AcDbEntity
  8
Acrylic_05_MM_1_Bottom
  6
ByLayer
 62
  256
370
   -1
100
AcDbCircle
 10
150
 20
-225
 40
1.5
  0
CIRCLE
  5
360
100
AcDbEntity
  8
Acrylic_05_MM_1_Bottom
  6
ByLayer
 62
  256
370
   -1
100
AcDbCircle
 10
-50
 20
-225
 40
1.5
  0
CIRCLE
  5
361
100
AcDbEntity
  8
Acrylic_05_MM_1_Bottom
  6
ByLayer
 62
  256
370
   -1
100
AcDbCircle
 10
15
 20
-225
 40
1.5
  0
CIRCLE
  5
362
100
AcDbEntity
  8
Acrylic_05_MM_1_Bottom
  6
ByLayer
 62
  256
370
   -1
100
AcDbCircle
 10
81
 20
-225
 40
1.5
  0
CIRCLE
  5
363
100
AcDbEntity
  8
Acrylic_05_MM_1_Bottom
  6
ByLayer
 62
  256
370
   -1
100
AcDbCircle
 10
-120
 20
-25
 40
1.5
  0
CIRCLE
  5
364
100
AcDbEntity
  8
Acrylic_05_MM_1_Bottom
  6
ByLayer
 62
  256
370
   -1
100
AcDbCircle
 10
150
 20
-25
 40
1.5
  0
CIRCLE
  5
365
100
AcDbEntity
  8
Acrylic_05_MM_1_Bottom
  6
ByLayer
 62
  256
370
   -1
100
AcDbCircle
 10
-120
 20
-145
 40
1.5
  0
CIRCLE
  5
366
100
AcDbEntity
  8
Acrylic_05_MM_1_Bottom
  6
ByLayer
 62
  256
370
   -1
100
AcDbCircle
 10
150
 20
-145
 40
1.5
  0
DIMENSION
  5
367
100
AcDbEntity
  8
TopMeasurement
  6
ByLayer
 62
  256
370
   -1
100
AcDbDimension
  2
*D1
 10
-140
 20
195
 30
0
 11
-141.875
 21
220
 31
0
 70
   33
 71
    5
 72
    0
  3
Standard
 53
0
210
0
220
0
230
1
100
AcDbAlignedDimension
 13
-120
 23
245
 33
0
 14
-120
 24
195
 34
0
  0
DIMENSION
  5
368
100
AcDbEntity
  8
TopMeasurement
  6
ByLayer
 62
  256
370
   -1
100
AcDbDimension
  2
*D2
 10
-120
 20
230
 30
0
 11
-121.875
 21
237.5
 31
0
 70
   33
 71
    5
 72
    0
  3
Standard
 53
0
210
0
220
0
230
1
100
AcDbAlignedDimension
 13
-125
 23
245
 33
0
 14
-125
 24
230
 34
0
  0
DIMENSION
  5
369
100
AcDbEntity
  8
TopMeasurement
  6
ByLayer
 62
  256
370
   -1
100
AcDbDimension
  2
*D3
 10
-120
 20
195
 30
0
 11
-121.875
 21
202.5
 31
0
 70
   33
 71
    5
 72
    0
  3
Standard
 53
0
210
0
220
0
230
1
100
AcDbAlignedDimension
 13
-125
 23
210
 33
0
 14
-125
 24
195
 34
0
  0
DIMENSION
  5
36A
100
AcDbEntity
  8
TopMeasurement
  6
ByLayer
 62
  256
370
   -1
100
AcDbDimension
  2
*D4
 10
-120
 20
210
 30
0
 11
-121.875
 21
220
 31
0
 70
   33
 71
    5
 72
    0
  3
Standard
 53
0
210
0
220
0
230
1
100
AcDbAlignedDimension
 13
-125
 23
230
 33
0
 14
-125
 24
210
 34
0
  0
DIMENSION
  5
36B
100
AcDbEntity
  8
TopMeasurement
  6
ByLayer
 62
  256
370
   -1
100
AcDbDimension
  2
*D5
 10
315
 20
40
 30
0
 11
307.5
 21
41.875
 31
0
 70
   33
 71
    5
 72
    0
  3
Standard
 53
0
210
0
220
0
230
1
100
AcDbAlignedDimension
 13
300
 23
55
 33
0
 14
315
 24
55
 34
0
  0
DIMENSION
  5
36C
100
AcDbEntity
  8
TopMeasurement
  6
ByLayer
 62
  256
370
   -1
100
AcDbDimension
  2
*D6
 10
335
 20
40
 30
0
 11
325
 21
41.875
 31
0
 70
   33
 71
    5
 72
    0
  3
Standard
 53
0
210
0
220
0
230
1
100
AcDbAlignedDimension
 13
315
 23
50
 33
0
 14
335
 24
50
 34
0
  0
DIMENSION
  5
36D
100
AcDbEntity
  8
TopMeasurement
  6
ByLayer
 62
  256
370
   -1
100
AcDbDimension
  2
*D7
 10
350
 20
40
 30
0
 11
342.5
 21
41.875
 31
0
 70
   33
 71
    5
 72
    0
  3
Standard
 53
0
210
0
220
0
230
1
100
AcDbAlignedDimension
 13
335
 23
50
 33
0
 14
350
 24
50
 34
0
  0
LINE
  5
36E
100
AcDbEntity
  8
Grids_Cut
  6
ByLayer
 62
  256
370
   -1
100
AcDbLine
 10
295
 20
20
 11
295
 21
30
  0
LINE
  5
36F
100
AcDbEntity
  8
Grids_Cut
  6
ByLayer
 62
  256
370
   -1
100
AcDbLine
 10
300
 20
20
 11
300
 21
30
  0
LINE
  5
370
100
AcDbEntity
  8
Grids_Cut
  6
ByLayer
 62
  256
370
   -1
100
AcDbLine
 10
263
 20
45
 11
263
 21
55
  0
LINE
  5
371
100
AcDbEntity
  8
Grids_Cut
  6
ByLayer
 62
  256
370
   -1
100
AcDbLine
 10
350
 20
55
 11
350
 21
65
  0
LINE
  5
372
100
AcDbEntity
  8
Grids_Cut
  6
ByLayer
 62
  256
370
   -1
100
AcDbLine
 10
355
 20
20
 11
355
 21
30
  0
LINE
  5
373
100
AcDbEntity
  8
Grids_Cut
  6
ByLayer
 62
  256
370
   -1
100
AcDbLine
 10
265
 20
20
 11
265
 21
30
  0
LINE
  5
374
100
AcDbEntity
  8
Grids_Cut
  6
ByLayer
 62
  256
370
   -1
100
AcDbLine
 10
260
 20
55
 11
260
 21
65
  0
LINE
  5
375
100
AcDbEntity
  8
Grids_Cut
  6
ByLayer
 62
  256
370
   -1
100
AcDbLine
 10
-125
 20
230
 11
-125
 21
240
  0
LINE
  5
376
100
AcDbEntity
  8
Grids_Cut
  6
ByLayer
 62
  256
370
   -1
100
AcDbLine
 10
-100
 20
250
 11
-90
 21
250
  0
LINE
  5
377
100
AcDbEntity
  8
Grids_Cut
  6
ByLayer
 62
  256
370
   -1
100
AcDbLine
 10
-100
 20
155
 11
-90
 21
155
  0
LINE
  5
378
100
AcDbEntity
  8
Grids_Cut
  6
ByLayer
 62
  256
370
   -1
100
AcDbLine
 10
-120
 20
135
 11
-110
 21
135
  0
LWPOLYLINE
  5
379
100
AcDbEntity
  8
Acrylic_1_Middle
  6
ByLayer
 62
  256
370
   -1
100
AcDbPolyline
 90
    4
 70
    1
 43
0
 10
-106
 20
-153
 10
-36
 20
-153
 10
-36
 20
-205
 10
-106
 20
-205
  0
CIRCLE
  5
37A
100
AcDbEntity
  8
Acrylic_1_Middle
  6
ByLayer
 62
  256
370
   -1
100
AcDbCircle
 10
-109
 20
-157
 40
1.5
  0
CIRCLE
  5
37B
100
AcDbEntity
  8
Acrylic_1_Middle
  6
ByLayer
 62
  256
370
   -1
100
AcDbCircle
 10
-109
 20
-201
 40
1.5
  0
CIRCLE
  5
37C
100
AcDbEntity
  8
Acrylic_1_Middle
  6
ByLayer
 62
  256
370
   -1
100
AcDbCircle
 10
-33
 20
-201
 40
1.5
  0
CIRCLE
  5
37D
100
AcDbEntity
  8
Acrylic_1_Middle
  6
ByLayer
 62
  256
370
   -1
100
AcDbCircle
 10
-33
 20
-157
 40
1.5
  0
LWPOLYLINE
  5
37E
100
AcDbEntity
  8
Acrylic_1_Middle
  6
ByLayer
 62
  256
370
   -1
100
AcDbPolyline
 90
    4
 70
    1
 43
0
 10
-106
 20
-153
 10
-36
 20
-153
 10
-36
 20
-205
 10
-106
 20
-205
  0
CIRCLE
  5
37F
100
AcDbEntity
  8
Acrylic_1_Middle
  6
ByLayer
 62
  256
370
   -1
100
AcDbCircle
 10
-109
 20
-157
 40
1.5
  0
CIRCLE
  5
380
100
AcDbEntity
  8
Acrylic_1_Middle
  6
ByLayer
 62
  256
370
   -1
100
AcDbCircle
 10
-109
 20
-201
 40
1.5
  0
CIRCLE
  5
381
100
AcDbEntity
  8
Acrylic_1_Middle
  6
ByLayer
 62
  256
370
   -1
100
AcDbCircle
 10
-33
 20
-201
 40
1.5
  0
CIRCLE
  5
382
100
AcDbEntity
  8
Acrylic_1_Middle
  6
ByLayer
 62
  256
370
   -1
100
AcDbCircle
 10
-33
 20
-157
 40
1.5
  0
CIRCLE
  5
383
100
AcDbEntity
  8
Acrylic_1_Middle
  6
ByLayer
 62
  256
370
   -1
100
AcDbCircle
 10
-109
 20
-157
 40
1.5
  0
CIRCLE
  5
384
100
AcDbEntity
  8
Acrylic_1_Middle
  6
ByLayer
 62
  256
370
   -1
100
AcDbCircle
 10
-109
 20
-201
 40
1.5
  0
CIRCLE
  5
385
100
AcDbEntity
  8
Acrylic_1_Middle
  6
ByLayer
 62
  256
370
   -1
100
AcDbCircle
 10
-33
 20
-201
 40
1.5
  0
CIRCLE
  5
386
100
AcDbEntity
  8
Acrylic_1_Middle
  6
ByLayer
 62
  256
370
   -1
100
AcDbCircle
 10
-33
 20
-157
 40
1.5
  0
LWPOLYLINE
  5
387
100
AcDbEntity
  8
Acrylic_1_Middle
  6
ByLayer
 62
  256
370
   -1
100
AcDbPolyline
 90
    4
 70
    1
 43
0
 10
-21
 20
-159
 10
133
 20
-159
 10
133
 20
-200
 10
-21
 20
-200
  0
LWPOLYLINE
  5
388
100
AcDbEntity
  8
Acrylic_1_Middle
  6
ByLayer
 62
  256
370
   -1
100
AcDbPolyline
 90
    4
 70
    1
 43
0
 10
-16.69999999999999
 20
2.199999999999989
 10
-10.90000000000001
 20
2.199999999999989
 10
-10.90000000000001
 20
-0.200000000000017
 10
-16.69999999999999
 20
-0.200000000000017
  0
LWPOLYLINE
  5
389
100
AcDbEntity
  8
Acrylic_1_Middle
  6
ByLayer
 62
  256
370
   -1
100
AcDbPolyline
 90
    4
 70
    1
 43
0
 10
-15.96412877926529
 20
-3.899474449118371
 10
-10.60562749069985
 20
-1.679910541400858
 10
-9.687187253023628
 20
-3.897221419427951
 10
-15.04568854158908
 20
-6.116785327145465
  0
LWPOLYLINE
  5
38A
100
AcDbEntity
  8
Acrylic_1_Middle
  6
ByLayer
 62
  256
370
   -1
100
AcDbPolyline
 90
    4
 70
    1
 43
0
 10
-12.95010460205264
 20
-9.253048327204938
 10
-8.848885271170674
 20
-5.151828996322974
 10
-7.151828996322957
 20
-6.848885271170692
 10
-11.25304832720492
 20
-10.95010460205266
  0
LWPOLYLINE
  5
38B
100
AcDbEntity
  8
Acrylic_1_Middle
  6
ByLayer
 62
  256
370
   -1
100
AcDbPolyline
 90
    4
 70
    1
 43
0
 10
-2.19999999999999
 20
-14.69999999999999
 10
-2.199999999999989
 20
-8.900000000000006
 10
0.2000000000000165
 20
-8.900000000000006
 10
0.2000000000000163
 20
-14.69999999999999
  0
LWPOLYLINE
  5
38C
100
AcDbEntity
  8
Acrylic_1_Middle
  6
ByLayer
 62
  256
370
   -1
100
AcDbPolyline
 90
    4
 70
    1
 43
0
 10
9.253048327204938
 20
-10.95010460205264
 10
5.151828996322974
 20
-6.848885271170674
 10
6.848885271170692
 20
-5.151828996322957
 10
10.95010460205266
 20
-9.253048327204919
  0
LWPOLYLINE
  5
38D
100
AcDbEntity
  8
Acrylic_1_Middle
  6
ByLayer
 62
  256
370
   -1
100
AcDbPolyline
 90
    4
 70
    1
 43
0
 10
13.04568854158909
 20
-6.116785327145441
 10
7.687187253023639
 20
-3.897221419427925
 10
8.605627490699858
 20
-1.679910541400832
 10
13.96412877926531
 20
-3.899474449118348
  0
LWPOLYLINE
  5
38E
100
AcDbEntity
  8
Acrylic_1_Middle
  6
ByLayer
 62
  256
370
   -1
100
AcDbPolyline
 90
    4
 70
    1
 43
0
 10
14.69999999999999
 20
-0.1999999999999906
 10
8.900000000000006
 20
-0.1999999999999897
 10
8.900000000000006
 20
2.200000000000016
 10
14.69999999999999
 20
2.200000000000015
  0
LWPOLYLINE
  5
38F
100
AcDbEntity
  8
Acrylic_1_Middle
  6
ByLayer
 62
  256
370
   -1
100
AcDbPolyline
 90
    4
 70
    1
 43
0
 10
13.9641287792653
 20
5.89947444911837
 10
8.605627490699849
 20
3.679910541400856
 10
7.68718725302363
 20
5.89722141942795
 10
13.04568854158908
 20
8.116785327145463
  0
LWPOLYLINE
  5
390
100
AcDbEntity
  8
Acrylic_1_Middle
  6
ByLayer
 62
  256
370
   -1
100
AcDbPolyline
 90
    4
 70
    1
 43
0
 10
10.95010460205264
 20
11.25304832720494
 10
6.848885271170675
 20
7.151828996322974
 10
5.151828996322958
 20
8.848885271170694
 10
9.253048327204921
 20
12.95010460205266
  0
LWPOLYLINE
  5
391
100
AcDbEntity
  8
Acrylic_1_Middle
  6
ByLayer
 62
  256
370
   -1
100
AcDbPolyline
 90
    4
 70
    1
 43
0
 10
6.116785327145447
 20
15.04568854158908
 10
3.89722141942793
 20
9.687187253023637
 10
1.679910541400837
 20
10.60562749069986
 10
3.899474449118355
 20
15.9641287792653
  0
LWPOLYLINE
  5
392
100
AcDbEntity
  8
Acrylic_1_Middle
  6
ByLayer
 62
  256
370
   -1
100
AcDbPolyline
 90
    4
 70
    1
 43
0
 10
0.1999999999999916
 20
16.69999999999999
 10
0.1999999999999905
 20
10.90000000000001
 10
-2.200000000000015
 20
10.90000000000001
 10
-2.200000000000014
 20
16.69999999999999
  0
LWPOLYLINE
  5
393
100
AcDbEntity
  8
Acrylic_1_Middle
  6
ByLayer
 62
  256
370
   -1
100
AcDbPolyline
 90
    4
 70
    1
 43
0
 10
-5.899474449118375
 20
15.96412877926529
 10
-3.67991054140086
 20
10.60562749069985
 10
-5.897221419427953
 20
9.687187253023628
 10
-8.116785327145468
 20
15.04568854158907
  0
LWPOLYLINE
  5
394
100
AcDbEntity
  8
Acrylic_1_Middle
  6
ByLayer
 62
  256
370
   -1
100
AcDbPolyline
 90
    4
 70
    1
 43
0
 10
-11.25304832720494
 20
12.95010460205264
 10
-7.151828996322974
 20
8.848885271170676
 10
-8.848885271170692
 20
7.151828996322958
 10
-12.95010460205265
 20
11.25304832720492
  0
LWPOLYLINE
  5
395
100
AcDbEntity
  8
Acrylic_1_Middle
  6
ByLayer
 62
  256
370
   -1
100
AcDbPolyline
 90
    4
 70
    1
 43
0
 10
-15.04568854158908
 20
8.116785327145449
 10
-9.687187253023637
 20
5.897221419427931
 10
-10.60562749069986
 20
3.679910541400838
 10
-15.9641287792653
 20
5.899474449118356
  0
LWPOLYLINE
  5
396
100
AcDbEntity
  8
Acrylic_1_Middle
  6
ByLayer
 62
  256
370
   -1
100
AcDbPolyline
 90
    4
 70
    1
 43
0
 10
-16.69999999999999
 20
2.199999999999992
 10
-10.90000000000001
 20
2.199999999999991
 10
-10.90000000000001
 20
-0.2000000000000146
 10
-16.69999999999999
 20
-0.2000000000000133
  0
LWPOLYLINE
  5
397
100
AcDbEntity
  8
Acrylic_1_Middle
  6
ByLayer
 62
  256
370
   -1
100
AcDbPolyline
 90
    4
 70
    1
 43
0
 10
-7.281000000000006
 20
-8.90000000000002
 10
-4.880999999999999
 20
-8.90000000000002
 10
-4.880999999999999
 20
-14.70000000000002
 10
-7.281000000000006
 20
-14.70000000000002
  0
LWPOLYLINE
  5
398
100
AcDbEntity
  8
Acrylic_1_Middle
  6
ByLayer
 62
  256
370
   -1
100
AcDbPolyline
 90
    4
 70
    1
 43
0
 10
2.87900000000002
 20
-8.90000000000002
 10
5.279000000000026
 20
-8.90000000000002
 10
5.279000000000026
 20
-14.70000000000002
 10
2.87900000000002
 20
-14.70000000000002
  0
CIRCLE
  5
399
100
AcDbEntity
  8
Acrylic_1_Middle
  6
ByLayer
 62
  256
370
   -1
100
AcDbCircle
 10
-16.30000000000001
 20
16.29999999999997
 40
1.6
  0
CIRCLE
  5
39A
100
AcDbEntity
  8
Acrylic_1_Middle
  6
ByLayer
 62
  256
370
   -1
100
AcDbCircle
 10
52.27999999999997
 20
16.29999999999997
 40
1.6
  0
CIRCLE
  5
39B
100
AcDbEntity
  8
Acrylic_1_Middle
  6
ByLayer
 62
  256
370
   -1
100
AcDbCircle
 10
59.95999999999998
 20
16.30099999999995
 40
1.6
  0
CIRCLE
  5
39C
100
AcDbEntity
  8
Acrylic_1_Middle
  6
ByLayer
 62
  256
370
   -1
100
AcDbCircle
 10
128.48
 20
16.29999999999997
 40
1.6
  0
CIRCLE
  5
39D
100
AcDbEntity
  8
Acrylic_1_Middle
  6
ByLayer
 62
  256
370
   -1
100
AcDbCircle
 10
-16.30000000000001
 20
-52.28000000000002
 40
1.6
  0
CIRCLE
  5
39E
100
AcDbEntity
  8
Acrylic_1_Middle
  6
ByLayer
 62
  256
370
   -1
100
AcDbCircle
 10
52.27999999999997
 20
-52.28000000000002
 40
1.6
  0
CIRCLE
  5
39F
100
AcDbEntity
  8
Acrylic_1_Middle
  6
ByLayer
 62
  256
370
   -1
100
AcDbCircle
 10
59.95999999999998
 20
-52.28000000000002
 40
1.6
  0
CIRCLE
  5
3A0
100
AcDbEntity
  8
Acrylic_1_Middle
  6
ByLayer
 62
  256
370
   -1
100
AcDbCircle
 10
128.48
 20
-52.28000000000002
 40
1.6
  0
LWPOLYLINE
  5
3A1
100
AcDbEntity
  8
Acrylic_1_Middle
  6
ByLayer
 62
  256
370
   -1
100
AcDbPolyline
 90
    4
 70
    1
 43
0
 10
21.40000000000001
 20
2.199999999999989
 10
27.2
 20
2.199999999999989
 10
27.2
 20
-0.200000000000017
 10
21.40000000000001
 20
-0.200000000000017
  0
LWPOLYLINE
  5
3A2
100
AcDbEntity
  8
Acrylic_1_Middle
  6
ByLayer
 62
  256
370
   -1
100
AcDbPolyline
 90
    4
 70
    1
 43
0
 10
22.13587122073471
 20
-3.899474449118371
 10
27.49437250930016
 20
-1.679910541400858
 10
28.41281274697637
 20
-3.897221419427951
 10
23.05431145841093
 20
-6.116785327145465
  0
LWPOLYLINE
  5
3A3
100
AcDbEntity
  8
Acrylic_1_Middle
  6
ByLayer
 62
  256
370
   -1
100
AcDbPolyline
 90
    4
 70
    1
 43
0
 10
25.14989539794736
 20
-9.253048327204938
 10
29.25111472882933
 20
-5.151828996322974
 10
30.94817100367705
 20
-6.848885271170692
 10
26.84695167279508
 20
-10.95010460205266
  0
LWPOLYLINE
  5
3A4
100
AcDbEntity
  8
Acrylic_1_Middle
  6
ByLayer
 62
  256
370
   -1
100
AcDbPolyline
 90
    4
 70
    1
 43
0
 10
35.90000000000001
 20
-14.69999999999999
 10
35.90000000000001
 20
-8.900000000000006
 10
38.30000000000002
 20
-8.900000000000006
 10
38.30000000000002
 20
-14.69999999999999
  0
LWPOLYLINE
  5
3A5
100
AcDbEntity
  8
Acrylic_1_Middle
  6
ByLayer
 62
  256
370
   -1
100
AcDbPolyline
 90
    4
 70
    1
 43
0
 10
47.35304832720494
 20
-10.95010460205264
 10
43.25182899632298
 20
-6.848885271170674
 10
44.9488852711707
 20
-5.151828996322957
 10
49.05010460205266
 20
-9.253048327204919
  0
LWPOLYLINE
  5
3A6
100
AcDbEntity
  8
Acrylic_1_Middle
  6
ByLayer
 62
  256
370
   -1
100
AcDbPolyline
 90
    4
 70
    1
 43
0
 10
51.14568854158909
 20
-6.116785327145441
 10
45.78718725302364
 20
-3.897221419427925
 10
46.70562749069986
 20
-1.679910541400832
 10
52.0641287792653
 20
-3.899474449118348
  0
LWPOLYLINE
  5
3A7
100
AcDbEntity
  8
Acrylic_1_Middle
  6
ByLayer
 62
  256
370
   -1
100
AcDbPolyline
 90
    4
 70
    1
 43
0
 10
52.79999999999999
 20
-0.1999999999999906
 10
47.00000000000001
 20
-0.1999999999999897
 10
47.00000000000001
 20
2.200000000000016
 10
52.79999999999999
 20
2.200000000000015
  0
LWPOLYLINE
  5
3A8
100
AcDbEntity
  8
Acrylic_1_Middle
  6
ByLayer
 62
  256
370
   -1
100
AcDbPolyline
 90
    4
 70
    1
 43
0
 10
52.0641287792653
 20
5.89947444911837
 10
46.70562749069985
 20
3.679910541400856
 10
45.78718725302363
 20
5.89722141942795
 10
51.14568854158908
 20
8.116785327145463
  0
LWPOLYLINE
  5
3A9
100
AcDbEntity
  8
Acrylic_1_Middle
  6
ByLayer
 62
  256
370
   -1
100
AcDbPolyline
 90
    4
 70
    1
 43
0
 10
49.05010460205264
 20
11.25304832720494
 10
44.94888527117067
 20
7.151828996322974
 10
43.25182899632296
 20
8.848885271170694
 10
47.35304832720492
 20
12.95010460205266
  0
LWPOLYLINE
  5
3AA
100
AcDbEntity
  8
Acrylic_1_Middle
  6
ByLayer
 62
  256
370
   -1
100
AcDbPolyline
 90
    4
 70
    1
 43
0
 10
44.21678532714544
 20
15.04568854158908
 10
41.99722141942793
 20
9.687187253023637
 10
39.77991054140084
 20
10.60562749069986
 10
41.99947444911835
 20
15.9641287792653
  0
LWPOLYLINE
  5
3AB
100
AcDbEntity
  8
Acrylic_1_Middle
  6
ByLayer
 62
  256
370
   -1
100
AcDbPolyline
 90
    4
 70
    1
 43
0
 10
38.29999999999999
 20
16.69999999999999
 10
38.29999999999999
 20
10.90000000000001
 10
35.89999999999998
 20
10.90000000000001
 10
35.89999999999998
 20
16.69999999999999
  0
LWPOLYLINE
  5
3AC
100
AcDbEntity
  8
Acrylic_1_Middle
  6
ByLayer
 62
  256
370
   -1
100
AcDbPolyline
 90
    4
 70
    1
 43
0
 10
32.20052555088163
 20
15.96412877926529
 10
34.42008945859914
 20
10.60562749069985
 10
32.20277858057205
 20
9.687187253023628
 10
29.98321467285453
 20
15.04568854158907
  0
LWPOLYLINE
  5
3AD
100
AcDbEntity
  8
Acrylic_1_Middle
  6
ByLayer
 62
  256
370
   -1
100
AcDbPolyline
 90
    4
 70
    1
 43
0
 10
26.84695167279506
 20
12.95010460205264
 10
30.94817100367703
 20
8.848885271170676
 10
29.25111472882931
 20
7.151828996322958
 10
25.14989539794735
 20
11.25304832720492
  0
LWPOLYLINE
  5
3AE
100
AcDbEntity
  8
Acrylic_1_Middle
  6
ByLayer
 62
  256
370
   -1
100
AcDbPolyline
 90
    4
 70
    1
 43
0
 10
23.05431145841092
 20
8.116785327145449
 10
28.41281274697636
 20
5.897221419427931
 10
27.49437250930015
 20
3.679910541400838
 10
22.1358712207347
 20
5.899474449118356
  0
LWPOLYLINE
  5
3AF
100
AcDbEntity
  8
Acrylic_1_Middle
  6
ByLayer
 62
  256
370
   -1
100
AcDbPolyline
 90
    4
 70
    1
 43
0
 10
21.40000000000001
 20
2.199999999999992
 10
27.2
 20
2.199999999999991
 10
27.2
 20
-0.2000000000000146
 10
21.40000000000001
 20
-0.2000000000000133
  0
LWPOLYLINE
  5
3B0
100
AcDbEntity
  8
Acrylic_1_Middle
  6
ByLayer
 62
  256
370
   -1
100
AcDbPolyline
 90
    4
 70
    1
 43
0
 10
30.819
 20
-8.90000000000002
 10
33.219
 20
-8.90000000000002
 10
33.219
 20
-14.70000000000002
 10
30.819
 20
-14.70000000000002
  0
LWPOLYLINE
  5
3B1
100
AcDbEntity
  8
Acrylic_1_Middle
  6
ByLayer
 62
  256
370
   -1
100
AcDbPolyline
 90
    4
 70
    1
 43
0
 10
40.97900000000002
 20
-8.90000000000002
 10
43.37900000000003
 20
-8.90000000000002
 10
43.37900000000003
 20
-14.70000000000002
 10
40.97900000000002
 20
-14.70000000000002
  0
LWPOLYLINE
  5
3B2
100
AcDbEntity
  8
Acrylic_1_Middle
  6
ByLayer
 62
  256
370
   -1
100
AcDbPolyline
 90
    4
 70
    1
 43
0
 10
59.50000000000001
 20
2.199999999999989
 10
65.3
 20
2.199999999999989
 10
65.3
 20
-0.200000000000017
 10
59.50000000000001
 20
-0.200000000000017
  0
LWPOLYLINE
  5
3B3
100
AcDbEntity
  8
Acrylic_1_Middle
  6
ByLayer
 62
  256
370
   -1
100
AcDbPolyline
 90
    4
 70
    1
 43
0
 10
60.23587122073471
 20
-3.899474449118371
 10
65.59437250930016
 20
-1.679910541400858
 10
66.51281274697638
 20
-3.897221419427951
 10
61.15431145841093
 20
-6.116785327145465
  0
LWPOLYLINE
  5
3B4
100
AcDbEntity
  8
Acrylic_1_Middle
  6
ByLayer
 62
  256
370
   -1
100
AcDbPolyline
 90
    4
 70
    1
 43
0
 10
63.24989539794737
 20
-9.253048327204938
 10
67.35111472882933
 20
-5.151828996322974
 10
69.04817100367706
 20
-6.848885271170692
 10
64.94695167279508
 20
-10.95010460205266
  0
LWPOLYLINE
  5
3B5
100
AcDbEntity
  8
Acrylic_1_Middle
  6
ByLayer
 62
  256
370
   -1
100
AcDbPolyline
 90
    4
 70
    1
 43
0
 10
74.00000000000001
 20
-14.69999999999999
 10
74.00000000000001
 20
-8.900000000000006
 10
76.40000000000002
 20
-8.900000000000006
 10
76.40000000000002
 20
-14.69999999999999
  0
LWPOLYLINE
  5
3B6
100
AcDbEntity
  8
Acrylic_1_Middle
  6
ByLayer
 62
  256
370
   -1
100
AcDbPolyline
 90
    4
 70
    1
 43
0
 10
85.45304832720494
 20
-10.95010460205264
 10
81.35182899632298
 20
-6.848885271170674
 10
83.04888527117069
 20
-5.151828996322957
 10
87.15010460205266
 20
-9.253048327204919
  0
LWPOLYLINE
  5
3B7
100
AcDbEntity
  8
Acrylic_1_Middle
  6
ByLayer
 62
  256
370
   -1
100
AcDbPolyline
 90
    4
 70
    1
 43
0
 10
89.24568854158909
 20
-6.116785327145441
 10
83.88718725302364
 20
-3.897221419427925
 10
84.80562749069986
 20
-1.679910541400832
 10
90.1641287792653
 20
-3.899474449118348
  0
LWPOLYLINE
  5
3B8
100
AcDbEntity
  8
Acrylic_1_Middle
  6
ByLayer
 62
  256
370
   -1
100
AcDbPolyline
 90
    4
 70
    1
 43
0
 10
90.89999999999999
 20
-0.1999999999999906
 10
85.10000000000001
 20
-0.1999999999999897
 10
85.10000000000001
 20
2.200000000000016
 10
90.89999999999999
 20
2.200000000000015
  0
LWPOLYLINE
  5
3B9
100
AcDbEntity
  8
Acrylic_1_Middle
  6
ByLayer
 62
  256
370
   -1
100
AcDbPolyline
 90
    4
 70
    1
 43
0
 10
90.1641287792653
 20
5.89947444911837
 10
84.80562749069986
 20
3.679910541400856
 10
83.88718725302363
 20
5.89722141942795
 10
89.24568854158909
 20
8.116785327145463
  0
LWPOLYLINE
  5
3BA
100
AcDbEntity
  8
Acrylic_1_Middle
  6
ByLayer
 62
  256
370
   -1
100
AcDbPolyline
 90
    4
 70
    1
 43
0
 10
87.15010460205264
 20
11.25304832720494
 10
83.04888527117068
 20
7.151828996322974
 10
81.35182899632295
 20
8.848885271170694
 10
85.45304832720493
 20
12.95010460205266
  0
LWPOLYLINE
  5
3BB
100
AcDbEntity
  8
Acrylic_1_Middle
  6
ByLayer
 62
  256
370
   -1
100
AcDbPolyline
 90
    4
 70
    1
 43
0
 10
82.31678532714545
 20
15.04568854158908
 10
80.09722141942794
 20
9.687187253023637
 10
77.87991054140085
 20
10.60562749069986
 10
80.09947444911836
 20
15.9641287792653
  0
LWPOLYLINE
  5
3BC
100
AcDbEntity
  8
Acrylic_1_Middle
  6
ByLayer
 62
  256
370
   -1
100
AcDbPolyline
 90
    4
 70
    1
 43
0
 10
76.39999999999999
 20
16.69999999999999
 10
76.39999999999999
 20
10.90000000000001
 10
73.99999999999999
 20
10.90000000000001
 10
73.99999999999999
 20
16.69999999999999
  0
LWPOLYLINE
  5
3BD
100
AcDbEntity
  8
Acrylic_1_Middle
  6
ByLayer
 62
  256
370
   -1
100
AcDbPolyline
 90
    4
 70
    1
 43
0
 10
70.30052555088163
 20
15.96412877926529
 10
72.52008945859914
 20
10.60562749069985
 10
70.30277858057205
 20
9.687187253023628
 10
68.08321467285454
 20
15.04568854158907
  0
LWPOLYLINE
  5
3BE
100
AcDbEntity
  8
Acrylic_1_Middle
  6
ByLayer
 62
  256
370
   -1
100
AcDbPolyline
 90
    4
 70
    1
 43
0
 10
64.94695167279507
 20
12.95010460205264
 10
69.04817100367703
 20
8.848885271170676
 10
67.35111472882932
 20
7.151828996322958
 10
63.24989539794735
 20
11.25304832720492
  0
LWPOLYLINE
  5
3BF
100
AcDbEntity
  8
Acrylic_1_Middle
  6
ByLayer
 62
  256
370
   -1
100
AcDbPolyline
 90
    4
 70
    1
 43
0
 10
61.15431145841092
 20
8.116785327145449
 10
66.51281274697637
 20
5.897221419427931
 10
65.59437250930014
 20
3.679910541400838
 10
60.2358712207347
 20
5.899474449118356
  0
LWPOLYLINE
  5
3C0
100
AcDbEntity
  8
Acrylic_1_Middle
  6
ByLayer
 62
  256
370
   -1
100
AcDbPolyline
 90
    4
 70
    1
 43
0
 10
59.50000000000001
 20
2.199999999999992
 10
65.3
 20
2.199999999999991
 10
65.3
 20
-0.2000000000000146
 10
59.50000000000001
 20
-0.2000000000000133
  0
LWPOLYLINE
  5
3C1
100
AcDbEntity
  8
Acrylic_1_Middle
  6
ByLayer
 62
  256
370
   -1
100
AcDbPolyline
 90
    4
 70
    1
 43
0
 10
68.919
 20
-8.90000000000002
 10
71.319
 20
-8.90000000000002
 10
71.319
 20
-14.70000000000002
 10
68.919
 20
-14.70000000000002
  0
LWPOLYLINE
  5
3C2
100
AcDbEntity
  8
Acrylic_1_Middle
  6
ByLayer
 62
  256
370
   -1
100
AcDbPolyline
 90
    4
 70
    1
 43
0
 10
79.07900000000002
 20
-8.90000000000002
 10
81.47900000000003
 20
-8.90000000000002
 10
81.47900000000003
 20
-14.70000000000002
 10
79.07900000000002
 20
-14.70000000000002
  0
LWPOLYLINE
  5
3C3
100
AcDbEntity
  8
Acrylic_1_Middle
  6
ByLayer
 62
  256
370
   -1
100
AcDbPolyline
 90
    4
 70
    1
 43
0
 10
97.60000000000002
 20
2.199999999999989
 10
103.4
 20
2.199999999999989
 10
103.4
 20
-0.200000000000017
 10
97.60000000000002
 20
-0.200000000000017
  0
LWPOLYLINE
  5
3C4
100
AcDbEntity
  8
Acrylic_1_Middle
  6
ByLayer
 62
  256
370
   -1
100
AcDbPolyline
 90
    4
 70
    1
 43
0
 10
98.3358712207347
 20
-3.899474449118371
 10
103.6943725093002
 20
-1.679910541400858
 10
104.6128127469764
 20
-3.897221419427951
 10
99.25431145841094
 20
-6.116785327145465
  0
LWPOLYLINE
  5
3C5
100
AcDbEntity
  8
Acrylic_1_Middle
  6
ByLayer
 62
  256
370
   -1
100
AcDbPolyline
 90
    4
 70
    1
 43
0
 10
101.3498953979474
 20
-9.253048327204938
 10
105.4511147288293
 20
-5.151828996322974
 10
107.148171003677
 20
-6.848885271170692
 10
103.0469516727951
 20
-10.95010460205266
  0
LWPOLYLINE
  5
3C6
100
AcDbEntity
  8
Acrylic_1_Middle
  6
ByLayer
 62
  256
370
   -1
100
AcDbPolyline
 90
    4
 70
    1
 43
0
 10
112.1
 20
-14.69999999999999
 10
112.1
 20
-8.900000000000006
 10
114.5
 20
-8.900000000000006
 10
114.5
 20
-14.69999999999999
  0
LWPOLYLINE
  5
3C7
100
AcDbEntity
  8
Acrylic_1_Middle
  6
ByLayer
 62
  256
370
   -1
100
AcDbPolyline
 90
    4
 70
    1
 43
0
 10
123.5530483272049
 20
-10.95010460205264
 10
119.451828996323
 20
-6.848885271170674
 10
121.1488852711707
 20
-5.151828996322957
 10
125.2501046020527
 20
-9.253048327204919
  0
LWPOLYLINE
  5
3C8
100
AcDbEntity
  8
Acrylic_1_Middle
  6
ByLayer
 62
  256
370
   -1
100
AcDbPolyline
 90
    4
 70
    1
 43
0
 10
127.3456885415891
 20
-6.116785327145441
 10
121.9871872530236
 20
-3.897221419427925
 10
122.9056274906999
 20
-1.679910541400832
 10
128.2641287792653
 20
-3.899474449118348
  0
LWPOLYLINE
  5
3C9
100
AcDbEntity
  8
Acrylic_1_Middle
  6
ByLayer
 62
  256
370
   -1
100
AcDbPolyline
 90
    4
 70
    1
 43
0
 10
129
 20
-0.1999999999999906
 10
123.2
 20
-0.1999999999999897
 10
123.2
 20
2.200000000000016
 10
129
 20
2.200000000000015
  0
LWPOLYLINE
  5
3CA
100
AcDbEntity
  8
Acrylic_1_Middle
  6
ByLayer
 62
  256
370
   -1
100
AcDbPolyline
 90
    4
 70
    1
 43
0
 10
128.2641287792653
 20
5.89947444911837
 10
122.9056274906999
 20
3.679910541400856
 10
121.9871872530236
 20
5.89722141942795
 10
127.3456885415891
 20
8.116785327145463
  0
LWPOLYLINE
  5
3CB
100
AcDbEntity
  8
Acrylic_1_Middle
  6
ByLayer
 62
  256
370
   -1
100
AcDbPolyline
 90
    4
 70
    1
 43
0
 10
125.2501046020526
 20
11.25304832720494
 10
121.1488852711707
 20
7.151828996322974
 10
119.4518289963229
 20
8.848885271170694
 10
123.5530483272049
 20
12.95010460205266
  0
LWPOLYLINE
  5
3CC
100
AcDbEntity
  8
Acrylic_1_Middle
  6
ByLayer
 62
  256
370
   -1
100
AcDbPolyline
 90
    4
 70
    1
 43
0
 10
120.4167853271454
 20
15.04568854158908
 10
118.1972214194279
 20
9.687187253023637
 10
115.9799105414008
 20
10.60562749069986
 10
118.1994744491184
 20
15.9641287792653
  0
LWPOLYLINE
  5
3CD
100
AcDbEntity
  8
Acrylic_1_Middle
  6
ByLayer
 62
  256
370
   -1
100
AcDbPolyline
 90
    4
 70
    1
 43
0
 10
114.5
 20
16.69999999999999
 10
114.5
 20
10.90000000000001
 10
112.1
 20
10.90000000000001
 10
112.1
 20
16.69999999999999
  0
LWPOLYLINE
  5
3CE
100
AcDbEntity
  8
Acrylic_1_Middle
  6
ByLayer
 62
  256
370
   -1
100
AcDbPolyline
 90
    4
 70
    1
 43
0
 10
108.4005255508816
 20
15.96412877926529
 10
110.6200894585992
 20
10.60562749069985
 10
108.4027785805721
 20
9.687187253023628
 10
106.1832146728545
 20
15.04568854158907
  0
LWPOLYLINE
  5
3CF
100
AcDbEntity
  8
Acrylic_1_Middle
  6
ByLayer
 62
  256
370
   -1
100
AcDbPolyline
 90
    4
 70
    1
 43
0
 10
103.0469516727951
 20
12.95010460205264
 10
107.148171003677
 20
8.848885271170676
 10
105.4511147288293
 20
7.151828996322958
 10
101.3498953979473
 20
11.25304832720492
  0
LWPOLYLINE
  5
3D0
100
AcDbEntity
  8
Acrylic_1_Middle
  6
ByLayer
 62
  256
370
   -1
100
AcDbPolyline
 90
    4
 70
    1
 43
0
 10
99.25431145841091
 20
8.116785327145449
 10
104.6128127469764
 20
5.897221419427931
 10
103.6943725093001
 20
3.679910541400838
 10
98.3358712207347
 20
5.899474449118356
  0
LWPOLYLINE
  5
3D1
100
AcDbEntity
  8
Acrylic_1_Middle
  6
ByLayer
 62
  256
370
   -1
100
AcDbPolyline
 90
    4
 70
    1
 43
0
 10
97.60000000000002
 20
2.199999999999992
 10
103.4
 20
2.199999999999991
 10
103.4
 20
-0.2000000000000146
 10
97.60000000000002
 20
-0.2000000000000133
  0
LWPOLYLINE
  5
3D2
100
AcDbEntity
  8
Acrylic_1_Middle
  6
ByLayer
 62
  256
370
   -1
100
AcDbPolyline
 90
    4
 70
    1
 43
0
 10
107.019
 20
-8.90000000000002
 10
109.419
 20
-8.90000000000002
 10
109.419
 20
-14.70000000000002
 10
107.019
 20
-14.70000000000002
  0
LWPOLYLINE
  5
3D3
100
AcDbEntity
  8
Acrylic_1_Middle
  6
ByLayer
 62
  256
370
   -1
100
AcDbPolyline
 90
    4
 70
    1
 43
0
 10
117.179
 20
-8.90000000000002
 10
119.579
 20
-8.90000000000002
 10
119.579
 20
-14.70000000000002
 10
117.179
 20
-14.70000000000002
  0
LWPOLYLINE
  5
3D4
100
AcDbEntity
  8
Acrylic_1_Middle
  6
ByLayer
 62
  256
370
   -1
100
AcDbPolyline
 90
    4
 70
    1
 43
0
 10
-16.69999999999999
 20
-35.90000000000001
 10
-10.90000000000001
 20
-35.90000000000001
 10
-10.90000000000001
 20
-38.30000000000002
 10
-16.69999999999999
 20
-38.30000000000002
  0
LWPOLYLINE
  5
3D5
100
AcDbEntity
  8
Acrylic_1_Middle
  6
ByLayer
 62
  256
370
   -1
100
AcDbPolyline
 90
    4
 70
    1
 43
0
 10
-15.96412877926529
 20
-41.99947444911837
 10
-10.60562749069985
 20
-39.77991054140086
 10
-9.687187253023628
 20
-41.99722141942795
 10
-15.04568854158908
 20
-44.21678532714547
  0
LWPOLYLINE
  5
3D6
100
AcDbEntity
  8
Acrylic_1_Middle
  6
ByLayer
 62
  256
370
   -1
100
AcDbPolyline
 90
    4
 70
    1
 43
0
 10
-12.95010460205264
 20
-47.35304832720494
 10
-8.848885271170674
 20
-43.25182899632298
 10
-7.151828996322957
 20
-44.9488852711707
 10
-11.25304832720492
 20
-49.05010460205266
  0
LWPOLYLINE
  5
3D7
100
AcDbEntity
  8
Acrylic_1_Middle
  6
ByLayer
 62
  256
370
   -1
100
AcDbPolyline
 90
    4
 70
    1
 43
0
 10
-2.19999999999999
 20
-52.79999999999999
 10
-2.199999999999989
 20
-47.00000000000001
 10
0.2000000000000165
 20
-47.00000000000001
 10
0.2000000000000163
 20
-52.79999999999999
  0
LWPOLYLINE
  5
3D8
100
AcDbEntity
  8
Acrylic_1_Middle
  6
ByLayer
 62
  256
370
   -1
100
AcDbPolyline
 90
    4
 70
    1
 43
0
 10
9.253048327204938
 20
-49.05010460205264
 10
5.151828996322974
 20
-44.94888527117067
 10
6.848885271170692
 20
-43.25182899632296
 10
10.95010460205266
 20
-47.35304832720492
  0
LWPOLYLINE
  5
3D9
100
AcDbEntity
  8
Acrylic_1_Middle
  6
ByLayer
 62
  256
370
   -1
100
AcDbPolyline
 90
    4
 70
    1
 43
0
 10
13.04568854158909
 20
-44.21678532714544
 10
7.687187253023639
 20
-41.99722141942793
 10
8.605627490699858
 20
-39.77991054140083
 10
13.96412877926531
 20
-41.99947444911835
  0
LWPOLYLINE
  5
3DA
100
AcDbEntity
  8
Acrylic_1_Middle
  6
ByLayer
 62
  256
370
   -1
100
AcDbPolyline
 90
    4
 70
    1
 43
0
 10
14.69999999999999
 20
-38.29999999999999
 10
8.900000000000006
 20
-38.29999999999999
 10
8.900000000000006
 20
-35.89999999999998
 10
14.69999999999999
 20
-35.89999999999998
  0
LWPOLYLINE
  5
3DB
100
AcDbEntity
  8
Acrylic_1_Middle
  6
ByLayer
 62
  256
370
   -1
100
AcDbPolyline
 90
    4
 70
    1
 43
0
 10
13.9641287792653
 20
-32.20052555088163
 10
8.605627490699849
 20
-34.42008945859914
 10
7.68718725302363
 20
-32.20277858057205
 10
13.04568854158908
 20
-29.98321467285454
  0
LWPOLYLINE
  5
3DC
100
AcDbEntity
  8
Acrylic_1_Middle
  6
ByLayer
 62
  256
370
   -1
100
AcDbPolyline
 90
    4
 70
    1
 43
0
 10
10.95010460205264
 20
-26.84695167279506
 10
6.848885271170675
 20
-30.94817100367703
 10
5.151828996322958
 20
-29.25111472882931
 10
9.253048327204921
 20
-25.14989539794735
  0
LWPOLYLINE
  5
3DD
100
AcDbEntity
  8
Acrylic_1_Middle
  6
ByLayer
 62
  256
370
   -1
100
AcDbPolyline
 90
    4
 70
    1
 43
0
 10
6.116785327145447
 20
-23.05431145841092
 10
3.89722141942793
 20
-28.41281274697636
 10
1.679910541400837
 20
-27.49437250930015
 10
3.899474449118355
 20
-22.1358712207347
  0
LWPOLYLINE
  5
3DE
100
AcDbEntity
  8
Acrylic_1_Middle
  6
ByLayer
 62
  256
370
   -1
100
AcDbPolyline
 90
    4
 70
    1
 43
0
 10
0.1999999999999916
 20
-21.40000000000001
 10
0.1999999999999905
 20
-27.2
 10
-2.200000000000015
 20
-27.2
 10
-2.200000000000014
 20
-21.40000000000001
  0
LWPOLYLINE
  5
3DF
100
AcDbEntity
  8
Acrylic_1_Middle
  6
ByLayer
 62
  256
370
   -1
100
AcDbPolyline
 90
    4
 70
    1
 43
0
 10
-5.899474449118375
 20
-22.13587122073471
 10
-3.67991054140086
 20
-27.49437250930016
 10
-5.897221419427953
 20
-28.41281274697637
 10
-8.116785327145468
 20
-23.05431145841093
  0
LWPOLYLINE
  5
3E0
100
AcDbEntity
  8
Acrylic_1_Middle
  6
ByLayer
 62
  256
370
   -1
100
AcDbPolyline
 90
    4
 70
    1
 43
0
 10
-11.25304832720494
 20
-25.14989539794736
 10
-7.151828996322974
 20
-29.25111472882933
 10
-8.848885271170692
 20
-30.94817100367704
 10
-12.95010460205265
 20
-26.84695167279508
  0
LWPOLYLINE
  5
3E1
100
AcDbEntity
  8
Acrylic_1_Middle
  6
ByLayer
 62
  256
370
   -1
100
AcDbPolyline
 90
    4
 70
    1
 43
0
 10
-15.04568854158908
 20
-29.98321467285455
 10
-9.687187253023637
 20
-32.20277858057207
 10
-10.60562749069986
 20
-34.42008945859916
 10
-15.9641287792653
 20
-32.20052555088164
  0
LWPOLYLINE
  5
3E2
100
AcDbEntity
  8
Acrylic_1_Middle
  6
ByLayer
 62
  256
370
   -1
100
AcDbPolyline
 90
    4
 70
    1
 43
0
 10
-16.69999999999999
 20
-35.90000000000001
 10
-10.90000000000001
 20
-35.90000000000001
 10
-10.90000000000001
 20
-38.30000000000002
 10
-16.69999999999999
 20
-38.30000000000001
  0
LWPOLYLINE
  5
3E3
100
AcDbEntity
  8
Acrylic_1_Middle
  6
ByLayer
 62
  256
370
   -1
100
AcDbPolyline
 90
    4
 70
    1
 43
0
 10
-7.281000000000006
 20
-47.00000000000002
 10
-4.880999999999999
 20
-47.00000000000002
 10
-4.880999999999999
 20
-52.80000000000002
 10
-7.281000000000006
 20
-52.80000000000002
  0
LWPOLYLINE
  5
3E4
100
AcDbEntity
  8
Acrylic_1_Middle
  6
ByLayer
 62
  256
370
   -1
100
AcDbPolyline
 90
    4
 70
    1
 43
0
 10
2.87900000000002
 20
-47.00000000000002
 10
5.279000000000026
 20
-47.00000000000002
 10
5.279000000000026
 20
-52.80000000000002
 10
2.87900000000002
 20
-52.80000000000002
  0
LWPOLYLINE
  5
3E5
100
AcDbEntity
  8
Acrylic_1_Middle
  6
ByLayer
 62
  256
370
   -1
100
AcDbPolyline
 90
    4
 70
    1
 43
0
 10
21.40000000000001
 20
-35.90000000000001
 10
27.2
 20
-35.90000000000001
 10
27.2
 20
-38.30000000000002
 10
21.40000000000001
 20
-38.30000000000002
  0
LWPOLYLINE
  5
3E6
100
AcDbEntity
  8
Acrylic_1_Middle
  6
ByLayer
 62
  256
370
   -1
100
AcDbPolyline
 90
    4
 70
    1
 43
0
 10
22.13587122073471
 20
-41.99947444911837
 10
27.49437250930016
 20
-39.77991054140086
 10
28.41281274697637
 20
-41.99722141942795
 10
23.05431145841093
 20
-44.21678532714547
  0
LWPOLYLINE
  5
3E7
100
AcDbEntity
  8
Acrylic_1_Middle
  6
ByLayer
 62
  256
370
   -1
100
AcDbPolyline
 90
    4
 70
    1
 43
0
 10
25.14989539794736
 20
-47.35304832720494
 10
29.25111472882933
 20
-43.25182899632298
 10
30.94817100367705
 20
-44.9488852711707
 10
26.84695167279508
 20
-49.05010460205266
  0
LWPOLYLINE
  5
3E8
100
AcDbEntity
  8
Acrylic_1_Middle
  6
ByLayer
 62
  256
370
   -1
100
AcDbPolyline
 90
    4
 70
    1
 43
0
 10
35.90000000000001
 20
-52.79999999999999
 10
35.90000000000001
 20
-47.00000000000001
 10
38.30000000000002
 20
-47.00000000000001
 10
38.30000000000002
 20
-52.79999999999999
  0
LWPOLYLINE
  5
3E9
100
AcDbEntity
  8
Acrylic_1_Middle
  6
ByLayer
 62
  256
370
   -1
100
AcDbPolyline
 90
    4
 70
    1
 43
0
 10
47.35304832720494
 20
-49.05010460205264
 10
43.25182899632298
 20
-44.94888527117067
 10
44.9488852711707
 20
-43.25182899632296
 10
49.05010460205266
 20
-47.35304832720492
  0
LWPOLYLINE
  5
3EA
100
AcDbEntity
  8
Acrylic_1_Middle
  6
ByLayer
 62
  256
370
   -1
100
AcDbPolyline
 90
    4
 70
    1
 43
0
 10
51.14568854158909
 20
-44.21678532714544
 10
45.78718725302364
 20
-41.99722141942793
 10
46.70562749069986
 20
-39.77991054140083
 10
52.0641287792653
 20
-41.99947444911835
  0
LWPOLYLINE
  5
3EB
100
AcDbEntity
  8
Acrylic_1_Middle
  6
ByLayer
 62
  256
370
   -1
100
AcDbPolyline
 90
    4
 70
    1
 43
0
 10
52.79999999999999
 20
-38.29999999999999
 10
47.00000000000001
 20
-38.29999999999999
 10
47.00000000000001
 20
-35.89999999999998
 10
52.79999999999999
 20
-35.89999999999998
  0
LWPOLYLINE
  5
3EC
100
AcDbEntity
  8
Acrylic_1_Middle
  6
ByLayer
 62
  256
370
   -1
100
AcDbPolyline
 90
    4
 70
    1
 43
0
 10
52.0641287792653
 20
-32.20052555088163
 10
46.70562749069985
 20
-34.42008945859914
 10
45.78718725302363
 20
-32.20277858057205
 10
51.14568854158908
 20
-29.98321467285454
  0
LWPOLYLINE
  5
3ED
100
AcDbEntity
  8
Acrylic_1_Middle
  6
ByLayer
 62
  256
370
   -1
100
AcDbPolyline
 90
    4
 70
    1
 43
0
 10
49.05010460205264
 20
-26.84695167279506
 10
44.94888527117067
 20
-30.94817100367703
 10
43.25182899632296
 20
-29.25111472882931
 10
47.35304832720492
 20
-25.14989539794735
  0
LWPOLYLINE
  5
3EE
100
AcDbEntity
  8
Acrylic_1_Middle
  6
ByLayer
 62
  256
370
   -1
100
AcDbPolyline
 90
    4
 70
    1
 43
0
 10
44.21678532714544
 20
-23.05431145841092
 10
41.99722141942793
 20
-28.41281274697636
 10
39.77991054140084
 20
-27.49437250930015
 10
41.99947444911835
 20
-22.1358712207347
  0
LWPOLYLINE
  5
3EF
100
AcDbEntity
  8
Acrylic_1_Middle
  6
ByLayer
 62
  256
370
   -1
100
AcDbPolyline
 90
    4
 70
    1
 43
0
 10
38.29999999999999
 20
-21.40000000000001
 10
38.29999999999999
 20
-27.2
 10
35.89999999999998
 20
-27.2
 10
35.89999999999998
 20
-21.40000000000001
  0
LWPOLYLINE
  5
3F0
100
AcDbEntity
  8
Acrylic_1_Middle
  6
ByLayer
 62
  256
370
   -1
100
AcDbPolyline
 90
    4
 70
    1
 43
0
 10
32.20052555088163
 20
-22.13587122073471
 10
34.42008945859914
 20
-27.49437250930016
 10
32.20277858057205
 20
-28.41281274697637
 10
29.98321467285453
 20
-23.05431145841093
  0
LWPOLYLINE
  5
3F1
100
AcDbEntity
  8
Acrylic_1_Middle
  6
ByLayer
 62
  256
370
   -1
100
AcDbPolyline
 90
    4
 70
    1
 43
0
 10
26.84695167279506
 20
-25.14989539794736
 10
30.94817100367703
 20
-29.25111472882933
 10
29.25111472882931
 20
-30.94817100367704
 10
25.14989539794735
 20
-26.84695167279508
  0
LWPOLYLINE
  5
3F2
100
AcDbEntity
  8
Acrylic_1_Middle
  6
ByLayer
 62
  256
370
   -1
100
AcDbPolyline
 90
    4
 70
    1
 43
0
 10
23.05431145841092
 20
-29.98321467285455
 10
28.41281274697636
 20
-32.20277858057207
 10
27.49437250930015
 20
-34.42008945859916
 10
22.1358712207347
 20
-32.20052555088164
  0
LWPOLYLINE
  5
3F3
100
AcDbEntity
  8
Acrylic_1_Middle
  6
ByLayer
 62
  256
370
   -1
100
AcDbPolyline
 90
    4
 70
    1
 43
0
 10
21.40000000000001
 20
-35.90000000000001
 10
27.2
 20
-35.90000000000001
 10
27.2
 20
-38.30000000000002
 10
21.40000000000001
 20
-38.30000000000001
  0
LWPOLYLINE
  5
3F4
100
AcDbEntity
  8
Acrylic_1_Middle
  6
ByLayer
 62
  256
370
   -1
100
AcDbPolyline
 90
    4
 70
    1
 43
0
 10
30.819
 20
-47.00000000000002
 10
33.219
 20
-47.00000000000002
 10
33.219
 20
-52.80000000000002
 10
30.819
 20
-52.80000000000002
  0
LWPOLYLINE
  5
3F5
100
AcDbEntity
  8
Acrylic_1_Middle
  6
ByLayer
 62
  256
370
   -1
100
AcDbPolyline
 90
    4
 70
    1
 43
0
 10
40.97900000000002
 20
-47.00000000000002
 10
43.37900000000003
 20
-47.00000000000002
 10
43.37900000000003
 20
-52.80000000000002
 10
40.97900000000002
 20
-52.80000000000002
  0
LWPOLYLINE
  5
3F6
100
AcDbEntity
  8
Acrylic_1_Middle
  6
ByLayer
 62
  256
370
   -1
100
AcDbPolyline
 90
    4
 70
    1
 43
0
 10
59.50000000000001
 20
-35.90000000000001
 10
65.3
 20
-35.90000000000001
 10
65.3
 20
-38.30000000000002
 10
59.50000000000001
 20
-38.30000000000002
  0
LWPOLYLINE
  5
3F7
100
AcDbEntity
  8
Acrylic_1_Middle
  6
ByLayer
 62
  256
370
   -1
100
AcDbPolyline
 90
    4
 70
    1
 43
0
 10
60.23587122073471
 20
-41.99947444911837
 10
65.59437250930016
 20
-39.77991054140086
 10
66.51281274697638
 20
-41.99722141942795
 10
61.15431145841093
 20
-44.21678532714547
  0
LWPOLYLINE
  5
3F8
100
AcDbEntity
  8
Acrylic_1_Middle
  6
ByLayer
 62
  256
370
   -1
100
AcDbPolyline
 90
    4
 70
    1
 43
0
 10
63.24989539794737
 20
-47.35304832720494
 10
67.35111472882933
 20
-43.25182899632298
 10
69.04817100367706
 20
-44.9488852711707
 10
64.94695167279508
 20
-49.05010460205266
  0
LWPOLYLINE
  5
3F9
100
AcDbEntity
  8
Acrylic_1_Middle
  6
ByLayer
 62
  256
370
   -1
100
AcDbPolyline
 90
    4
 70
    1
 43
0
 10
74.00000000000001
 20
-52.79999999999999
 10
74.00000000000001
 20
-47.00000000000001
 10
76.40000000000002
 20
-47.00000000000001
 10
76.40000000000002
 20
-52.79999999999999
  0
LWPOLYLINE
  5
3FA
100
AcDbEntity
  8
Acrylic_1_Middle
  6
ByLayer
 62
  256
370
   -1
100
AcDbPolyline
 90
    4
 70
    1
 43
0
 10
85.45304832720494
 20
-49.05010460205264
 10
81.35182899632298
 20
-44.94888527117067
 10
83.04888527117069
 20
-43.25182899632296
 10
87.15010460205266
 20
-47.35304832720492
  0
LWPOLYLINE
  5
3FB
100
AcDbEntity
  8
Acrylic_1_Middle
  6
ByLayer
 62
  256
370
   -1
100
AcDbPolyline
 90
    4
 70
    1
 43
0
 10
89.24568854158909
 20
-44.21678532714544
 10
83.88718725302364
 20
-41.99722141942793
 10
84.80562749069986
 20
-39.77991054140083
 10
90.1641287792653
 20
-41.99947444911835
  0
LWPOLYLINE
  5
3FC
100
AcDbEntity
  8
Acrylic_1_Middle
  6
ByLayer
 62
  256
370
   -1
100
AcDbPolyline
 90
    4
 70
    1
 43
0
 10
90.89999999999999
 20
-38.29999999999999
 10
85.10000000000001
 20
-38.29999999999999
 10
85.10000000000001
 20
-35.89999999999998
 10
90.89999999999999
 20
-35.89999999999998
  0
LWPOLYLINE
  5
3FD
100
AcDbEntity
  8
Acrylic_1_Middle
  6
ByLayer
 62
  256
370
   -1
100
AcDbPolyline
 90
    4
 70
    1
 43
0
 10
90.1641287792653
 20
-32.20052555088163
 10
84.80562749069986
 20
-34.42008945859914
 10
83.88718725302363
 20
-32.20277858057205
 10
89.24568854158909
 20
-29.98321467285454
  0
LWPOLYLINE
  5
3FE
100
AcDbEntity
  8
Acrylic_1_Middle
  6
ByLayer
 62
  256
370
   -1
100
AcDbPolyline
 90
    4
 70
    1
 43
0
 10
87.15010460205264
 20
-26.84695167279506
 10
83.04888527117068
 20
-30.94817100367703
 10
81.35182899632295
 20
-29.25111472882931
 10
85.45304832720493
 20
-25.14989539794735
  0
LWPOLYLINE
  5
3FF
100
AcDbEntity
  8
Acrylic_1_Middle
  6
ByLayer
 62
  256
370
   -1
100
AcDbPolyline
 90
    4
 70
    1
 43
0
 10
82.31678532714545
 20
-23.05431145841092
 10
80.09722141942794
 20
-28.41281274697636
 10
77.87991054140085
 20
-27.49437250930015
 10
80.09947444911836
 20
-22.1358712207347
  0
LWPOLYLINE
  5
400
100
AcDbEntity
  8
Acrylic_1_Middle
  6
ByLayer
 62
  256
370
   -1
100
AcDbPolyline
 90
    4
 70
    1
 43
0
 10
76.39999999999999
 20
-21.40000000000001
 10
76.39999999999999
 20
-27.2
 10
73.99999999999999
 20
-27.2
 10
73.99999999999999
 20
-21.40000000000001
  0
LWPOLYLINE
  5
401
100
AcDbEntity
  8
Acrylic_1_Middle
  6
ByLayer
 62
  256
370
   -1
100
AcDbPolyline
 90
    4
 70
    1
 43
0
 10
70.30052555088163
 20
-22.13587122073471
 10
72.52008945859914
 20
-27.49437250930016
 10
70.30277858057205
 20
-28.41281274697637
 10
68.08321467285454
 20
-23.05431145841093
  0
LWPOLYLINE
  5
402
100
AcDbEntity
  8
Acrylic_1_Middle
  6
ByLayer
 62
  256
370
   -1
100
AcDbPolyline
 90
    4
 70
    1
 43
0
 10
64.94695167279507
 20
-25.14989539794736
 10
69.04817100367703
 20
-29.25111472882933
 10
67.35111472882932
 20
-30.94817100367704
 10
63.24989539794735
 20
-26.84695167279508
  0
LWPOLYLINE
  5
403
100
AcDbEntity
  8
Acrylic_1_Middle
  6
ByLayer
 62
  256
370
   -1
100
AcDbPolyline
 90
    4
 70
    1
 43
0
 10
61.15431145841092
 20
-29.98321467285455
 10
66.51281274697637
 20
-32.20277858057207
 10
65.59437250930014
 20
-34.42008945859916
 10
60.2358712207347
 20
-32.20052555088164
  0
LWPOLYLINE
  5
404
100
AcDbEntity
  8
Acrylic_1_Middle
  6
ByLayer
 62
  256
370
   -1
100
AcDbPolyline
 90
    4
 70
    1
 43
0
 10
59.50000000000001
 20
-35.90000000000001
 10
65.3
 20
-35.90000000000001
 10
65.3
 20
-38.30000000000002
 10
59.50000000000001
 20
-38.30000000000001
  0
LWPOLYLINE
  5
405
100
AcDbEntity
  8
Acrylic_1_Middle
  6
ByLayer
 62
  256
370
   -1
100
AcDbPolyline
 90
    4
 70
    1
 43
0
 10
68.919
 20
-47.00000000000002
 10
71.319
 20
-47.00000000000002
 10
71.319
 20
-52.80000000000002
 10
68.919
 20
-52.80000000000002
  0
LWPOLYLINE
  5
406
100
AcDbEntity
  8
Acrylic_1_Middle
  6
ByLayer
 62
  256
370
   -1
100
AcDbPolyline
 90
    4
 70
    1
 43
0
 10
79.07900000000002
 20
-47.00000000000002
 10
81.47900000000003
 20
-47.00000000000002
 10
81.47900000000003
 20
-52.80000000000002
 10
79.07900000000002
 20
-52.80000000000002
  0
LWPOLYLINE
  5
407
100
AcDbEntity
  8
Acrylic_1_Middle
  6
ByLayer
 62
  256
370
   -1
100
AcDbPolyline
 90
    4
 70
    1
 43
0
 10
97.60000000000002
 20
-35.90000000000001
 10
103.4
 20
-35.90000000000001
 10
103.4
 20
-38.30000000000002
 10
97.60000000000002
 20
-38.30000000000002
  0
LWPOLYLINE
  5
408
100
AcDbEntity
  8
Acrylic_1_Middle
  6
ByLayer
 62
  256
370
   -1
100
AcDbPolyline
 90
    4
 70
    1
 43
0
 10
98.3358712207347
 20
-41.99947444911837
 10
103.6943725093002
 20
-39.77991054140086
 10
104.6128127469764
 20
-41.99722141942795
 10
99.25431145841094
 20
-44.21678532714547
  0
LWPOLYLINE
  5
409
100
AcDbEntity
  8
Acrylic_1_Middle
  6
ByLayer
 62
  256
370
   -1
100
AcDbPolyline
 90
    4
 70
    1
 43
0
 10
101.3498953979474
 20
-47.35304832720494
 10
105.4511147288293
 20
-43.25182899632298
 10
107.148171003677
 20
-44.9488852711707
 10
103.0469516727951
 20
-49.05010460205266
  0
LWPOLYLINE
  5
40A
100
AcDbEntity
  8
Acrylic_1_Middle
  6
ByLayer
 62
  256
370
   -1
100
AcDbPolyline
 90
    4
 70
    1
 43
0
 10
112.1
 20
-52.79999999999999
 10
112.1
 20
-47.00000000000001
 10
114.5
 20
-47.00000000000001
 10
114.5
 20
-52.79999999999999
  0
LWPOLYLINE
  5
40B
100
AcDbEntity
  8
Acrylic_1_Middle
  6
ByLayer
 62
  256
370
   -1
100
AcDbPolyline
 90
    4
 70
    1
 43
0
 10
123.5530483272049
 20
-49.05010460205264
 10
119.451828996323
 20
-44.94888527117067
 10
121.1488852711707
 20
-43.25182899632296
 10
125.2501046020527
 20
-47.35304832720492
  0
LWPOLYLINE
  5
40C
100
AcDbEntity
  8
Acrylic_1_Middle
  6
ByLayer
 62
  256
370
   -1
100
AcDbPolyline
 90
    4
 70
    1
 43
0
 10
127.3456885415891
 20
-44.21678532714544
 10
121.9871872530236
 20
-41.99722141942793
 10
122.9056274906999
 20
-39.77991054140083
 10
128.2641287792653
 20
-41.99947444911835
  0
LWPOLYLINE
  5
40D
100
AcDbEntity
  8
Acrylic_1_Middle
  6
ByLayer
 62
  256
370
   -1
100
AcDbPolyline
 90
    4
 70
    1
 43
0
 10
129
 20
-38.29999999999999
 10
123.2
 20
-38.29999999999999
 10
123.2
 20
-35.89999999999998
 10
129
 20
-35.89999999999998
  0
LWPOLYLINE
  5
40E
100
AcDbEntity
  8
Acrylic_1_Middle
  6
ByLayer
 62
  256
370
   -1
100
AcDbPolyline
 90
    4
 70
    1
 43
0
 10
128.2641287792653
 20
-32.20052555088163
 10
122.9056274906999
 20
-34.42008945859914
 10
121.9871872530236
 20
-32.20277858057205
 10
127.3456885415891
 20
-29.98321467285454
  0
LWPOLYLINE
  5
40F
100
AcDbEntity
  8
Acrylic_1_Middle
  6
ByLayer
 62
  256
370
   -1
100
AcDbPolyline
 90
    4
 70
    1
 43
0
 10
125.2501046020526
 20
-26.84695167279506
 10
121.1488852711707
 20
-30.94817100367703
 10
119.4518289963229
 20
-29.25111472882931
 10
123.5530483272049
 20
-25.14989539794735
  0
LWPOLYLINE
  5
410
100
AcDbEntity
  8
Acrylic_1_Middle
  6
ByLayer
 62
  256
370
   -1
100
AcDbPolyline
 90
    4
 70
    1
 43
0
 10
120.4167853271454
 20
-23.05431145841092
 10
118.1972214194279
 20
-28.41281274697636
 10
115.9799105414008
 20
-27.49437250930015
 10
118.1994744491184
 20
-22.1358712207347
  0
LWPOLYLINE
  5
411
100
AcDbEntity
  8
Acrylic_1_Middle
  6
ByLayer
 62
  256
370
   -1
100
AcDbPolyline
 90
    4
 70
    1
 43
0
 10
114.5
 20
-21.40000000000001
 10
114.5
 20
-27.2
 10
112.1
 20
-27.2
 10
112.1
 20
-21.40000000000001
  0
LWPOLYLINE
  5
412
100
AcDbEntity
  8
Acrylic_1_Middle
  6
ByLayer
 62
  256
370
   -1
100
AcDbPolyline
 90
    4
 70
    1
 43
0
 10
108.4005255508816
 20
-22.13587122073471
 10
110.6200894585992
 20
-27.49437250930016
 10
108.4027785805721
 20
-28.41281274697637
 10
106.1832146728545
 20
-23.05431145841093
  0
LWPOLYLINE
  5
413
100
AcDbEntity
  8
Acrylic_1_Middle
  6
ByLayer
 62
  256
370
   -1
100
AcDbPolyline
 90
    4
 70
    1
 43
0
 10
103.0469516727951
 20
-25.14989539794736
 10
107.148171003677
 20
-29.25111472882933
 10
105.4511147288293
 20
-30.94817100367704
 10
101.3498953979473
 20
-26.84695167279508
  0
LWPOLYLINE
  5
414
100
AcDbEntity
  8
Acrylic_1_Middle
  6
ByLayer
 62
  256
370
   -1
100
AcDbPolyline
 90
    4
 70
    1
 43
0
 10
99.25431145841091
 20
-29.98321467285455
 10
104.6128127469764
 20
-32.20277858057207
 10
103.6943725093001
 20
-34.42008945859916
 10
98.3358712207347
 20
-32.20052555088164
  0
LWPOLYLINE
  5
415
100
AcDbEntity
  8
Acrylic_1_Middle
  6
ByLayer
 62
  256
370
   -1
100
AcDbPolyline
 90
    4
 70
    1
 43
0
 10
97.60000000000002
 20
-35.90000000000001
 10
103.4
 20
-35.90000000000001
 10
103.4
 20
-38.30000000000002
 10
97.60000000000002
 20
-38.30000000000001
  0
LWPOLYLINE
  5
416
100
AcDbEntity
  8
Acrylic_1_Middle
  6
ByLayer
 62
  256
370
   -1
100
AcDbPolyline
 90
    4
 70
    1
 43
0
 10
107.019
 20
-47.00000000000002
 10
109.419
 20
-47.00000000000002
 10
109.419
 20
-52.80000000000002
 10
107.019
 20
-52.80000000000002
  0
LWPOLYLINE
  5
417
100
AcDbEntity
  8
Acrylic_1_Middle
  6
ByLayer
 62
  256
370
   -1
100
AcDbPolyline
 90
    4
 70
    1
 43
0
 10
117.179
 20
-47.00000000000002
 10
119.579
 20
-47.00000000000002
 10
119.579
 20
-52.80000000000002
 10
117.179
 20
-52.80000000000002
  0
LWPOLYLINE
  5
418
100
AcDbEntity
  8
Acrylic_1_Middle
  6
ByLayer
 62
  256
370
   -1
100
AcDbPolyline
 90
    4
 70
    1
 43
0
 10
-16.69999999999999
 20
-77.70000000000002
 10
-10.90000000000001
 20
-77.70000000000002
 10
-10.90000000000001
 20
-80.10000000000002
 10
-16.69999999999999
 20
-80.10000000000002
  0
LWPOLYLINE
  5
419
100
AcDbEntity
  8
Acrylic_1_Middle
  6
ByLayer
 62
  256
370
   -1
100
AcDbPolyline
 90
    4
 70
    1
 43
0
 10
-15.96412877926529
 20
-83.79947444911838
 10
-10.60562749069985
 20
-81.57991054140086
 10
-9.687187253023628
 20
-83.79722141942796
 10
-15.04568854158908
 20
-86.01678532714547
  0
LWPOLYLINE
  5
41A
100
AcDbEntity
  8
Acrylic_1_Middle
  6
ByLayer
 62
  256
370
   -1
100
AcDbPolyline
 90
    4
 70
    1
 43
0
 10
-12.95010460205264
 20
-89.15304832720494
 10
-8.848885271170674
 20
-85.05182899632298
 10
-7.151828996322957
 20
-86.74888527117069
 10
-11.25304832720492
 20
-90.85010460205267
  0
LWPOLYLINE
  5
41B
100
AcDbEntity
  8
Acrylic_1_Middle
  6
ByLayer
 62
  256
370
   -1
100
AcDbPolyline
 90
    4
 70
    1
 43
0
 10
-2.19999999999999
 20
-94.59999999999999
 10
-2.199999999999989
 20
-88.80000000000001
 10
0.2000000000000165
 20
-88.80000000000001
 10
0.2000000000000163
 20
-94.59999999999999
  0
LWPOLYLINE
  5
41C
100
AcDbEntity
  8
Acrylic_1_Middle
  6
ByLayer
 62
  256
370
   -1
100
AcDbPolyline
 90
    4
 70
    1
 43
0
 10
9.253048327204938
 20
-90.85010460205264
 10
5.151828996322974
 20
-86.74888527117068
 10
6.848885271170692
 20
-85.05182899632297
 10
10.95010460205266
 20
-89.15304832720493
  0
LWPOLYLINE
  5
41D
100
AcDbEntity
  8
Acrylic_1_Middle
  6
ByLayer
 62
  256
370
   -1
100
AcDbPolyline
 90
    4
 70
    1
 43
0
 10
13.04568854158909
 20
-86.01678532714544
 10
7.687187253023639
 20
-83.79722141942793
 10
8.605627490699858
 20
-81.57991054140084
 10
13.96412877926531
 20
-83.79947444911835
  0
LWPOLYLINE
  5
41E
100
AcDbEntity
  8
Acrylic_1_Middle
  6
ByLayer
 62
  256
370
   -1
100
AcDbPolyline
 90
    4
 70
    1
 43
0
 10
14.69999999999999
 20
-80.09999999999999
 10
8.900000000000006
 20
-80.09999999999999
 10
8.900000000000006
 20
-77.69999999999999
 10
14.69999999999999
 20
-77.69999999999999
  0
LWPOLYLINE
  5
41F
100
AcDbEntity
  8
Acrylic_1_Middle
  6
ByLayer
 62
  256
370
   -1
100
AcDbPolyline
 90
    4
 70
    1
 43
0
 10
13.9641287792653
 20
-74.00052555088163
 10
8.605627490699849
 20
-76.22008945859915
 10
7.68718725302363
 20
-74.00277858057206
 10
13.04568854158908
 20
-71.78321467285454
  0
LWPOLYLINE
  5
420
100
AcDbEntity
  8
Acrylic_1_Middle
  6
ByLayer
 62
  256
370
   -1
100
AcDbPolyline
 90
    4
 70
    1
 43
0
 10
10.95010460205264
 20
-68.64695167279507
 10
6.848885271170675
 20
-72.74817100367703
 10
5.151828996322958
 20
-71.0511147288293
 10
9.253048327204921
 20
-66.94989539794734
  0
LWPOLYLINE
  5
421
100
AcDbEntity
  8
Acrylic_1_Middle
  6
ByLayer
 62
  256
370
   -1
100
AcDbPolyline
 90
    4
 70
    1
 43
0
 10
6.116785327145447
 20
-64.85431145841092
 10
3.89722141942793
 20
-70.21281274697637
 10
1.679910541400837
 20
-69.29437250930015
 10
3.899474449118355
 20
-63.9358712207347
  0
LWPOLYLINE
  5
422
100
AcDbEntity
  8
Acrylic_1_Middle
  6
ByLayer
 62
  256
370
   -1
100
AcDbPolyline
 90
    4
 70
    1
 43
0
 10
0.1999999999999916
 20
-63.20000000000002
 10
0.1999999999999905
 20
-69
 10
-2.200000000000015
 20
-69
 10
-2.200000000000014
 20
-63.20000000000002
  0
LWPOLYLINE
  5
423
100
AcDbEntity
  8
Acrylic_1_Middle
  6
ByLayer
 62
  256
370
   -1
100
AcDbPolyline
 90
    4
 70
    1
 43
0
 10
-5.899474449118375
 20
-63.93587122073471
 10
-3.67991054140086
 20
-69.29437250930016
 10
-5.897221419427953
 20
-70.21281274697638
 10
-8.116785327145468
 20
-64.85431145841093
  0
LWPOLYLINE
  5
424
100
AcDbEntity
  8
Acrylic_1_Middle
  6
ByLayer
 62
  256
370
   -1
100
AcDbPolyline
 90
    4
 70
    1
 43
0
 10
-11.25304832720494
 20
-66.94989539794737
 10
-7.151828996322974
 20
-71.05111472882933
 10
-8.848885271170692
 20
-72.74817100367704
 10
-12.95010460205265
 20
-68.64695167279508
  0
LWPOLYLINE
  5
425
100
AcDbEntity
  8
Acrylic_1_Middle
  6
ByLayer
 62
  256
370
   -1
100
AcDbPolyline
 90
    4
 70
    1
 43
0
 10
-15.04568854158908
 20
-71.78321467285456
 10
-9.687187253023637
 20
-74.00277858057207
 10
-10.60562749069986
 20
-76.22008945859916
 10
-15.9641287792653
 20
-74.00052555088165
  0
LWPOLYLINE
  5
426
100
AcDbEntity
  8
Acrylic_1_Middle
  6
ByLayer
 62
  256
370
   -1
100
AcDbPolyline
 90
    4
 70
    1
 43
0
 10
-16.69999999999999
 20
-77.70000000000002
 10
-10.90000000000001
 20
-77.70000000000002
 10
-10.90000000000001
 20
-80.10000000000002
 10
-16.69999999999999
 20
-80.10000000000002
  0
LWPOLYLINE
  5
427
100
AcDbEntity
  8
Acrylic_1_Middle
  6
ByLayer
 62
  256
370
   -1
100
AcDbPolyline
 90
    4
 70
    1
 43
0
 10
-7.281000000000006
 20
-88.80000000000003
 10
-4.880999999999999
 20
-88.80000000000003
 10
-4.880999999999999
 20
-94.60000000000002
 10
-7.281000000000006
 20
-94.60000000000002
  0
LWPOLYLINE
  5
428
100
AcDbEntity
  8
Acrylic_1_Middle
  6
ByLayer
 62
  256
370
   -1
100
AcDbPolyline
 90
    4
 70
    1
 43
0
 10
2.87900000000002
 20
-88.80000000000003
 10
5.279000000000026
 20
-88.80000000000003
 10
5.279000000000026
 20
-94.60000000000002
 10
2.87900000000002
 20
-94.60000000000002
  0
CIRCLE
  5
429
100
AcDbEntity
  8
Acrylic_1_Middle
  6
ByLayer
 62
  256
370
   -1
100
AcDbCircle
 10
-16.30000000000001
 20
-63.60000000000004
 40
1.6
  0
CIRCLE
  5
42A
100
AcDbEntity
  8
Acrylic_1_Middle
  6
ByLayer
 62
  256
370
   -1
100
AcDbCircle
 10
52.27999999999997
 20
-63.60000000000004
 40
1.6
  0
CIRCLE
  5
42B
100
AcDbEntity
  8
Acrylic_1_Middle
  6
ByLayer
 62
  256
370
   -1
100
AcDbCircle
 10
59.95999999999998
 20
-63.59900000000006
 40
1.6
  0
CIRCLE
  5
42C
100
AcDbEntity
  8
Acrylic_1_Middle
  6
ByLayer
 62
  256
370
   -1
100
AcDbCircle
 10
128.48
 20
-63.60000000000004
 40
1.6
  0
CIRCLE
  5
42D
100
AcDbEntity
  8
Acrylic_1_Middle
  6
ByLayer
 62
  256
370
   -1
100
AcDbCircle
 10
-16.30000000000001
 20
-132.18
 40
1.6
  0
CIRCLE
  5
42E
100
AcDbEntity
  8
Acrylic_1_Middle
  6
ByLayer
 62
  256
370
   -1
100
AcDbCircle
 10
52.27999999999997
 20
-132.18
 40
1.6
  0
CIRCLE
  5
42F
100
AcDbEntity
  8
Acrylic_1_Middle
  6
ByLayer
 62
  256
370
   -1
100
AcDbCircle
 10
59.95999999999998
 20
-132.18
 40
1.6
  0
CIRCLE
  5
430
100
AcDbEntity
  8
Acrylic_1_Middle
  6
ByLayer
 62
  256
370
   -1
100
AcDbCircle
 10
128.48
 20
-132.18
 40
1.6
  0
LWPOLYLINE
  5
431
100
AcDbEntity
  8
Acrylic_1_Middle
  6
ByLayer
 62
  256
370
   -1
100
AcDbPolyline
 90
    4
 70
    1
 43
0
 10
21.40000000000001
 20
-77.70000000000002
 10
27.2
 20
-77.70000000000002
 10
27.2
 20
-80.10000000000002
 10
21.40000000000001
 20
-80.10000000000002
  0
LWPOLYLINE
  5
432
100
AcDbEntity
  8
Acrylic_1_Middle
  6
ByLayer
 62
  256
370
   -1
100
AcDbPolyline
 90
    4
 70
    1
 43
0
 10
22.13587122073471
 20
-83.79947444911838
 10
27.49437250930016
 20
-81.57991054140086
 10
28.41281274697637
 20
-83.79722141942796
 10
23.05431145841093
 20
-86.01678532714547
  0
LWPOLYLINE
  5
433
100
AcDbEntity
  8
Acrylic_1_Middle
  6
ByLayer
 62
  256
370
   -1
100
AcDbPolyline
 90
    4
 70
    1
 43
0
 10
25.14989539794736
 20
-89.15304832720494
 10
29.25111472882933
 20
-85.05182899632298
 10
30.94817100367705
 20
-86.74888527117069
 10
26.84695167279508
 20
-90.85010460205267
  0
LWPOLYLINE
  5
434
100
AcDbEntity
  8
Acrylic_1_Middle
  6
ByLayer
 62
  256
370
   -1
100
AcDbPolyline
 90
    4
 70
    1
 43
0
 10
35.90000000000001
 20
-94.59999999999999
 10
35.90000000000001
 20
-88.80000000000001
 10
38.30000000000002
 20
-88.80000000000001
 10
38.30000000000002
 20
-94.59999999999999
  0
LWPOLYLINE
  5
435
100
AcDbEntity
  8
Acrylic_1_Middle
  6
ByLayer
 62
  256
370
   -1
100
AcDbPolyline
 90
    4
 70
    1
 43
0
 10
47.35304832720494
 20
-90.85010460205264
 10
43.25182899632298
 20
-86.74888527117068
 10
44.9488852711707
 20
-85.05182899632297
 10
49.05010460205266
 20
-89.15304832720493
  0
LWPOLYLINE
  5
436
100
AcDbEntity
  8
Acrylic_1_Middle
  6
ByLayer
 62
  256
370
   -1
100
AcDbPolyline
 90
    4
 70
    1
 43
0
 10
51.14568854158909
 20
-86.01678532714544
 10
45.78718725302364
 20
-83.79722141942793
 10
46.70562749069986
 20
-81.57991054140084
 10
52.0641287792653
 20
-83.79947444911835
  0
LWPOLYLINE
  5
437
100
AcDbEntity
  8
Acrylic_1_Middle
  6
ByLayer
 62
  256
370
   -1
100
AcDbPolyline
 90
    4
 70
    1
 43
0
 10
52.79999999999999
 20
-80.09999999999999
 10
47.00000000000001
 20
-80.09999999999999
 10
47.00000000000001
 20
-77.69999999999999
 10
52.79999999999999
 20
-77.69999999999999
  0
LWPOLYLINE
  5
438
100
AcDbEntity
  8
Acrylic_1_Middle
  6
ByLayer
 62
  256
370
   -1
100
AcDbPolyline
 90
    4
 70
    1
 43
0
 10
52.0641287792653
 20
-74.00052555088163
 10
46.70562749069985
 20
-76.22008945859915
 10
45.78718725302363
 20
-74.00277858057206
 10
51.14568854158908
 20
-71.78321467285454
  0
LWPOLYLINE
  5
439
100
AcDbEntity
  8
Acrylic_1_Middle
  6
ByLayer
 62
  256
370
   -1
100
AcDbPolyline
 90
    4
 70
    1
 43
0
 10
49.05010460205264
 20
-68.64695167279507
 10
44.94888527117067
 20
-72.74817100367703
 10
43.25182899632296
 20
-71.0511147288293
 10
47.35304832720492
 20
-66.94989539794734
  0
LWPOLYLINE
  5
43A
100
AcDbEntity
  8
Acrylic_1_Middle
  6
ByLayer
 62
  256
370
   -1
100
AcDbPolyline
 90
    4
 70
    1
 43
0
 10
44.21678532714544
 20
-64.85431145841092
 10
41.99722141942793
 20
-70.21281274697637
 10
39.77991054140084
 20
-69.29437250930015
 10
41.99947444911835
 20
-63.9358712207347
  0
LWPOLYLINE
  5
43B
100
AcDbEntity
  8
Acrylic_1_Middle
  6
ByLayer
 62
  256
370
   -1
100
AcDbPolyline
 90
    4
 70
    1
 43
0
 10
38.29999999999999
 20
-63.20000000000002
 10
38.29999999999999
 20
-69
 10
35.89999999999998
 20
-69
 10
35.89999999999998
 20
-63.20000000000002
  0
LWPOLYLINE
  5
43C
100
AcDbEntity
  8
Acrylic_1_Middle
  6
ByLayer
 62
  256
370
   -1
100
AcDbPolyline
 90
    4
 70
    1
 43
0
 10
32.20052555088163
 20
-63.93587122073471
 10
34.42008945859914
 20
-69.29437250930016
 10
32.20277858057205
 20
-70.21281274697638
 10
29.98321467285453
 20
-64.85431145841093
  0
LWPOLYLINE
  5
43D
100
AcDbEntity
  8
Acrylic_1_Middle
  6
ByLayer
 62
  256
370
   -1
100
AcDbPolyline
 90
    4
 70
    1
 43
0
 10
26.84695167279506
 20
-66.94989539794737
 10
30.94817100367703
 20
-71.05111472882933
 10
29.25111472882931
 20
-72.74817100367704
 10
25.14989539794735
 20
-68.64695167279508
  0
LWPOLYLINE
  5
43E
100
AcDbEntity
  8
Acrylic_1_Middle
  6
ByLayer
 62
  256
370
   -1
100
AcDbPolyline
 90
    4
 70
    1
 43
0
 10
23.05431145841092
 20
-71.78321467285456
 10
28.41281274697636
 20
-74.00277858057207
 10
27.49437250930015
 20
-76.22008945859916
 10
22.1358712207347
 20
-74.00052555088165
  0
LWPOLYLINE
  5
43F
100
AcDbEntity
  8
Acrylic_1_Middle
  6
ByLayer
 62
  256
370
   -1
100
AcDbPolyline
 90
    4
 70
    1
 43
0
 10
21.40000000000001
 20
-77.70000000000002
 10
27.2
 20
-77.70000000000002
 10
27.2
 20
-80.10000000000002
 10
21.40000000000001
 20
-80.10000000000002
  0
LWPOLYLINE
  5
440
100
AcDbEntity
  8
Acrylic_1_Middle
  6
ByLayer
 62
  256
370
   -1
100
AcDbPolyline
 90
    4
 70
    1
 43
0
 10
30.819
 20
-88.80000000000003
 10
33.219
 20
-88.80000000000003
 10
33.219
 20
-94.60000000000002
 10
30.819
 20
-94.60000000000002
  0
LWPOLYLINE
  5
441
100
AcDbEntity
  8
Acrylic_1_Middle
  6
ByLayer
 62
  256
370
   -1
100
AcDbPolyline
 90
    4
 70
    1
 43
0
 10
40.97900000000002
 20
-88.80000000000003
 10
43.37900000000003
 20
-88.80000000000003
 10
43.37900000000003
 20
-94.60000000000002
 10
40.97900000000002
 20
-94.60000000000002
  0
LWPOLYLINE
  5
442
100
AcDbEntity
  8
Acrylic_1_Middle
  6
ByLayer
 62
  256
370
   -1
100
AcDbPolyline
 90
    4
 70
    1
 43
0
 10
59.50000000000001
 20
-77.70000000000002
 10
65.3
 20
-77.70000000000002
 10
65.3
 20
-80.10000000000002
 10
59.50000000000001
 20
-80.10000000000002
  0
LWPOLYLINE
  5
443
100
AcDbEntity
  8
Acrylic_1_Middle
  6
ByLayer
 62
  256
370
   -1
100
AcDbPolyline
 90
    4
 70
    1
 43
0
 10
60.23587122073471
 20
-83.79947444911838
 10
65.59437250930016
 20
-81.57991054140086
 10
66.51281274697638
 20
-83.79722141942796
 10
61.15431145841093
 20
-86.01678532714547
  0
LWPOLYLINE
  5
444
100
AcDbEntity
  8
Acrylic_1_Middle
  6
ByLayer
 62
  256
370
   -1
100
AcDbPolyline
 90
    4
 70
    1
 43
0
 10
63.24989539794737
 20
-89.15304832720494
 10
67.35111472882933
 20
-85.05182899632298
 10
69.04817100367706
 20
-86.74888527117069
 10
64.94695167279508
 20
-90.85010460205267
  0
LWPOLYLINE
  5
445
100
AcDbEntity
  8
Acrylic_1_Middle
  6
ByLayer
 62
  256
370
   -1
100
AcDbPolyline
 90
    4
 70
    1
 43
0
 10
74.00000000000001
 20
-94.59999999999999
 10
74.00000000000001
 20
-88.80000000000001
 10
76.40000000000002
 20
-88.80000000000001
 10
76.40000000000002
 20
-94.59999999999999
  0
LWPOLYLINE
  5
446
100
AcDbEntity
  8
Acrylic_1_Middle
  6
ByLayer
 62
  256
370
   -1
100
AcDbPolyline
 90
    4
 70
    1
 43
0
 10
85.45304832720494
 20
-90.85010460205264
 10
81.35182899632298
 20
-86.74888527117068
 10
83.04888527117069
 20
-85.05182899632297
 10
87.15010460205266
 20
-89.15304832720493
  0
LWPOLYLINE
  5
447
100
AcDbEntity
  8
Acrylic_1_Middle
  6
ByLayer
 62
  256
370
   -1
100
AcDbPolyline
 90
    4
 70
    1
 43
0
 10
89.24568854158909
 20
-86.01678532714544
 10
83.88718725302364
 20
-83.79722141942793
 10
84.80562749069986
 20
-81.57991054140084
 10
90.1641287792653
 20
-83.79947444911835
  0
LWPOLYLINE
  5
448
100
AcDbEntity
  8
Acrylic_1_Middle
  6
ByLayer
 62
  256
370
   -1
100
AcDbPolyline
 90
    4
 70
    1
 43
0
 10
90.89999999999999
 20
-80.09999999999999
 10
85.10000000000001
 20
-80.09999999999999
 10
85.10000000000001
 20
-77.69999999999999
 10
90.89999999999999
 20
-77.69999999999999
  0
LWPOLYLINE
  5
449
100
AcDbEntity
  8
Acrylic_1_Middle
  6
ByLayer
 62
  256
370
   -1
100
AcDbPolyline
 90
    4
 70
    1
 43
0
 10
90.1641287792653
 20
-74.00052555088163
 10
84.80562749069986
 20
-76.22008945859915
 10
83.88718725302363
 20
-74.00277858057206
 10
89.24568854158909
 20
-71.78321467285454
  0
LWPOLYLINE
  5
44A
100
AcDbEntity
  8
Acrylic_1_Middle
  6
ByLayer
 62
  256
370
   -1
100
AcDbPolyline
 90
    4
 70
    1
 43
0
 10
87.15010460205264
 20
-68.64695167279507
 10
83.04888527117068
 20
-72.74817100367703
 10
81.35182899632295
 20
-71.0511147288293
 10
85.45304832720493
 20
-66.94989539794734
  0
LWPOLYLINE
  5
44B
100
AcDbEntity
  8
Acrylic_1_Middle
  6
ByLayer
 62
  256
370
   -1
100
AcDbPolyline
 90
    4
 70
    1
 43
0
 10
82.31678532714545
 20
-64.85431145841092
 10
80.09722141942794
 20
-70.21281274697637
 10
77.87991054140085
 20
-69.29437250930015
 10
80.09947444911836
 20
-63.9358712207347
  0
LWPOLYLINE
  5
44C
100
AcDbEntity
  8
Acrylic_1_Middle
  6
ByLayer
 62
  256
370
   -1
100
AcDbPolyline
 90
    4
 70
    1
 43
0
 10
76.39999999999999
 20
-63.20000000000002
 10
76.39999999999999
 20
-69
 10
73.99999999999999
 20
-69
 10
73.99999999999999
 20
-63.20000000000002
  0
LWPOLYLINE
  5
44D
100
AcDbEntity
  8
Acrylic_1_Middle
  6
ByLayer
 62
  256
370
   -1
100
AcDbPolyline
 90
    4
 70
    1
 43
0
 10
70.30052555088163
 20
-63.93587122073471
 10
72.52008945859914
 20
-69.29437250930016
 10
70.30277858057205
 20
-70.21281274697638
 10
68.08321467285454
 20
-64.85431145841093
  0
LWPOLYLINE
  5
44E
100
AcDbEntity
  8
Acrylic_1_Middle
  6
ByLayer
 62
  256
370
   -1
100
AcDbPolyline
 90
    4
 70
    1
 43
0
 10
64.94695167279507
 20
-66.94989539794737
 10
69.04817100367703
 20
-71.05111472882933
 10
67.35111472882932
 20
-72.74817100367704
 10
63.24989539794735
 20
-68.64695167279508
  0
LWPOLYLINE
  5
44F
100
AcDbEntity
  8
Acrylic_1_Middle
  6
ByLayer
 62
  256
370
   -1
100
AcDbPolyline
 90
    4
 70
    1
 43
0
 10
61.15431145841092
 20
-71.78321467285456
 10
66.51281274697637
 20
-74.00277858057207
 10
65.59437250930014
 20
-76.22008945859916
 10
60.2358712207347
 20
-74.00052555088165
  0
LWPOLYLINE
  5
450
100
AcDbEntity
  8
Acrylic_1_Middle
  6
ByLayer
 62
  256
370
   -1
100
AcDbPolyline
 90
    4
 70
    1
 43
0
 10
59.50000000000001
 20
-77.70000000000002
 10
65.3
 20
-77.70000000000002
 10
65.3
 20
-80.10000000000002
 10
59.50000000000001
 20
-80.10000000000002
  0
LWPOLYLINE
  5
451
100
AcDbEntity
  8
Acrylic_1_Middle
  6
ByLayer
 62
  256
370
   -1
100
AcDbPolyline
 90
    4
 70
    1
 43
0
 10
68.919
 20
-88.80000000000003
 10
71.319
 20
-88.80000000000003
 10
71.319
 20
-94.60000000000002
 10
68.919
 20
-94.60000000000002
  0
LWPOLYLINE
  5
452
100
AcDbEntity
  8
Acrylic_1_Middle
  6
ByLayer
 62
  256
370
   -1
100
AcDbPolyline
 90
    4
 70
    1
 43
0
 10
79.07900000000002
 20
-88.80000000000003
 10
81.47900000000003
 20
-88.80000000000003
 10
81.47900000000003
 20
-94.60000000000002
 10
79.07900000000002
 20
-94.60000000000002
  0
LWPOLYLINE
  5
453
100
AcDbEntity
  8
Acrylic_1_Middle
  6
ByLayer
 62
  256
370
   -1
100
AcDbPolyline
 90
    4
 70
    1
 43
0
 10
97.60000000000002
 20
-77.70000000000002
 10
103.4
 20
-77.70000000000002
 10
103.4
 20
-80.10000000000002
 10
97.60000000000002
 20
-80.10000000000002
  0
LWPOLYLINE
  5
454
100
AcDbEntity
  8
Acrylic_1_Middle
  6
ByLayer
 62
  256
370
   -1
100
AcDbPolyline
 90
    4
 70
    1
 43
0
 10
98.3358712207347
 20
-83.79947444911838
 10
103.6943725093002
 20
-81.57991054140086
 10
104.6128127469764
 20
-83.79722141942796
 10
99.25431145841094
 20
-86.01678532714547
  0
LWPOLYLINE
  5
455
100
AcDbEntity
  8
Acrylic_1_Middle
  6
ByLayer
 62
  256
370
   -1
100
AcDbPolyline
 90
    4
 70
    1
 43
0
 10
101.3498953979474
 20
-89.15304832720494
 10
105.4511147288293
 20
-85.05182899632298
 10
107.148171003677
 20
-86.74888527117069
 10
103.0469516727951
 20
-90.85010460205267
  0
LWPOLYLINE
  5
456
100
AcDbEntity
  8
Acrylic_1_Middle
  6
ByLayer
 62
  256
370
   -1
100
AcDbPolyline
 90
    4
 70
    1
 43
0
 10
112.1
 20
-94.59999999999999
 10
112.1
 20
-88.80000000000001
 10
114.5
 20
-88.80000000000001
 10
114.5
 20
-94.59999999999999
  0
LWPOLYLINE
  5
457
100
AcDbEntity
  8
Acrylic_1_Middle
  6
ByLayer
 62
  256
370
   -1
100
AcDbPolyline
 90
    4
 70
    1
 43
0
 10
123.5530483272049
 20
-90.85010460205264
 10
119.451828996323
 20
-86.74888527117068
 10
121.1488852711707
 20
-85.05182899632297
 10
125.2501046020527
 20
-89.15304832720493
  0
LWPOLYLINE
  5
458
100
AcDbEntity
  8
Acrylic_1_Middle
  6
ByLayer
 62
  256
370
   -1
100
AcDbPolyline
 90
    4
 70
    1
 43
0
 10
127.3456885415891
 20
-86.01678532714544
 10
121.9871872530236
 20
-83.79722141942793
 10
122.9056274906999
 20
-81.57991054140084
 10
128.2641287792653
 20
-83.79947444911835
  0
LWPOLYLINE
  5
459
100
AcDbEntity
  8
Acrylic_1_Middle
  6
ByLayer
 62
  256
370
   -1
100
AcDbPolyline
 90
    4
 70
    1
 43
0
 10
129
 20
-80.09999999999999
 10
123.2
 20
-80.09999999999999
 10
123.2
 20
-77.69999999999999
 10
129
 20
-77.69999999999999
  0
LWPOLYLINE
  5
45A
100
AcDbEntity
  8
Acrylic_1_Middle
  6
ByLayer
 62
  256
370
   -1
100
AcDbPolyline
 90
    4
 70
    1
 43
0
 10
128.2641287792653
 20
-74.00052555088163
 10
122.9056274906999
 20
-76.22008945859915
 10
121.9871872530236
 20
-74.00277858057206
 10
127.3456885415891
 20
-71.78321467285454
  0
LWPOLYLINE
  5
45B
100
AcDbEntity
  8
Acrylic_1_Middle
  6
ByLayer
 62
  256
370
   -1
100
AcDbPolyline
 90
    4
 70
    1
 43
0
 10
125.2501046020526
 20
-68.64695167279507
 10
121.1488852711707
 20
-72.74817100367703
 10
119.4518289963229
 20
-71.0511147288293
 10
123.5530483272049
 20
-66.94989539794734
  0
LWPOLYLINE
  5
45C
100
AcDbEntity
  8
Acrylic_1_Middle
  6
ByLayer
 62
  256
370
   -1
100
AcDbPolyline
 90
    4
 70
    1
 43
0
 10
120.4167853271454
 20
-64.85431145841092
 10
118.1972214194279
 20
-70.21281274697637
 10
115.9799105414008
 20
-69.29437250930015
 10
118.1994744491184
 20
-63.9358712207347
  0
LWPOLYLINE
  5
45D
100
AcDbEntity
  8
Acrylic_1_Middle
  6
ByLayer
 62
  256
370
   -1
100
AcDbPolyline
 90
    4
 70
    1
 43
0
 10
114.5
 20
-63.20000000000002
 10
114.5
 20
-69
 10
112.1
 20
-69
 10
112.1
 20
-63.20000000000002
  0
LWPOLYLINE
  5
45E
100
AcDbEntity
  8
Acrylic_1_Middle
  6
ByLayer
 62
  256
370
   -1
100
AcDbPolyline
 90
    4
 70
    1
 43
0
 10
108.4005255508816
 20
-63.93587122073471
 10
110.6200894585992
 20
-69.29437250930016
 10
108.4027785805721
 20
-70.21281274697638
 10
106.1832146728545
 20
-64.85431145841093
  0
LWPOLYLINE
  5
45F
100
AcDbEntity
  8
Acrylic_1_Middle
  6
ByLayer
 62
  256
370
   -1
100
AcDbPolyline
 90
    4
 70
    1
 43
0
 10
103.0469516727951
 20
-66.94989539794737
 10
107.148171003677
 20
-71.05111472882933
 10
105.4511147288293
 20
-72.74817100367704
 10
101.3498953979473
 20
-68.64695167279508
  0
LWPOLYLINE
  5
460
100
AcDbEntity
  8
Acrylic_1_Middle
  6
ByLayer
 62
  256
370
   -1
100
AcDbPolyline
 90
    4
 70
    1
 43
0
 10
99.25431145841091
 20
-71.78321467285456
 10
104.6128127469764
 20
-74.00277858057207
 10
103.6943725093001
 20
-76.22008945859916
 10
98.3358712207347
 20
-74.00052555088165
  0
LWPOLYLINE
  5
461
100
AcDbEntity
  8
Acrylic_1_Middle
  6
ByLayer
 62
  256
370
   -1
100
AcDbPolyline
 90
    4
 70
    1
 43
0
 10
97.60000000000002
 20
-77.70000000000002
 10
103.4
 20
-77.70000000000002
 10
103.4
 20
-80.10000000000002
 10
97.60000000000002
 20
-80.10000000000002
  0
LWPOLYLINE
  5
462
100
AcDbEntity
  8
Acrylic_1_Middle
  6
ByLayer
 62
  256
370
   -1
100
AcDbPolyline
 90
    4
 70
    1
 43
0
 10
107.019
 20
-88.80000000000003
 10
109.419
 20
-88.80000000000003
 10
109.419
 20
-94.60000000000002
 10
107.019
 20
-94.60000000000002
  0
LWPOLYLINE
  5
463
100
AcDbEntity
  8
Acrylic_1_Middle
  6
ByLayer
 62
  256
370
   -1
100
AcDbPolyline
 90
    4
 70
    1
 43
0
 10
117.179
 20
-88.80000000000003
 10
119.579
 20
-88.80000000000003
 10
119.579
 20
-94.60000000000002
 10
117.179
 20
-94.60000000000002
  0
LWPOLYLINE
  5
464
100
AcDbEntity
  8
Acrylic_1_Middle
  6
ByLayer
 62
  256
370
   -1
100
AcDbPolyline
 90
    4
 70
    1
 43
0
 10
-16.69999999999999
 20
-115.8
 10
-10.90000000000001
 20
-115.8
 10
-10.90000000000001
 20
-118.2
 10
-16.69999999999999
 20
-118.2
  0
LWPOLYLINE
  5
465
100
AcDbEntity
  8
Acrylic_1_Middle
  6
ByLayer
 62
  256
370
   -1
100
AcDbPolyline
 90
    4
 70
    1
 43
0
 10
-15.96412877926529
 20
-121.8994744491184
 10
-10.60562749069985
 20
-119.6799105414009
 10
-9.687187253023628
 20
-121.897221419428
 10
-15.04568854158908
 20
-124.1167853271455
  0
LWPOLYLINE
  5
466
100
AcDbEntity
  8
Acrylic_1_Middle
  6
ByLayer
 62
  256
370
   -1
100
AcDbPolyline
 90
    4
 70
    1
 43
0
 10
-12.95010460205264
 20
-127.2530483272049
 10
-8.848885271170674
 20
-123.151828996323
 10
-7.151828996322957
 20
-124.8488852711707
 10
-11.25304832720492
 20
-128.9501046020526
  0
LWPOLYLINE
  5
467
100
AcDbEntity
  8
Acrylic_1_Middle
  6
ByLayer
 62
  256
370
   -1
100
AcDbPolyline
 90
    4
 70
    1
 43
0
 10
-2.19999999999999
 20
-132.7
 10
-2.199999999999989
 20
-126.9
 10
0.2000000000000165
 20
-126.9
 10
0.2000000000000163
 20
-132.7
  0
LWPOLYLINE
  5
468
100
AcDbEntity
  8
Acrylic_1_Middle
  6
ByLayer
 62
  256
370
   -1
100
AcDbPolyline
 90
    4
 70
    1
 43
0
 10
9.253048327204938
 20
-128.9501046020526
 10
5.151828996322974
 20
-124.8488852711707
 10
6.848885271170692
 20
-123.151828996323
 10
10.95010460205266
 20
-127.2530483272049
  0
LWPOLYLINE
  5
469
100
AcDbEntity
  8
Acrylic_1_Middle
  6
ByLayer
 62
  256
370
   -1
100
AcDbPolyline
 90
    4
 70
    1
 43
0
 10
13.04568854158909
 20
-124.1167853271455
 10
7.687187253023639
 20
-121.8972214194279
 10
8.605627490699858
 20
-119.6799105414008
 10
13.96412877926531
 20
-121.8994744491184
  0
LWPOLYLINE
  5
46A
100
AcDbEntity
  8
Acrylic_1_Middle
  6
ByLayer
 62
  256
370
   -1
100
AcDbPolyline
 90
    4
 70
    1
 43
0
 10
14.69999999999999
 20
-118.2
 10
8.900000000000006
 20
-118.2
 10
8.900000000000006
 20
-115.8
 10
14.69999999999999
 20
-115.8
  0
LWPOLYLINE
  5
46B
100
AcDbEntity
  8
Acrylic_1_Middle
  6
ByLayer
 62
  256
370
   -1
100
AcDbPolyline
 90
    4
 70
    1
 43
0
 10
13.9641287792653
 20
-112.1005255508816
 10
8.605627490699849
 20
-114.3200894585991
 10
7.68718725302363
 20
-112.102778580572
 10
13.04568854158908
 20
-109.8832146728545
  0
LWPOLYLINE
  5
46C
100
AcDbEntity
  8
Acrylic_1_Middle
  6
ByLayer
 62
  256
370
   -1
100
AcDbPolyline
 90
    4
 70
    1
 43
0
 10
10.95010460205264
 20
-106.7469516727951
 10
6.848885271170675
 20
-110.848171003677
 10
5.151828996322958
 20
-109.1511147288293
 10
9.253048327204921
 20
-105.0498953979474
  0
LWPOLYLINE
  5
46D
100
AcDbEntity
  8
Acrylic_1_Middle
  6
ByLayer
 62
  256
370
   -1
100
AcDbPolyline
 90
    4
 70
    1
 43
0
 10
6.116785327145447
 20
-102.9543114584109
 10
3.89722141942793
 20
-108.3128127469764
 10
1.679910541400837
 20
-107.3943725093002
 10
3.899474449118355
 20
-102.0358712207347
  0
LWPOLYLINE
  5
46E
100
AcDbEntity
  8
Acrylic_1_Middle
  6
ByLayer
 62
  256
370
   -1
100
AcDbPolyline
 90
    4
 70
    1
 43
0
 10
0.1999999999999916
 20
-101.3
 10
0.1999999999999905
 20
-107.1
 10
-2.200000000000015
 20
-107.1
 10
-2.200000000000014
 20
-101.3
  0
LWPOLYLINE
  5
46F
100
AcDbEntity
  8
Acrylic_1_Middle
  6
ByLayer
 62
  256
370
   -1
100
AcDbPolyline
 90
    4
 70
    1
 43
0
 10
-5.899474449118375
 20
-102.0358712207347
 10
-3.67991054140086
 20
-107.3943725093002
 10
-5.897221419427953
 20
-108.3128127469764
 10
-8.116785327145468
 20
-102.9543114584109
  0
LWPOLYLINE
  5
470
100
AcDbEntity
  8
Acrylic_1_Middle
  6
ByLayer
 62
  256
370
   -1
100
AcDbPolyline
 90
    4
 70
    1
 43
0
 10
-11.25304832720494
 20
-105.0498953979474
 10
-7.151828996322974
 20
-109.1511147288293
 10
-8.848885271170692
 20
-110.8481710036771
 10
-12.95010460205265
 20
-106.7469516727951
  0
LWPOLYLINE
  5
471
100
AcDbEntity
  8
Acrylic_1_Middle
  6
ByLayer
 62
  256
370
   -1
100
AcDbPolyline
 90
    4
 70
    1
 43
0
 10
-15.04568854158908
 20
-109.8832146728546
 10
-9.687187253023637
 20
-112.1027785805721
 10
-10.60562749069986
 20
-114.3200894585992
 10
-15.9641287792653
 20
-112.1005255508817
  0
LWPOLYLINE
  5
472
100
AcDbEntity
  8
Acrylic_1_Middle
  6
ByLayer
 62
  256
370
   -1
100
AcDbPolyline
 90
    4
 70
    1
 43
0
 10
-16.69999999999999
 20
-115.8
 10
-10.90000000000001
 20
-115.8
 10
-10.90000000000001
 20
-118.2
 10
-16.69999999999999
 20
-118.2
  0
LWPOLYLINE
  5
473
100
AcDbEntity
  8
Acrylic_1_Middle
  6
ByLayer
 62
  256
370
   -1
100
AcDbPolyline
 90
    4
 70
    1
 43
0
 10
-7.281000000000006
 20
-126.9
 10
-4.880999999999999
 20
-126.9
 10
-4.880999999999999
 20
-132.7
 10
-7.281000000000006
 20
-132.7
  0
LWPOLYLINE
  5
474
100
AcDbEntity
  8
Acrylic_1_Middle
  6
ByLayer
 62
  256
370
   -1
100
AcDbPolyline
 90
    4
 70
    1
 43
0
 10
2.87900000000002
 20
-126.9
 10
5.279000000000026
 20
-126.9
 10
5.279000000000026
 20
-132.7
 10
2.87900000000002
 20
-132.7
  0
LWPOLYLINE
  5
475
100
AcDbEntity
  8
Acrylic_1_Middle
  6
ByLayer
 62
  256
370
   -1
100
AcDbPolyline
 90
    4
 70
    1
 43
0
 10
21.40000000000001
 20
-115.8
 10
27.2
 20
-115.8
 10
27.2
 20
-118.2
 10
21.40000000000001
 20
-118.2
  0
LWPOLYLINE
  5
476
100
AcDbEntity
  8
Acrylic_1_Middle
  6
ByLayer
 62
  256
370
   -1
100
AcDbPolyline
 90
    4
 70
    1
 43
0
 10
22.13587122073471
 20
-121.8994744491184
 10
27.49437250930016
 20
-119.6799105414009
 10
28.41281274697637
 20
-121.897221419428
 10
23.05431145841093
 20
-124.1167853271455
  0
LWPOLYLINE
  5
477
100
AcDbEntity
  8
Acrylic_1_Middle
  6
ByLayer
 62
  256
370
   -1
100
AcDbPolyline
 90
    4
 70
    1
 43
0
 10
25.14989539794736
 20
-127.2530483272049
 10
29.25111472882933
 20
-123.151828996323
 10
30.94817100367705
 20
-124.8488852711707
 10
26.84695167279508
 20
-128.9501046020526
  0
LWPOLYLINE
  5
478
100
AcDbEntity
  8
Acrylic_1_Middle
  6
ByLayer
 62
  256
370
   -1
100
AcDbPolyline
 90
    4
 70
    1
 43
0
 10
35.90000000000001
 20
-132.7
 10
35.90000000000001
 20
-126.9
 10
38.30000000000002
 20
-126.9
 10
38.30000000000002
 20
-132.7
  0
LWPOLYLINE
  5
479
100
AcDbEntity
  8
Acrylic_1_Middle
  6
ByLayer
 62
  256
370
   -1
100
AcDbPolyline
 90
    4
 70
    1
 43
0
 10
47.35304832720494
 20
-128.9501046020526
 10
43.25182899632298
 20
-124.8488852711707
 10
44.9488852711707
 20
-123.151828996323
 10
49.05010460205266
 20
-127.2530483272049
  0
LWPOLYLINE
  5
47A
100
AcDbEntity
  8
Acrylic_1_Middle
  6
ByLayer
 62
  256
370
   -1
100
AcDbPolyline
 90
    4
 70
    1
 43
0
 10
51.14568854158909
 20
-124.1167853271455
 10
45.78718725302364
 20
-121.8972214194279
 10
46.70562749069986
 20
-119.6799105414008
 10
52.0641287792653
 20
-121.8994744491184
  0
LWPOLYLINE
  5
47B
100
AcDbEntity
  8
Acrylic_1_Middle
  6
ByLayer
 62
  256
370
   -1
100
AcDbPolyline
 90
    4
 70
    1
 43
0
 10
52.79999999999999
 20
-118.2
 10
47.00000000000001
 20
-118.2
 10
47.00000000000001
 20
-115.8
 10
52.79999999999999
 20
-115.8
  0
LWPOLYLINE
  5
47C
100
AcDbEntity
  8
Acrylic_1_Middle
  6
ByLayer
 62
  256
370
   -1
100
AcDbPolyline
 90
    4
 70
    1
 43
0
 10
52.0641287792653
 20
-112.1005255508816
 10
46.70562749069985
 20
-114.3200894585991
 10
45.78718725302363
 20
-112.102778580572
 10
51.14568854158908
 20
-109.8832146728545
  0
LWPOLYLINE
  5
47D
100
AcDbEntity
  8
Acrylic_1_Middle
  6
ByLayer
 62
  256
370
   -1
100
AcDbPolyline
 90
    4
 70
    1
 43
0
 10
49.05010460205264
 20
-106.7469516727951
 10
44.94888527117067
 20
-110.848171003677
 10
43.25182899632296
 20
-109.1511147288293
 10
47.35304832720492
 20
-105.0498953979474
  0
LWPOLYLINE
  5
47E
100
AcDbEntity
  8
Acrylic_1_Middle
  6
ByLayer
 62
  256
370
   -1
100
AcDbPolyline
 90
    4
 70
    1
 43
0
 10
44.21678532714544
 20
-102.9543114584109
 10
41.99722141942793
 20
-108.3128127469764
 10
39.77991054140084
 20
-107.3943725093002
 10
41.99947444911835
 20
-102.0358712207347
  0
LWPOLYLINE
  5
47F
100
AcDbEntity
  8
Acrylic_1_Middle
  6
ByLayer
 62
  256
370
   -1
100
AcDbPolyline
 90
    4
 70
    1
 43
0
 10
38.29999999999999
 20
-101.3
 10
38.29999999999999
 20
-107.1
 10
35.89999999999998
 20
-107.1
 10
35.89999999999998
 20
-101.3
  0
LWPOLYLINE
  5
480
100
AcDbEntity
  8
Acrylic_1_Middle
  6
ByLayer
 62
  256
370
   -1
100
AcDbPolyline
 90
    4
 70
    1
 43
0
 10
32.20052555088163
 20
-102.0358712207347
 10
34.42008945859914
 20
-107.3943725093002
 10
32.20277858057205
 20
-108.3128127469764
 10
29.98321467285453
 20
-102.9543114584109
  0
LWPOLYLINE
  5
481
100
AcDbEntity
  8
Acrylic_1_Middle
  6
ByLayer
 62
  256
370
   -1
100
AcDbPolyline
 90
    4
 70
    1
 43
0
 10
26.84695167279506
 20
-105.0498953979474
 10
30.94817100367703
 20
-109.1511147288293
 10
29.25111472882931
 20
-110.8481710036771
 10
25.14989539794735
 20
-106.7469516727951
  0
LWPOLYLINE
  5
482
100
AcDbEntity
  8
Acrylic_1_Middle
  6
ByLayer
 62
  256
370
   -1
100
AcDbPolyline
 90
    4
 70
    1
 43
0
 10
23.05431145841092
 20
-109.8832146728546
 10
28.41281274697636
 20
-112.1027785805721
 10
27.49437250930015
 20
-114.3200894585992
 10
22.1358712207347
 20
-112.1005255508817
  0
LWPOLYLINE
  5
483
100
AcDbEntity
  8
Acrylic_1_Middle
  6
ByLayer
 62
  256
370
   -1
100
AcDbPolyline
 90
    4
 70
    1
 43
0
 10
21.40000000000001
 20
-115.8
 10
27.2
 20
-115.8
 10
27.2
 20
-118.2
 10
21.40000000000001
 20
-118.2
  0
LWPOLYLINE
  5
484
100
AcDbEntity
  8
Acrylic_1_Middle
  6
ByLayer
 62
  256
370
   -1
100
AcDbPolyline
 90
    4
 70
    1
 43
0
 10
30.819
 20
-126.9
 10
33.219
 20
-126.9
 10
33.219
 20
-132.7
 10
30.819
 20
-132.7
  0
LWPOLYLINE
  5
485
100
AcDbEntity
  8
Acrylic_1_Middle
  6
ByLayer
 62
  256
370
   -1
100
AcDbPolyline
 90
    4
 70
    1
 43
0
 10
40.97900000000002
 20
-126.9
 10
43.37900000000003
 20
-126.9
 10
43.37900000000003
 20
-132.7
 10
40.97900000000002
 20
-132.7
  0
LWPOLYLINE
  5
486
100
AcDbEntity
  8
Acrylic_1_Middle
  6
ByLayer
 62
  256
370
   -1
100
AcDbPolyline
 90
    4
 70
    1
 43
0
 10
59.50000000000001
 20
-115.8
 10
65.3
 20
-115.8
 10
65.3
 20
-118.2
 10
59.50000000000001
 20
-118.2
  0
LWPOLYLINE
  5
487
100
AcDbEntity
  8
Acrylic_1_Middle
  6
ByLayer
 62
  256
370
   -1
100
AcDbPolyline
 90
    4
 70
    1
 43
0
 10
60.23587122073471
 20
-121.8994744491184
 10
65.59437250930016
 20
-119.6799105414009
 10
66.51281274697638
 20
-121.897221419428
 10
61.15431145841093
 20
-124.1167853271455
  0
LWPOLYLINE
  5
488
100
AcDbEntity
  8
Acrylic_1_Middle
  6
ByLayer
 62
  256
370
   -1
100
AcDbPolyline
 90
    4
 70
    1
 43
0
 10
63.24989539794737
 20
-127.2530483272049
 10
67.35111472882933
 20
-123.151828996323
 10
69.04817100367706
 20
-124.8488852711707
 10
64.94695167279508
 20
-128.9501046020526
  0
LWPOLYLINE
  5
489
100
AcDbEntity
  8
Acrylic_1_Middle
  6
ByLayer
 62
  256
370
   -1
100
AcDbPolyline
 90
    4
 70
    1
 43
0
 10
74.00000000000001
 20
-132.7
 10
74.00000000000001
 20
-126.9
 10
76.40000000000002
 20
-126.9
 10
76.40000000000002
 20
-132.7
  0
LWPOLYLINE
  5
48A
100
AcDbEntity
  8
Acrylic_1_Middle
  6
ByLayer
 62
  256
370
   -1
100
AcDbPolyline
 90
    4
 70
    1
 43
0
 10
85.45304832720494
 20
-128.9501046020526
 10
81.35182899632298
 20
-124.8488852711707
 10
83.04888527117069
 20
-123.151828996323
 10
87.15010460205266
 20
-127.2530483272049
  0
LWPOLYLINE
  5
48B
100
AcDbEntity
  8
Acrylic_1_Middle
  6
ByLayer
 62
  256
370
   -1
100
AcDbPolyline
 90
    4
 70
    1
 43
0
 10
89.24568854158909
 20
-124.1167853271455
 10
83.88718725302364
 20
-121.8972214194279
 10
84.80562749069986
 20
-119.6799105414008
 10
90.1641287792653
 20
-121.8994744491184
  0
LWPOLYLINE
  5
48C
100
AcDbEntity
  8
Acrylic_1_Middle
  6
ByLayer
 62
  256
370
   -1
100
AcDbPolyline
 90
    4
 70
    1
 43
0
 10
90.89999999999999
 20
-118.2
 10
85.10000000000001
 20
-118.2
 10
85.10000000000001
 20
-115.8
 10
90.89999999999999
 20
-115.8
  0
LWPOLYLINE
  5
48D
100
AcDbEntity
  8
Acrylic_1_Middle
  6
ByLayer
 62
  256
370
   -1
100
AcDbPolyline
 90
    4
 70
    1
 43
0
 10
90.1641287792653
 20
-112.1005255508816
 10
84.80562749069986
 20
-114.3200894585991
 10
83.88718725302363
 20
-112.102778580572
 10
89.24568854158909
 20
-109.8832146728545
  0
LWPOLYLINE
  5
48E
100
AcDbEntity
  8
Acrylic_1_Middle
  6
ByLayer
 62
  256
370
   -1
100
AcDbPolyline
 90
    4
 70
    1
 43
0
 10
87.15010460205264
 20
-106.7469516727951
 10
83.04888527117068
 20
-110.848171003677
 10
81.35182899632295
 20
-109.1511147288293
 10
85.45304832720493
 20
-105.0498953979474
  0
LWPOLYLINE
  5
48F
100
AcDbEntity
  8
Acrylic_1_Middle
  6
ByLayer
 62
  256
370
   -1
100
AcDbPolyline
 90
    4
 70
    1
 43
0
 10
82.31678532714545
 20
-102.9543114584109
 10
80.09722141942794
 20
-108.3128127469764
 10
77.87991054140085
 20
-107.3943725093002
 10
80.09947444911836
 20
-102.0358712207347
  0
LWPOLYLINE
  5
490
100
AcDbEntity
  8
Acrylic_1_Middle
  6
ByLayer
 62
  256
370
   -1
100
AcDbPolyline
 90
    4
 70
    1
 43
0
 10
76.39999999999999
 20
-101.3
 10
76.39999999999999
 20
-107.1
 10
73.99999999999999
 20
-107.1
 10
73.99999999999999
 20
-101.3
  0
LWPOLYLINE
  5
491
100
AcDbEntity
  8
Acrylic_1_Middle
  6
ByLayer
 62
  256
370
   -1
100
AcDbPolyline
 90
    4
 70
    1
 43
0
 10
70.30052555088163
 20
-102.0358712207347
 10
72.52008945859914
 20
-107.3943725093002
 10
70.30277858057205
 20
-108.3128127469764
 10
68.08321467285454
 20
-102.9543114584109
  0
LWPOLYLINE
  5
492
100
AcDbEntity
  8
Acrylic_1_Middle
  6
ByLayer
 62
  256
370
   -1
100
AcDbPolyline
 90
    4
 70
    1
 43
0
 10
64.94695167279507
 20
-105.0498953979474
 10
69.04817100367703
 20
-109.1511147288293
 10
67.35111472882932
 20
-110.8481710036771
 10
63.24989539794735
 20
-106.7469516727951
  0
LWPOLYLINE
  5
493
100
AcDbEntity
  8
Acrylic_1_Middle
  6
ByLayer
 62
  256
370
   -1
100
AcDbPolyline
 90
    4
 70
    1
 43
0
 10
61.15431145841092
 20
-109.8832146728546
 10
66.51281274697637
 20
-112.1027785805721
 10
65.59437250930014
 20
-114.3200894585992
 10
60.2358712207347
 20
-112.1005255508817
  0
LWPOLYLINE
  5
494
100
AcDbEntity
  8
Acrylic_1_Middle
  6
ByLayer
 62
  256
370
   -1
100
AcDbPolyline
 90
    4
 70
    1
 43
0
 10
59.50000000000001
 20
-115.8
 10
65.3
 20
-115.8
 10
65.3
 20
-118.2
 10
59.50000000000001
 20
-118.2
  0
LWPOLYLINE
  5
495
100
AcDbEntity
  8
Acrylic_1_Middle
  6
ByLayer
 62
  256
370
   -1
100
AcDbPolyline
 90
    4
 70
    1
 43
0
 10
68.919
 20
-126.9
 10
71.319
 20
-126.9
 10
71.319
 20
-132.7
 10
68.919
 20
-132.7
  0
LWPOLYLINE
  5
496
100
AcDbEntity
  8
Acrylic_1_Middle
  6
ByLayer
 62
  256
370
   -1
100
AcDbPolyline
 90
    4
 70
    1
 43
0
 10
79.07900000000002
 20
-126.9
 10
81.47900000000003
 20
-126.9
 10
81.47900000000003
 20
-132.7
 10
79.07900000000002
 20
-132.7
  0
LWPOLYLINE
  5
497
100
AcDbEntity
  8
Acrylic_1_Middle
  6
ByLayer
 62
  256
370
   -1
100
AcDbPolyline
 90
    4
 70
    1
 43
0
 10
97.60000000000002
 20
-115.8
 10
103.4
 20
-115.8
 10
103.4
 20
-118.2
 10
97.60000000000002
 20
-118.2
  0
LWPOLYLINE
  5
498
100
AcDbEntity
  8
Acrylic_1_Middle
  6
ByLayer
 62
  256
370
   -1
100
AcDbPolyline
 90
    4
 70
    1
 43
0
 10
98.3358712207347
 20
-121.8994744491184
 10
103.6943725093002
 20
-119.6799105414009
 10
104.6128127469764
 20
-121.897221419428
 10
99.25431145841094
 20
-124.1167853271455
  0
LWPOLYLINE
  5
499
100
AcDbEntity
  8
Acrylic_1_Middle
  6
ByLayer
 62
  256
370
   -1
100
AcDbPolyline
 90
    4
 70
    1
 43
0
 10
101.3498953979474
 20
-127.2530483272049
 10
105.4511147288293
 20
-123.151828996323
 10
107.148171003677
 20
-124.8488852711707
 10
103.0469516727951
 20
-128.9501046020526
  0
LWPOLYLINE
  5
49A
100
AcDbEntity
  8
Acrylic_1_Middle
  6
ByLayer
 62
  256
370
   -1
100
AcDbPolyline
 90
    4
 70
    1
 43
0
 10
112.1
 20
-132.7
 10
112.1
 20
-126.9
 10
114.5
 20
-126.9
 10
114.5
 20
-132.7
  0
LWPOLYLINE
  5
49B
100
AcDbEntity
  8
Acrylic_1_Middle
  6
ByLayer
 62
  256
370
   -1
100
AcDbPolyline
 90
    4
 70
    1
 43
0
 10
123.5530483272049
 20
-128.9501046020526
 10
119.451828996323
 20
-124.8488852711707
 10
121.1488852711707
 20
-123.151828996323
 10
125.2501046020527
 20
-127.2530483272049
  0
LWPOLYLINE
  5
49C
100
AcDbEntity
  8
Acrylic_1_Middle
  6
ByLayer
 62
  256
370
   -1
100
AcDbPolyline
 90
    4
 70
    1
 43
0
 10
127.3456885415891
 20
-124.1167853271455
 10
121.9871872530236
 20
-121.8972214194279
 10
122.9056274906999
 20
-119.6799105414008
 10
128.2641287792653
 20
-121.8994744491184
  0
LWPOLYLINE
  5
49D
100
AcDbEntity
  8
Acrylic_1_Middle
  6
ByLayer
 62
  256
370
   -1
100
AcDbPolyline
 90
    4
 70
    1
 43
0
 10
129
 20
-118.2
 10
123.2
 20
-118.2
 10
123.2
 20
-115.8
 10
129
 20
-115.8
  0
LWPOLYLINE
  5
49E
100
AcDbEntity
  8
Acrylic_1_Middle
  6
ByLayer
 62
  256
370
   -1
100
AcDbPolyline
 90
    4
 70
    1
 43
0
 10
128.2641287792653
 20
-112.1005255508816
 10
122.9056274906999
 20
-114.3200894585991
 10
121.9871872530236
 20
-112.102778580572
 10
127.3456885415891
 20
-109.8832146728545
  0
LWPOLYLINE
  5
49F
100
AcDbEntity
  8
Acrylic_1_Middle
  6
ByLayer
 62
  256
370
   -1
100
AcDbPolyline
 90
    4
 70
    1
 43
0
 10
125.2501046020526
 20
-106.7469516727951
 10
121.1488852711707
 20
-110.848171003677
 10
119.4518289963229
 20
-109.1511147288293
 10
123.5530483272049
 20
-105.0498953979474
  0
LWPOLYLINE
  5
4A0
100
AcDbEntity
  8
Acrylic_1_Middle
  6
ByLayer
 62
  256
370
   -1
100
AcDbPolyline
 90
    4
 70
    1
 43
0
 10
120.4167853271454
 20
-102.9543114584109
 10
118.1972214194279
 20
-108.3128127469764
 10
115.9799105414008
 20
-107.3943725093002
 10
118.1994744491184
 20
-102.0358712207347
  0
LWPOLYLINE
  5
4A1
100
AcDbEntity
  8
Acrylic_1_Middle
  6
ByLayer
 62
  256
370
   -1
100
AcDbPolyline
 90
    4
 70
    1
 43
0
 10
114.5
 20
-101.3
 10
114.5
 20
-107.1
 10
112.1
 20
-107.1
 10
112.1
 20
-101.3
  0
LWPOLYLINE
  5
4A2
100
AcDbEntity
  8
Acrylic_1_Middle
  6
ByLayer
 62
  256
370
   -1
100
AcDbPolyline
 90
    4
 70
    1
 43
0
 10
108.4005255508816
 20
-102.0358712207347
 10
110.6200894585992
 20
-107.3943725093002
 10
108.4027785805721
 20
-108.3128127469764
 10
106.1832146728545
 20
-102.9543114584109
  0
LWPOLYLINE
  5
4A3
100
AcDbEntity
  8
Acrylic_1_Middle
  6
ByLayer
 62
  256
370
   -1
100
AcDbPolyline
 90
    4
 70
    1
 43
0
 10
103.0469516727951
 20
-105.0498953979474
 10
107.148171003677
 20
-109.1511147288293
 10
105.4511147288293
 20
-110.8481710036771
 10
101.3498953979473
 20
-106.7469516727951
  0
LWPOLYLINE
  5
4A4
100
AcDbEntity
  8
Acrylic_1_Middle
  6
ByLayer
 62
  256
370
   -1
100
AcDbPolyline
 90
    4
 70
    1
 43
0
 10
99.25431145841091
 20
-109.8832146728546
 10
104.6128127469764
 20
-112.1027785805721
 10
103.6943725093001
 20
-114.3200894585992
 10
98.3358712207347
 20
-112.1005255508817
  0
LWPOLYLINE
  5
4A5
100
AcDbEntity
  8
Acrylic_1_Middle
  6
ByLayer
 62
  256
370
   -1
100
AcDbPolyline
 90
    4
 70
    1
 43
0
 10
97.60000000000002
 20
-115.8
 10
103.4
 20
-115.8
 10
103.4
 20
-118.2
 10
97.60000000000002
 20
-118.2
  0
LWPOLYLINE
  5
4A6
100
AcDbEntity
  8
Acrylic_1_Middle
  6
ByLayer
 62
  256
370
   -1
100
AcDbPolyline
 90
    4
 70
    1
 43
0
 10
107.019
 20
-126.9
 10
109.419
 20
-126.9
 10
109.419
 20
-132.7
 10
107.019
 20
-132.7
  0
LWPOLYLINE
  5
4A7
100
AcDbEntity
  8
Acrylic_1_Middle
  6
ByLayer
 62
  256
370
   -1
100
AcDbPolyline
 90
    4
 70
    1
 43
0
 10
117.179
 20
-126.9
 10
119.579
 20
-126.9
 10
119.579
 20
-132.7
 10
117.179
 20
-132.7
  0
CIRCLE
  5
4A8
100
AcDbEntity
  8
Acrylic_1_Middle
  6
ByLayer
 62
  256
370
   -1
100
AcDbCircle
 10
-0.9999999999999991
 20
0.9999999999999858
 40
3.5
  0
CIRCLE
  5
4A9
100
AcDbEntity
  8
Acrylic_1_Middle
  6
ByLayer
 62
  256
370
   -1
100
AcDbCircle
 10
37.10000000000002
 20
0.9999999999999858
 40
3.5
  0
CIRCLE
  5
4AA
100
AcDbEntity
  8
Acrylic_1_Middle
  6
ByLayer
 62
  256
370
   -1
100
AcDbCircle
 10
75.2
 20
1
 40
3.5
  0
CIRCLE
  5
4AB
100
AcDbEntity
  8
Acrylic_1_Middle
  6
ByLayer
 62
  256
370
   -1
100
AcDbCircle
 10
113.3
 20
1
 40
3.5
  0
CIRCLE
  5
4AC
100
AcDbEntity
  8
Acrylic_1_Middle
  6
ByLayer
 62
  256
370
   -1
100
AcDbCircle
 10
113.3
 20
-37.1
 40
3.5
  0
CIRCLE
  5
4AD
100
AcDbEntity
  8
Acrylic_1_Middle
  6
ByLayer
 62
  256
370
   -1
100
AcDbCircle
 10
75.2
 20
-37.1
 40
3.5
  0
CIRCLE
  5
4AE
100
AcDbEntity
  8
Acrylic_1_Middle
  6
ByLayer
 62
  256
370
   -1
100
AcDbCircle
 10
37.10000000000002
 20
-37.10000000000001
 40
3.5
  0
CIRCLE
  5
4AF
100
AcDbEntity
  8
Acrylic_1_Middle
  6
ByLayer
 62
  256
370
   -1
100
AcDbCircle
 10
-1.000000000000002
 20
-37.1
 40
3.5
  0
CIRCLE
  5
4B0
100
AcDbEntity
  8
Acrylic_1_Middle
  6
ByLayer
 62
  256
370
   -1
100
AcDbCircle
 10
-1.000000000000005
 20
-78.8795789022405
 40
3.5
  0
CIRCLE
  5
4B1
100
AcDbEntity
  8
Acrylic_1_Middle
  6
ByLayer
 62
  256
370
   -1
100
AcDbCircle
 10
37.1
 20
-78.8795789022405
 40
3.5
  0
CIRCLE
  5
4B2
100
AcDbEntity
  8
Acrylic_1_Middle
  6
ByLayer
 62
  256
370
   -1
100
AcDbCircle
 10
75.2
 20
-78.8795789022405
 40
3.5
  0
CIRCLE
  5
4B3
100
AcDbEntity
  8
Acrylic_1_Middle
  6
ByLayer
 62
  256
370
   -1
100
AcDbCircle
 10
113.3
 20
-78.8795789022405
 40
3.5
  0
CIRCLE
  5
4B4
100
AcDbEntity
  8
Acrylic_1_Middle
  6
ByLayer
 62
  256
370
   -1
100
AcDbCircle
 10
113.3
 20
-117
 40
3.5
  0
CIRCLE
  5
4B5
100
AcDbEntity
  8
Acrylic_1_Middle
  6
ByLayer
 62
  256
370
   -1
100
AcDbCircle
 10
75.2
 20
-117
 40
3.5
  0
CIRCLE
  5
4B6
100
AcDbEntity
  8
Acrylic_1_Middle
  6
ByLayer
 62
  256
370
   -1
100
AcDbCircle
 10
37.1
 20
-117
 40
3.5
  0
CIRCLE
  5
4B7
100
AcDbEntity
  8
Acrylic_1_Middle
  6
ByLayer
 62
  256
370
   -1
100
AcDbCircle
 10
-1.000000000000008
 20
-117
 40
3.5
  0
CIRCLE
  5
4B8
100
AcDbEntity
  8
Acrylic_1_Middle
  6
ByLayer
 62
  256
370
   -1
100
AcDbCircle
 10
-21.84969999999451
 20
-151.4018000000086
 40
1.5
  0
CIRCLE
  5
4B9
100
AcDbEntity
  8
Acrylic_1_Middle
  6
ByLayer
 62
  256
370
   -1
100
AcDbCircle
 10
-21.89970000000864
 20
-207.2650000000086
 40
1.5
  0
CIRCLE
  5
4BA
100
AcDbEntity
  8
Acrylic_1_Middle
  6
ByLayer
 62
  256
370
   -1
100
AcDbCircle
 10
133.0903000000055
 20
-207.2650000000086
 40
1.5
  0
CIRCLE
  5
4BB
100
AcDbEntity
  8
Acrylic_1_Middle
  6
ByLayer
 62
  256
370
   -1
100
AcDbCircle
 10
133.0903000000055
 20
-151.4018000000086
 40
1.5
  0
LWPOLYLINE
  5
4BC
100
AcDbEntity
  8
Acrylic_1_Middle
  6
ByLayer
 62
  256
370
   -1
100
AcDbPolyline
 90
    4
 70
    1
 43
0
 10
-15.12190000000862
 20
-206.2818000000086
 10
-7.121900000008623
 20
-206.2818000000086
 10
-7.121900000008623
 20
-208.2818000000086
 10
-15.12190000000862
 20
-208.2818000000086
  0
LWPOLYLINE
  5
4BD
100
AcDbEntity
  8
Acrylic_1_Middle
  6
ByLayer
 62
  256
370
   -1
100
AcDbPolyline
 90
    4
 70
    1
 43
0
 10
3.928099999991389
 20
-206.2818000000086
 10
11.92809999999139
 20
-206.2818000000086
 10
11.92809999999139
 20
-208.2818000000086
 10
3.928099999991389
 20
-208.2818000000086
  0
LWPOLYLINE
  5
4BE
100
AcDbEntity
  8
Acrylic_1_Middle
  6
ByLayer
 62
  256
370
   -1
100
AcDbPolyline
 90
    4
 70
    1
 43
0
 10
22.9780999999914
 20
-206.2818000000086
 10
30.9780999999914
 20
-206.2818000000086
 10
30.9780999999914
 20
-208.2818000000086
 10
22.9780999999914
 20
-208.2818000000086
  0
LWPOLYLINE
  5
4BF
100
AcDbEntity
  8
Acrylic_1_Middle
  6
ByLayer
 62
  256
370
   -1
100
AcDbPolyline
 90
    4
 70
    1
 43
0
 10
42.02809999999141
 20
-206.2818000000086
 10
50.02809999999141
 20
-206.2818000000086
 10
50.02809999999141
 20
-208.2818000000086
 10
42.02809999999141
 20
-208.2818000000086
  0
LWPOLYLINE
  5
4C0
100
AcDbEntity
  8
Acrylic_1_Middle
  6
ByLayer
 62
  256
370
   -1
100
AcDbPolyline
 90
    4
 70
    1
 43
0
 10
61.07809999999142
 20
-206.2818000000086
 10
69.07809999999142
 20
-206.2818000000086
 10
69.07809999999142
 20
-208.2818000000086
 10
61.07809999999142
 20
-208.2818000000086
  0
LWPOLYLINE
  5
4C1
100
AcDbEntity
  8
Acrylic_1_Middle
  6
ByLayer
 62
  256
370
   -1
100
AcDbPolyline
 90
    4
 70
    1
 43
0
 10
80.12809999999143
 20
-206.2818000000086
 10
88.12809999999143
 20
-206.2818000000086
 10
88.12809999999143
 20
-208.2818000000086
 10
80.12809999999143
 20
-208.2818000000086
  0
LWPOLYLINE
  5
4C2
100
AcDbEntity
  8
Acrylic_1_Middle
  6
ByLayer
 62
  256
370
   -1
100
AcDbPolyline
 90
    4
 70
    1
 43
0
 10
99.17809999999145
 20
-206.2818000000086
 10
107.1780999999914
 20
-206.2818000000086
 10
107.1780999999914
 20
-208.2818000000086
 10
99.17809999999145
 20
-208.2818000000086
  0
LWPOLYLINE
  5
4C3
100
AcDbEntity
  8
Acrylic_1_Middle
  6
ByLayer
 62
  256
370
   -1
100
AcDbPolyline
 90
    4
 70
    1
 43
0
 10
118.2280999999915
 20
-206.2818000000086
 10
126.2280999999915
 20
-206.2818000000086
 10
126.2280999999915
 20
-208.2818000000086
 10
118.2280999999915
 20
-208.2818000000086
  0
LWPOLYLINE
  5
4C4
100
AcDbEntity
  8
Acrylic_1_Middle
  6
ByLayer
 62
  256
370
   -1
100
AcDbPolyline
 90
    4
 70
    1
 43
0
 10
-15.08750000000869
 20
-150.4018000000086
 10
-7.087500000008693
 20
-150.4018000000086
 10
-7.087500000008693
 20
-152.4018000000086
 10
-15.08750000000869
 20
-152.4018000000086
  0
LWPOLYLINE
  5
4C5
100
AcDbEntity
  8
Acrylic_1_Middle
  6
ByLayer
 62
  256
370
   -1
100
AcDbPolyline
 90
    4
 70
    1
 43
0
 10
3.962499999991319
 20
-150.4018000000086
 10
11.96249999999132
 20
-150.4018000000086
 10
11.96249999999132
 20
-152.4018000000086
 10
3.962499999991319
 20
-152.4018000000086
  0
LWPOLYLINE
  5
4C6
100
AcDbEntity
  8
Acrylic_1_Middle
  6
ByLayer
 62
  256
370
   -1
100
AcDbPolyline
 90
    4
 70
    1
 43
0
 10
23.01249999999133
 20
-150.4018000000086
 10
31.01249999999133
 20
-150.4018000000086
 10
31.01249999999133
 20
-152.4018000000086
 10
23.01249999999133
 20
-152.4018000000086
  0
LWPOLYLINE
  5
4C7
100
AcDbEntity
  8
Acrylic_1_Middle
  6
ByLayer
 62
  256
370
   -1
100
AcDbPolyline
 90
    4
 70
    1
 43
0
 10
42.06249999999135
 20
-150.4018000000086
 10
50.06249999999135
 20
-150.4018000000086
 10
50.06249999999135
 20
-152.4018000000086
 10
42.06249999999135
 20
-152.4018000000086
  0
LWPOLYLINE
  5
4C8
100
AcDbEntity
  8
Acrylic_1_Middle
  6
ByLayer
 62
  256
370
   -1
100
AcDbPolyline
 90
    4
 70
    1
 43
0
 10
61.11249999999136
 20
-150.4018000000086
 10
69.11249999999136
 20
-150.4018000000086
 10
69.11249999999136
 20
-152.4018000000086
 10
61.11249999999136
 20
-152.4018000000086
  0
LWPOLYLINE
  5
4C9
100
AcDbEntity
  8
Acrylic_1_Middle
  6
ByLayer
 62
  256
370
   -1
100
AcDbPolyline
 90
    4
 70
    1
 43
0
 10
80.16249999999137
 20
-150.4018000000086
 10
88.16249999999137
 20
-150.4018000000086
 10
88.16249999999137
 20
-152.4018000000086
 10
80.16249999999137
 20
-152.4018000000086
  0
LWPOLYLINE
  5
4CA
100
AcDbEntity
  8
Acrylic_1_Middle
  6
ByLayer
 62
  256
370
   -1
100
AcDbPolyline
 90
    4
 70
    1
 43
0
 10
99.21249999999138
 20
-150.4018000000086
 10
107.2124999999914
 20
-150.4018000000086
 10
107.2124999999914
 20
-152.4018000000086
 10
99.21249999999138
 20
-152.4018000000086
  0
LWPOLYLINE
  5
4CB
100
AcDbEntity
  8
Acrylic_1_Middle
  6
ByLayer
 62
  256
370
   -1
100
AcDbPolyline
 90
    4
 70
    1
 43
0
 10
118.2624999999914
 20
-150.4018000000086
 10
126.2624999999914
 20
-150.4018000000086
 10
126.2624999999914
 20
-152.4018000000086
 10
118.2624999999914
 20
-152.4018000000086
  0
LWPOLYLINE
  5
4CC
100
AcDbEntity
  8
Acrylic_1_Middle
  6
ByLayer
 62
  256
370
   -1
100
AcDbPolyline
 90
    4
 70
    1
 43
0
 10
-88.10000000000002
 20
-137
 10
-88.10000000000002
 20
17
 10
-47.10000000000002
 20
17
 10
-47.10000000000002
 20
-137
  0
CIRCLE
  5
4CD
100
AcDbEntity
  8
Acrylic_1_Middle
  6
ByLayer
 62
  256
370
   -1
100
AcDbCircle
 10
-95.6981999999914
 20
-137.8496999999945
 40
1.5
  0
CIRCLE
  5
4CE
100
AcDbEntity
  8
Acrylic_1_Middle
  6
ByLayer
 62
  256
370
   -1
100
AcDbCircle
 10
-39.8349999999914
 20
-137.8997000000086
 40
1.5
  0
CIRCLE
  5
4CF
100
AcDbEntity
  8
Acrylic_1_Middle
  6
ByLayer
 62
  256
370
   -1
100
AcDbCircle
 10
-39.8349999999914
 20
17.0903000000055
 40
1.5
  0
CIRCLE
  5
4D0
100
AcDbEntity
  8
Acrylic_1_Middle
  6
ByLayer
 62
  256
370
   -1
100
AcDbCircle
 10
-95.6981999999914
 20
17.0903000000055
 40
1.5
  0
LWPOLYLINE
  5
4D1
100
AcDbEntity
  8
Acrylic_1_Middle
  6
ByLayer
 62
  256
370
   -1
100
AcDbPolyline
 90
    4
 70
    1
 43
0
 10
-40.81819999999141
 20
-131.1219000000086
 10
-40.81819999999141
 20
-123.1219000000086
 10
-38.81819999999141
 20
-123.1219000000086
 10
-38.81819999999141
 20
-131.1219000000086
  0
LWPOLYLINE
  5
4D2
100
AcDbEntity
  8
Acrylic_1_Middle
  6
ByLayer
 62
  256
370
   -1
100
AcDbPolyline
 90
    4
 70
    1
 43
0
 10
-40.81819999999141
 20
-112.0719000000086
 10
-40.81819999999141
 20
-104.0719000000086
 10
-38.81819999999141
 20
-104.0719000000086
 10
-38.81819999999141
 20
-112.0719000000086
  0
LWPOLYLINE
  5
4D3
100
AcDbEntity
  8
Acrylic_1_Middle
  6
ByLayer
 62
  256
370
   -1
100
AcDbPolyline
 90
    4
 70
    1
 43
0
 10
-40.81819999999141
 20
-93.0219000000086
 10
-40.81819999999141
 20
-85.0219000000086
 10
-38.81819999999141
 20
-85.0219000000086
 10
-38.81819999999141
 20
-93.0219000000086
  0
LWPOLYLINE
  5
4D4
100
AcDbEntity
  8
Acrylic_1_Middle
  6
ByLayer
 62
  256
370
   -1
100
AcDbPolyline
 90
    4
 70
    1
 43
0
 10
-40.81819999999141
 20
-73.97190000000859
 10
-40.81819999999141
 20
-65.97190000000859
 10
-38.81819999999141
 20
-65.97190000000859
 10
-38.81819999999141
 20
-73.97190000000859
  0
LWPOLYLINE
  5
4D5
100
AcDbEntity
  8
Acrylic_1_Middle
  6
ByLayer
 62
  256
370
   -1
100
AcDbPolyline
 90
    4
 70
    1
 43
0
 10
-40.81819999999141
 20
-54.92190000000858
 10
-40.81819999999141
 20
-46.92190000000858
 10
-38.81819999999141
 20
-46.92190000000858
 10
-38.81819999999141
 20
-54.92190000000858
  0
LWPOLYLINE
  5
4D6
100
AcDbEntity
  8
Acrylic_1_Middle
  6
ByLayer
 62
  256
370
   -1
100
AcDbPolyline
 90
    4
 70
    1
 43
0
 10
-40.81819999999141
 20
-35.87190000000857
 10
-40.81819999999141
 20
-27.87190000000857
 10
-38.81819999999141
 20
-27.87190000000857
 10
-38.81819999999141
 20
-35.87190000000857
  0
LWPOLYLINE
  5
4D7
100
AcDbEntity
  8
Acrylic_1_Middle
  6
ByLayer
 62
  256
370
   -1
100
AcDbPolyline
 90
    4
 70
    1
 43
0
 10
-40.81819999999141
 20
-16.82190000000855
 10
-40.81819999999141
 20
-8.821900000008611
 10
-38.81819999999141
 20
-8.821900000008611
 10
-38.81819999999141
 20
-16.82190000000855
  0
LWPOLYLINE
  5
4D8
100
AcDbEntity
  8
Acrylic_1_Middle
  6
ByLayer
 62
  256
370
   -1
100
AcDbPolyline
 90
    4
 70
    1
 43
0
 10
-40.81819999999141
 20
2.228099999991514
 10
-40.81819999999141
 20
10.22809999999151
 10
-38.81819999999141
 20
10.22809999999151
 10
-38.81819999999141
 20
2.228099999991514
  0
LWPOLYLINE
  5
4D9
100
AcDbEntity
  8
Acrylic_1_Middle
  6
ByLayer
 62
  256
370
   -1
100
AcDbPolyline
 90
    4
 70
    1
 43
0
 10
-96.6981999999914
 20
-131.0875000000087
 10
-96.6981999999914
 20
-123.0875000000087
 10
-94.6981999999914
 20
-123.0875000000087
 10
-94.6981999999914
 20
-131.0875000000087
  0
LWPOLYLINE
  5
4DA
100
AcDbEntity
  8
Acrylic_1_Middle
  6
ByLayer
 62
  256
370
   -1
100
AcDbPolyline
 90
    4
 70
    1
 43
0
 10
-96.6981999999914
 20
-112.0375000000087
 10
-96.6981999999914
 20
-104.0375000000087
 10
-94.6981999999914
 20
-104.0375000000087
 10
-94.6981999999914
 20
-112.0375000000087
  0
LWPOLYLINE
  5
4DB
100
AcDbEntity
  8
Acrylic_1_Middle
  6
ByLayer
 62
  256
370
   -1
100
AcDbPolyline
 90
    4
 70
    1
 43
0
 10
-96.6981999999914
 20
-92.98750000000865
 10
-96.6981999999914
 20
-84.98750000000865
 10
-94.6981999999914
 20
-84.98750000000865
 10
-94.6981999999914
 20
-92.98750000000865
  0
LWPOLYLINE
  5
4DC
100
AcDbEntity
  8
Acrylic_1_Middle
  6
ByLayer
 62
  256
370
   -1
100
AcDbPolyline
 90
    4
 70
    1
 43
0
 10
-96.6981999999914
 20
-73.93750000000864
 10
-96.6981999999914
 20
-65.93750000000864
 10
-94.6981999999914
 20
-65.93750000000864
 10
-94.6981999999914
 20
-73.93750000000864
  0
LWPOLYLINE
  5
4DD
100
AcDbEntity
  8
Acrylic_1_Middle
  6
ByLayer
 62
  256
370
   -1
100
AcDbPolyline
 90
    4
 70
    1
 43
0
 10
-96.6981999999914
 20
-54.88750000000863
 10
-96.6981999999914
 20
-46.88750000000863
 10
-94.6981999999914
 20
-46.88750000000863
 10
-94.6981999999914
 20
-54.88750000000863
  0
LWPOLYLINE
  5
4DE
100
AcDbEntity
  8
Acrylic_1_Middle
  6
ByLayer
 62
  256
370
   -1
100
AcDbPolyline
 90
    4
 70
    1
 43
0
 10
-96.6981999999914
 20
-35.83750000000862
 10
-96.6981999999914
 20
-27.83750000000862
 10
-94.6981999999914
 20
-27.83750000000862
 10
-94.6981999999914
 20
-35.83750000000862
  0
LWPOLYLINE
  5
4DF
100
AcDbEntity
  8
Acrylic_1_Middle
  6
ByLayer
 62
  256
370
   -1
100
AcDbPolyline
 90
    4
 70
    1
 43
0
 10
-96.6981999999914
 20
-16.78750000000861
 10
-96.6981999999914
 20
-8.787500000008606
 10
-94.6981999999914
 20
-8.787500000008606
 10
-94.6981999999914
 20
-16.78750000000861
  0
LWPOLYLINE
  5
4E0
100
AcDbEntity
  8
Acrylic_1_Middle
  6
ByLayer
 62
  256
370
   -1
100
AcDbPolyline
 90
    4
 70
    1
 43
0
 10
-96.6981999999914
 20
2.262499999991405
 10
-96.6981999999914
 20
10.26249999999141
 10
-94.6981999999914
 20
10.26249999999141
 10
-94.6981999999914
 20
2.262499999991405
  0
LWPOLYLINE
  5
4E1
100
AcDbEntity
  8
Acrylic_1_Middle
  6
ByLayer
 62
  256
370
   -1
100
AcDbPolyline
 90
    4
 70
    1
 43
0
 10
-145
 20
70
 10
175
 20
70
 10
175
 20
-250
 10
-145
 20
-250
  0
LWPOLYLINE
  5
4E2
100
AcDbEntity
  8
Acrylic_1_Middle
  6
ByLayer
 62
  256
370
   -1
100
AcDbPolyline
 90
    4
 70
    1
 43
0
 10
-100
 20
50
 10
-70
 20
50
 10
-70
 20
55
 10
-100
 20
55
  0
LWPOLYLINE
  5
4E3
100
AcDbEntity
  8
Acrylic_1_Middle
  6
ByLayer
 62
  256
370
   -1
100
AcDbPolyline
 90
    4
 70
    1
 43
0
 10
-30
 20
50
 10
0
 20
50
 10
0
 20
55
 10
-30
 20
55
  0
LWPOLYLINE
  5
4E4
100
AcDbEntity
  8
Acrylic_1_Middle
  6
ByLayer
 62
  256
370
   -1
100
AcDbPolyline
 90
    4
 70
    1
 43
0
 10
30
 20
50
 10
60
 20
50
 10
60
 20
55
 10
30
 20
55
  0
LWPOLYLINE
  5
4E5
100
AcDbEntity
  8
Acrylic_1_Middle
  6
ByLayer
 62
  256
370
   -1
100
AcDbPolyline
 90
    4
 70
    1
 43
0
 10
100
 20
50
 10
130
 20
50
 10
130
 20
55
 10
100
 20
55
  0
CIRCLE
  5
4E6
100
AcDbEntity
  8
Acrylic_1_Middle
  6
ByLayer
 62
  256
370
   -1
100
AcDbCircle
 10
-120
 20
-85
 40
1.5
  0
LWPOLYLINE
  5
4E7
100
AcDbEntity
  8
Acrylic_1_Middle
  6
ByLayer
 62
  256
370
   -1
100
AcDbPolyline
 90
    4
 70
    1
 43
0
 10
-130
 20
20
 10
-125
 20
20
 10
-125
 20
-10
 10
-130
 20
-10
  0
LWPOLYLINE
  5
4E8
100
AcDbEntity
  8
Acrylic_1_Middle
  6
ByLayer
 62
  256
370
   -1
100
AcDbPolyline
 90
    4
 70
    1
 43
0
 10
-130
 20
-40
 10
-125
 20
-40
 10
-125
 20
-70
 10
-130
 20
-70
  0
LWPOLYLINE
  5
4E9
100
AcDbEntity
  8
Acrylic_1_Middle
  6
ByLayer
 62
  256
370
   -1
100
AcDbPolyline
 90
    4
 70
    1
 43
0
 10
-130
 20
-100
 10
-125
 20
-100
 10
-125
 20
-130
 10
-130
 20
-130
  0
LWPOLYLINE
  5
4EA
100
AcDbEntity
  8
Acrylic_1_Middle
  6
ByLayer
 62
  256
370
   -1
100
AcDbPolyline
 90
    4
 70
    1
 43
0
 10
-130
 20
-160
 10
-125
 20
-160
 10
-125
 20
-190
 10
-130
 20
-190
  0
CIRCLE
  5
4EB
100
AcDbEntity
  8
Acrylic_1_Middle
  6
ByLayer
 62
  256
370
   -1
100
AcDbCircle
 10
-120
 20
45
 40
1.5
  0
CIRCLE
  5
4EC
100
AcDbEntity
  8
Acrylic_1_Middle
  6
ByLayer
 62
  256
370
   -1
100
AcDbCircle
 10
150
 20
-85
 40
1.5
  0
LWPOLYLINE
  5
4ED
100
AcDbEntity
  8
Acrylic_1_Middle
  6
ByLayer
 62
  256
370
   -1
100
AcDbPolyline
 90
    4
 70
    1
 43
0
 10
155
 20
20
 10
160
 20
20
 10
160
 20
-10
 10
155
 20
-10
  0
LWPOLYLINE
  5
4EE
100
AcDbEntity
  8
Acrylic_1_Middle
  6
ByLayer
 62
  256
370
   -1
100
AcDbPolyline
 90
    4
 70
    1
 43
0
 10
155
 20
-40
 10
160
 20
-40
 10
160
 20
-70
 10
155
 20
-70
  0
LWPOLYLINE
  5
4EF
100
AcDbEntity
  8
Acrylic_1_Middle
  6
ByLayer
 62
  256
370
   -1
100
AcDbPolyline
 90
    4
 70
    1
 43
0
 10
155
 20
-100
 10
160
 20
-100
 10
160
 20
-130
 10
155
 20
-130
  0
LWPOLYLINE
  5
4F0
100
AcDbEntity
  8
Acrylic_1_Middle
  6
ByLayer
 62
  256
370
   -1
100
AcDbPolyline
 90
    4
 70
    1
 43
0
 10
155
 20
-160
 10
160
 20
-160
 10
160
 20
-190
 10
155
 20
-190
  0
CIRCLE
  5
4F1
100
AcDbEntity
  8
Acrylic_1_Middle
  6
ByLayer
 62
  256
370
   -1
100
AcDbCircle
 10
150
 20
45
 40
1.5
  0
CIRCLE
  5
4F2
100
AcDbEntity
  8
Acrylic_1_Middle
  6
ByLayer
 62
  256
370
   -1
100
AcDbCircle
 10
15
 20
-225
 40
1.5
  0
LWPOLYLINE
  5
4F3
100
AcDbEntity
  8
Acrylic_1_Middle
  6
ByLayer
 62
  256
370
   -1
100
AcDbPolyline
 90
    4
 70
    1
 43
0
 10
-100
 20
-235
 10
-70
 20
-235
 10
-70
 20
-230
 10
-100
 20
-230
  0
LWPOLYLINE
  5
4F4
100
AcDbEntity
  8
Acrylic_1_Middle
  6
ByLayer
 62
  256
370
   -1
100
AcDbPolyline
 90
    4
 70
    1
 43
0
 10
-30
 20
-235
 10
0
 20
-235
 10
0
 20
-230
 10
-30
 20
-230
  0
LWPOLYLINE
  5
4F5
100
AcDbEntity
  8
Acrylic_1_Middle
  6
ByLayer
 62
  256
370
   -1
100
AcDbPolyline
 90
    4
 70
    1
 43
0
 10
100
 20
-235
 10
130
 20
-235
 10
130
 20
-230
 10
100
 20
-230
  0
LWPOLYLINE
  5
4F6
100
AcDbEntity
  8
Acrylic_1_Middle
  6
ByLayer
 62
  256
370
   -1
100
AcDbPolyline
 90
    4
 70
    1
 43
0
 10
30
 20
-235
 10
60
 20
-235
 10
60
 20
-230
 10
30
 20
-230
  0
CIRCLE
  5
4F7
100
AcDbEntity
  8
Acrylic_1_Middle
  6
ByLayer
 62
  256
370
   -1
100
AcDbCircle
 10
-120
 20
-225
 40
1.5
  0
CIRCLE
  5
4F8
100
AcDbEntity
  8
Acrylic_1_Middle
  6
ByLayer
 62
  256
370
   -1
100
AcDbCircle
 10
150
 20
-225
 40
1.5
  0
LINE
  5
4F9
100
AcDbEntity
  8
Grids_Top
  6
ByLayer
 62
  256
370
   -1
100
AcDbLine
 10
220
 20
118.1
 11
230
 21
118.1
  0
LINE
  5
4FA
100
AcDbEntity
  8
Grids_Top
  6
ByLayer
 62
  256
370
   -1
100
AcDbLine
 10
210.1
 20
119.3
 11
220.1
 21
119.3
  0
LINE
  5
4FB
100
AcDbEntity
  8
Grids_Top
  6
ByLayer
 62
  256
370
   -1
100
AcDbLine
 10
210.1
 20
116.9
 11
220.1
 21
116.9
  0
LINE
  5
4FC
100
AcDbEntity
  8
Grids_Cut
  6
ByLayer
 62
  256
370
   -1
100
AcDbLine
 10
567
 20
125
 11
567
 21
135
  0
LINE
  5
4FD
100
AcDbEntity
  8
Grids_Cut
  6
ByLayer
 62
  256
370
   -1
100
AcDbLine
 10
398.550000001003
 20
90.00000000090949
 11
398.550000001003
 21
100.0000000009095
  0
LINE
  5
4FE
100
AcDbEntity
  8
Grids_Cut
  6
ByLayer
 62
  256
370
   -1
100
AcDbLine
 10
60
 20
40
 11
60
 21
50
  0
LINE
  5
4FF
100
AcDbEntity
  8
Grids_Cut
  6
ByLayer
 62
  256
370
   -1
100
AcDbLine
 10
155
 20
20
 11
165
 21
20
  0
LINE
  5
500
100
AcDbEntity
  8
Grids_Cut
  6
ByLayer
 62
  256
370
   -1
100
AcDbLine
 10
155
 20
-10
 11
165
 21
-10
  0
LINE
  5
501
100
AcDbEntity
  8
Grids_Cut
  6
ByLayer
 62
  256
370
   -1
100
AcDbLine
 10
150
 20
-40
 11
160
 21
-40
  0
LINE
  5
502
100
AcDbEntity
  8
Grids_Cut
  6
ByLayer
 62
  256
370
   -1
100
AcDbLine
 10
150
 20
-70
 11
160
 21
-70
  0
LINE
  5
503
100
AcDbEntity
  8
Grids_Cut
  6
ByLayer
 62
  256
370
   -1
100
AcDbLine
 10
150
 20
-100
 11
160
 21
-100
  0
LINE
  5
504
100
AcDbEntity
  8
Grids_Cut
  6
ByLayer
 62
  256
370
   -1
100
AcDbLine
 10
150
 20
-130
 11
160
 21
-130
  0
LINE
  5
505
100
AcDbEntity
  8
Grids_Cut
  6
ByLayer
 62
  256
370
   -1
100
AcDbLine
 10
150
 20
-160
 11
160
 21
-160
  0
LINE
  5
506
100
AcDbEntity
  8
Grids_Cut
  6
ByLayer
 62
  256
370
   -1
100
AcDbLine
 10
150
 20
-190
 11
160
 21
-190
  0
LINE
  5
507
100
AcDbEntity
  8
Grids_Cut
  6
ByLayer
 62
  256
370
   -1
100
AcDbLine
 10
-100
 20
40
 11
-100
 21
50
  0
LINE
  5
508
100
AcDbEntity
  8
Grids_Cut
  6
ByLayer
 62
  256
370
   -1
100
AcDbLine
 10
-30
 20
40
 11
-30
 21
50
  0
LINE
  5
509
100
AcDbEntity
  8
Grids_Cut
  6
ByLayer
 62
  256
370
   -1
100
AcDbLine
 10
30
 20
40
 11
30
 21
50
  0
LINE
  5
50A
100
AcDbEntity
  8
Grids_Cut
  6
ByLayer
 62
  256
370
   -1
100
AcDbLine
 10
100
 20
40
 11
100
 21
50
  0
LINE
  5
50B
100
AcDbEntity
  8
Grids_Cut
  6
ByLayer
 62
  256
370
   -1
100
AcDbLine
 10
130
 20
40
 11
130
 21
50
  0
LINE
  5
50C
100
AcDbEntity
  8
Grids_Cut
  6
ByLayer
 62
  256
370
   -1
100
AcDbLine
 10
0
 20
40
 11
6.123233995736766e-16
 21
50
  0
LINE
  5
50D
100
AcDbEntity
  8
Grids_Cut
  6
ByLayer
 62
  256
370
   -1
100
AcDbLine
 10
-70
 20
40
 11
-70
 21
50
  0
LINE
  5
50E
100
AcDbEntity
  8
Grids_Cut
  6
ByLayer
 62
  256
370
   -1
100
AcDbLine
 10
-120
 20
100
 11
-110
 21
100
  0
LINE
  5
50F
100
AcDbEntity
  8
Grids_Cut
  6
ByLayer
 62
  256
370
   -1
100
AcDbLine
 10
-120
 20
95
 11
-110
 21
95
  0
LINE
  5
510
100
AcDbEntity
  8
Grids_Cut
  6
ByLayer
 62
  256
370
   -1
100
AcDbLine
 10
-120
 20
150
 11
-110
 21
150
  0
LINE
  5
511
100
AcDbEntity
  8
Grids_Cut
  6
ByLayer
 62
  256
370
   -1
100
AcDbLine
 10
-120
 20
115
 11
-110
 21
115
  0
LINE
  5
512
100
AcDbEntity
  8
Grids_Cut
  6
ByLayer
 62
  256
370
   -1
100
AcDbLine
 10
210
 20
45
 11
210
 21
55
  0
LINE
  5
513
100
AcDbEntity
  8
Grids_Cut
  6
ByLayer
 62
  256
370
   -1
100
AcDbLine
 10
205
 20
45
 11
205
 21
55
  0
LINE
  5
514
100
AcDbEntity
  8
Grids_Cut
  6
ByLayer
 62
  256
370
   -1
100
AcDbLine
 10
260
 20
45
 11
260
 21
55
  0
LINE
  5
515
100
AcDbEntity
  8
Grids_Cut
  6
ByLayer
 62
  256
370
   -1
100
AcDbLine
 10
225
 20
45
 11
225
 21
55
  0
LINE
  5
516
100
AcDbEntity
  8
Grids_Cut
  6
ByLayer
 62
  256
370
   -1
100
AcDbLine
 10
245
 20
45
 11
245
 21
55
  0
LINE
  5
517
100
AcDbEntity
  8
Grids_Top
  6
ByLayer
 62
  256
370
   -1
100
AcDbLine
 10
-1
 20
1
 11
-0.9999999999999993
 21
11
  0
LINE
  5
518
100
AcDbEntity
  8
Grids_Top
  6
ByLayer
 62
  256
370
   -1
100
AcDbLine
 10
37.1
 20
1
 11
37.1
 21
11
  0
LINE
  5
519
100
AcDbEntity
  8
Grids_Top
  6
ByLayer
 62
  256
370
   -1
100
AcDbLine
 10
75.2
 20
1
 11
75.2
 21
11
  0
LINE
  5
51A
100
AcDbEntity
  8
Grids_Top
  6
ByLayer
 62
  256
370
   -1
100
AcDbLine
 10
113.3
 20
1
 11
113.3
 21
11
  0
LINE
  5
51B
100
AcDbEntity
  8
Grids_Top
  6
ByLayer
 62
  256
370
   -1
100
AcDbLine
 10
-1
 20
1
 11
9
 21
1
  0
LINE
  5
51C
100
AcDbEntity
  8
Grids_Top
  6
ByLayer
 62
  256
370
   -1
100
AcDbLine
 10
-1
 20
-37.1
 11
9
 21
-37.1
  0
LINE
  5
51D
100
AcDbEntity
  8
Grids_Top
  6
ByLayer
 62
  256
370
   -1
100
AcDbLine
 10
-16.3
 20
1
 11
-16.3
 21
11
  0
LINE
  5
51E
100
AcDbEntity
  8
Grids_Top
  6
ByLayer
 62
  256
370
   -1
100
AcDbLine
 10
-1
 20
-10.10000031250003
 11
9
 21
-10.10000031250003
  0
LINE
  5
51F
100
AcDbEntity
  8
Grids_Top
  6
ByLayer
 62
  256
370
   -1
100
AcDbLine
 10
-1
 20
-13.3
 11
9
 21
-13.3
  0
LINE
  5
520
100
AcDbEntity
  8
Grids_Top
  6
ByLayer
 62
  256
370
   -1
100
AcDbLine
 10
-1
 20
-11.70000031250003
 11
9
 21
-11.70000031250003
  0
LINE
  5
521
100
AcDbEntity
  8
Grids_Top
  6
ByLayer
 62
  256
370
   -1
100
AcDbLine
 10
-0.9979999999912099
 20
-48.20000031249992
 11
9.00200000000879
 21
-48.20000031249992
  0
LINE
  5
522
100
AcDbEntity
  8
Grids_Top
  6
ByLayer
 62
  256
370
   -1
100
AcDbLine
 10
-0.9979999999912101
 20
-51.39999999999989
 11
9.00200000000879
 21
-51.39999999999989
  0
LINE
  5
523
100
AcDbEntity
  8
Grids_Top
  6
ByLayer
 62
  256
370
   -1
100
AcDbLine
 10
-0.9979999999912099
 20
-49.80000031249992
 11
9.00200000000879
 21
-49.80000031249992
  0
LINE
  5
524
100
AcDbEntity
  8
Grids_Top
  6
ByLayer
 62
  256
370
   -1
100
AcDbLine
 10
-6.081000000000019
 20
-10.09999985428266
 11
-6.081000000000018
 21
-0.099999854282663
  0
LINE
  5
525
100
AcDbEntity
  8
Grids_Top
  6
ByLayer
 62
  256
370
   -1
100
AcDbLine
 10
4.079000000000008
 20
-10.09999991865512
 11
4.079000000000009
 21
-0.09999991865512392
  0
LINE
  5
526
100
AcDbEntity
  8
Grids_Top
  6
ByLayer
 62
  256
370
   -1
100
AcDbLine
 10
-20
 20
1
 11
-20
 21
11
  0
LINE
  5
527
100
AcDbEntity
  8
Grids_Top
  6
ByLayer
 62
  256
370
   -1
100
AcDbLine
 10
132.3
 20
1
 11
132.3
 21
11
  0
LINE
  5
528
100
AcDbEntity
  8
Grids_Top
  6
ByLayer
 62
  256
370
   -1
100
AcDbLine
 10
-1
 20
1
 11
-1
 21
11
  0
LINE
  5
529
100
AcDbEntity
  8
Grids_Top
  6
ByLayer
 62
  256
370
   -1
100
AcDbLine
 10
-1
 20
20
 11
9
 21
20
  0
LINE
  5
52A
100
AcDbEntity
  8
Grids_Top
  6
ByLayer
 62
  256
370
   -1
100
AcDbLine
 10
-1
 20
-56.1
 11
9
 21
-56.1
  0
LWPOLYLINE
  5
52B
100
AcDbEntity
  8
Board
  6
ByLayer
 62
  256
370
   -1
100
AcDbPolyline
 90
    4
 70
    1
 43
0
 10
-20
 20
20
 10
132.3
 20
20
 10
132.3
 20
-56.1
 10
-20
 20
-56.1
  0
LINE
  5
52C
100
AcDbEntity
  8
Grids_Top
  6
ByLayer
 62
  256
370
   -1
100
AcDbLine
 10
-1
 20
-75.2
 11
9
 21
-75.2
  0
LINE
  5
52D
100
AcDbEntity
  8
Grids_Top
  6
ByLayer
 62
  256
370
   -1
100
AcDbLine
 10
-1
 20
-117
 11
9
 21
-117
  0
DIMENSION
  5
52E
100
AcDbEntity
  8
TopMeasurement
  6
ByLayer
 62
  256
370
   -1
100
AcDbDimension
  2
*D8
 10
-25
 20
-208.5425132115292
 30
0
 11
-26.875
 21
-179.2848882115291
 31
0
 70
   33
 71
    5
 72
    0
  3
Standard
 53
0
210
0
220
0
230
1
100
AcDbAlignedDimension
 13
-20
 23
-150.0272632115289
 33
0
 14
-20
 24
-208.5425132115292
 34
0
  0
LINE
  5
52F
100
AcDbEntity
  8
Grids_Top
  6
ByLayer
 62
  256
370
   -1
100
AcDbLine
 10
-20
 20
-179
 11
-10
 21
-179
  0
DIMENSION
  5
530
100
AcDbEntity
  8
TopMeasurement
  6
ByLayer
 62
  256
370
   -1
100
AcDbDimension
  2
*D9
 10
-130
 20
-204
 30
0
 11
-131.875
 21
-179
 31
0
 70
   33
 71
    5
 72
    0
  3
Standard
 53
0
210
0
220
0
230
1
100
AcDbAlignedDimension
 13
-126
 23
-154
 33
0
 14
-126
 24
-204
 34
0
  0
DIMENSION
  5
531
100
AcDbEntity
  8
TopMeasurement
  6
ByLayer
 62
  256
370
   -1
100
AcDbDimension
  2
*D10
 10
-136.4330807751206
 20
-178.9577753728389
 30
0
 11
-138.256974906908
 21
-166.4501119057761
 31
0
 70
   33
 71
    5
 72
    0
  3
Standard
 53
0
210
0
220
0
230
1
100
AcDbAlignedDimension
 13
-126
 23
-154
 33
0
 14
-126.1021804143064
 24
-179
 34
0
  0
LWPOLYLINE
  5
532
100
AcDbEntity
  8
Board
  6
ByLayer
 62
  256
370
   -1
100
AcDbPolyline
 90
    4
 70
    1
 43
0
 10
-20.00000000000001
 20
-59.8795789022405
 10
132.3
 20
-59.8795789022405
 10
132.3
 20
-135.9795789022405
 10
-20.00000000000001
 20
-135.9795789022405
  0
LINE
  5
533
100
AcDbEntity
  8
Grid_Holes
  6
ByLayer
 62
  256
370
   -1
100
AcDbLine
 10
-16.3
 20
16.3
 11
-16.3
 21
26.3
  0
LINE
  5
534
100
AcDbEntity
  8
Grid_Holes
  6
ByLayer
 62
  256
370
   -1
100
AcDbLine
 10
52.28
 20
16.3
 11
52.28
 21
26.3
  0
LINE
  5
535
100
AcDbEntity
  8
Grid_Holes
  6
ByLayer
 62
  256
370
   -1
100
AcDbLine
 10
90.38
 20
16.3
 11
90.38
 21
26.3
  0
LINE
  5
536
100
AcDbEntity
  8
Grid_Holes
  6
ByLayer
 62
  256
370
   -1
100
AcDbLine
 10
128.48
 20
16.3
 11
128.48
 21
26.3
  0
LINE
  5
537
100
AcDbEntity
  8
Grid_Holes
  6
ByLayer
 62
  256
370
   -1
100
AcDbLine
 10
21.79999999999998
 20
-52.28000000000001
 11
31.79999999999998
 21
-52.28000000000001
  0
LINE
  5
538
100
AcDbEntity
  8
Grid_Holes
  6
ByLayer
 62
  256
370
   -1
100
AcDbLine
 10
59.89999999999998
 20
-132.1595789022405
 11
69.89999999999998
 21
-132.1595789022405
  0
LINE
  5
539
100
AcDbEntity
  8
Grid_Holes
  6
ByLayer
 62
  256
370
   -1
100
AcDbLine
 10
90.37999999999998
 20
-63.5795789022405
 11
100.38
 21
-63.5795789022405
  0
LINE
  5
53A
100
AcDbEntity
  8
Grid_Holes
  6
ByLayer
 62
  256
370
   -1
100
AcDbLine
 10
97.99999999999999
 20
-52.28000000000001
 11
97.99999999999999
 21
-42.28000000000001
  0
LINE
  5
53B
100
AcDbEntity
  8
Grid_Holes
  6
ByLayer
 62
  256
370
   -1
100
AcDbLine
 10
21.79999999999998
 20
-52.28000000000001
 11
21.79999999999998
 21
-42.28000000000001
  0
LINE
  5
53C
100
AcDbEntity
  8
Grid_Holes
  6
ByLayer
 62
  256
370
   -1
100
AcDbLine
 10
140
 20
35
 11
150
 21
35
  0
LINE
  5
53D
100
AcDbEntity
  8
Grid_Holes
  6
ByLayer
 62
  256
370
   -1
100
AcDbLine
 10
140
 20
35
 11
140
 21
45
  0
LINE
  5
53E
100
AcDbEntity
  8
Grid_Holes
  6
ByLayer
 62
  256
370
   -1
100
AcDbLine
 10
-110
 20
-215
 11
-110
 21
-205
  0
LINE
  5
53F
100
AcDbEntity
  8
Grid_Holes
  6
ByLayer
 62
  256
370
   -1
100
AcDbLine
 10
-110
 20
-215
 11
-100
 21
-215
  0
LINE
  5
540
100
AcDbEntity
  8
Grid_Holes
  6
ByLayer
 62
  256
370
   -1
100
AcDbLine
 10
15
 20
-215
 11
15
 21
-205
  0
LINE
  5
541
100
AcDbEntity
  8
Grid_Holes
  6
ByLayer
 62
  256
370
   -1
100
AcDbLine
 10
140
 20
-214
 11
140
 21
-204
  0
LINE
  5
542
100
AcDbEntity
  8
Grids_Cut
  6
ByLayer
 62
  256
370
   -1
100
AcDbLine
 10
-57.00000000000009
 20
38.99649999865619
 11
-57.00000000000009
 21
48.99649999865619
  0
LINE
  5
543
100
AcDbEntity
  8
Grids_Cut
  6
ByLayer
 62
  256
370
   -1
100
AcDbLine
 10
-47.00000000000011
 20
38.99649999865619
 11
-47.00000000000011
 21
48.99649999865619
  0
LINE
  5
544
100
AcDbEntity
  8
LCD_Grids
  6
ByLayer
 62
  256
370
   -1
100
AcDbLine
 10
-111
 20
-179
 11
-101
 21
-179
  0
LINE
  5
545
100
AcDbEntity
  8
LCD_Grids
  6
ByLayer
 62
  256
370
   -1
100
AcDbLine
 10
-111
 20
-154
 11
-101
 21
-154
  0
LINE
  5
546
100
AcDbEntity
  8
LCD_Grids
  6
ByLayer
 62
  256
370
   -1
100
AcDbLine
 10
-111
 20
-204
 11
-101
 21
-204
  0
LINE
  5
547
100
AcDbEntity
  8
LCD_Grids
  6
ByLayer
 62
  256
370
   -1
100
AcDbLine
 10
-11
 20
-149
 11
-11
 21
-139
  0
LINE
  5
548
100
AcDbEntity
  8
LCD_Grids
  6
ByLayer
 62
  256
370
   -1
100
AcDbLine
 10
-119
 20
-149
 11
-109
 21
-149
  0
LINE
  5
549
100
AcDbEntity
  8
LCD_Grids
  6
ByLayer
 62
  256
370
   -1
100
AcDbLine
 10
-111
 20
-156.5
 11
-101
 21
-156.5
  0
LINE
  5
54A
100
AcDbEntity
  8
LCD_Grids
  6
ByLayer
 62
  256
370
   -1
100
AcDbLine
 10
-111
 20
-201.5
 11
-101
 21
-201.5
  0
LINE
  5
54B
100
AcDbEntity
  8
LCD_Grids
  6
ByLayer
 62
  256
370
   -1
100
AcDbLine
 10
-36.40000000000001
 20
-179
 11
-36.40000000000001
 21
-169
  0
LINE
  5
54C
100
AcDbEntity
  8
LCD_Grids
  6
ByLayer
 62
  256
370
   -1
100
AcDbLine
 10
-105.6
 20
-179
 11
-105.6
 21
-169
  0
LINE
  5
54D
100
AcDbEntity
  8
LCD_Grids
  6
ByLayer
 62
  256
370
   -1
100
AcDbLine
 10
-30
 20
-179
 11
-30
 21
-169
  0
LINE
  5
54E
100
AcDbEntity
  8
LCD_Grids
  6
ByLayer
 62
  256
370
   -1
100
AcDbLine
 10
-116
 20
-179
 11
-116
 21
-169
  0
LWPOLYLINE
  5
54F
100
AcDbEntity
  8
LCD Board
  6
ByLayer
 62
  256
370
   -1
100
AcDbPolyline
 90
    4
 70
    1
 43
0
 10
-105.6
 20
-154
 10
-36.40000000000001
 20
-154
 10
-36.40000000000001
 20
-204
 10
-105.6
 20
-204
  0
LWPOLYLINE
  5
550
100
AcDbEntity
  8
LCD Board
  6
ByLayer
 62
  256
370
   -1
100
AcDbPolyline
 90
    4
 70
    1
 43
0
 10
-116
 20
-154
 10
-30
 20
-154
 10
-30
 20
-204
 10
-116
 20
-204
  0
LINE
  5
551
100
AcDbEntity
  8
LCD_Grids
  6
ByLayer
 62
  256
370
   -1
100
AcDbLine
 10
-33
 20
-179
 11
-33
 21
-169
  0
LINE
  5
552
100
AcDbEntity
  8
LCD_Grids
  6
ByLayer
 62
  256
370
   -1
100
AcDbLine
 10
-111
 20
-157
 11
-101
 21
-157
  0
CIRCLE
  5
553
100
AcDbEntity
  8
LCD Board
  6
ByLayer
 62
  256
370
   -1
100
AcDbCircle
 10
-33
 20
-157
 40
1.5
  0
LINE
  5
554
100
AcDbEntity
  8
LCD_Grids
  6
ByLayer
 62
  256
370
   -1
100
AcDbLine
 10
-111
 20
-201
 11
-101
 21
-201
  0
LINE
  5
555
100
AcDbEntity
  8
LCD_Grids
  6
ByLayer
 62
  256
370
   -1
100
AcDbLine
 10
-109.08
 20
-179
 11
-109.08
 21
-169
  0
CIRCLE
  5
556
100
AcDbEntity
  8
LCD Board
  6
ByLayer
 62
  256
370
   -1
100
AcDbCircle
 10
-109.08
 20
-201
 40
1.5
  0
CIRCLE
  5
557
100
AcDbEntity
  8
LCD Board
  6
ByLayer
 62
  256
370
   -1
100
AcDbCircle
 10
-109.08
 20
-157
 40
1.5
  0
CIRCLE
  5
558
100
AcDbEntity
  8
LCD Board
  6
ByLayer
 62
  256
370
   -1
100
AcDbCircle
 10
-33
 20
-201
 40
1.5
  0
LWPOLYLINE
  5
559
100
AcDbEntity
  8
LCD Window
  6
ByLayer
 62
  256
370
   -1
100
AcDbPolyline
 90
    4
 70
    1
 43
0
 10
-97
 20
-156.5
 10
-39
 20
-156.5
 10
-39
 20
-201.5
 10
-97
 20
-201.5
  0
LINE
  5
55A
100
AcDbEntity
  8
LCD_Grids
  6
ByLayer
 62
  256
370
   -1
100
AcDbLine
 10
-68
 20
-179
 11
-68
 21
-169
  0
LINE
  5
55B
100
AcDbEntity
  8
LCD_Grids
  6
ByLayer
 62
  256
370
   -1
100
AcDbLine
 10
-39
 20
-179
 11
-39
 21
-169
  0
LINE
  5
55C
100
AcDbEntity
  8
LCD_Grids
  6
ByLayer
 62
  256
370
   -1
100
AcDbLine
 10
-97
 20
-179
 11
-97
 21
-169
  0
DIMENSION
  5
55D
100
AcDbEntity
  8
TopMeasurement
  6
ByLayer
 62
  256
370
   -1
100
AcDbDimension
  2
*D11
 10
-39
 20
-153
 30
0
 11
-36
 21
-151.125
 31
0
 70
   33
 71
    5
 72
    0
  3
Standard
 53
0
210
0
220
0
230
1
100
AcDbAlignedDimension
 13
-33
 23
-157
 33
0
 14
-39
 24
-157
 34
0
  0
DIMENSION
  5
55E
100
AcDbEntity
  8
TopMeasurement
  6
ByLayer
 62
  256
370
   -1
100
AcDbDimension
  2
*D12
 10
-97
 20
-155
 30
0
 11
-103
 21
-153.125
 31
0
 70
   33
 71
    5
 72
    0
  3
Standard
 53
0
210
0
220
0
230
1
100
AcDbAlignedDimension
 13
-109
 23
-157
 33
0
 14
-97
 24
-157
 34
0
  0
DIMENSION
  5
55F
100
AcDbEntity
  8
TopMeasurement
  6
ByLayer
 62
  256
370
   -1
100
AcDbDimension
  2
*D13
 10
-39
 20
-154
 30
0
 11
-68
 21
-152.125
 31
0
 70
   33
 71
    5
 72
    0
  3
Standard
 53
0
210
0
220
0
230
1
100
AcDbAlignedDimension
 13
-97
 23
-156.5
 33
0
 14
-39
 24
-156.5
 34
0
  0
DIMENSION
  5
560
100
AcDbEntity
  8
TopMeasurement
  6
ByLayer
 62
  256
370
   -1
100
AcDbDimension
  2
*D14
 10
-99
 20
-201.5
 30
0
 11
-100.875
 21
-179
 31
0
 70
   33
 71
    5
 72
    0
  3
Standard
 53
0
210
0
220
0
230
1
100
AcDbAlignedDimension
 13
-97
 23
-156.5
 33
0
 14
-97
 24
-201.5
 34
0
  0
LINE
  5
561
100
AcDbEntity
  8
Acrylic_Sides
  6
ByLayer
 62
  256
370
   -1
100
AcDbLine
 10
260
 20
-225
 11
260
 21
-190
  0
LINE
  5
562
100
AcDbEntity
  8
Acrylic_Sides
  6
ByLayer
 62
  256
370
   -1
100
AcDbLine
 10
260
 20
-160
 11
260
 21
-130
  0
LINE
  5
563
100
AcDbEntity
  8
Acrylic_Sides
  6
ByLayer
 62
  256
370
   -1
100
AcDbLine
 10
260
 20
-100
 11
260
 21
-70
  0
LINE
  5
564
100
AcDbEntity
  8
Acrylic_Sides
  6
ByLayer
 62
  256
370
   -1
100
AcDbLine
 10
260
 20
-40
 11
260
 21
-10
  0
LINE
  5
565
100
AcDbEntity
  8
Acrylic_Sides
  6
ByLayer
 62
  256
370
   -1
100
AcDbLine
 10
260
 20
20
 11
260
 21
45
  0
LINE
  5
566
100
AcDbEntity
  8
Grids_Top
  6
ByLayer
 62
  256
370
   -1
100
AcDbLine
 10
-1.000000000000014
 20
-78.8795789022405
 11
8.999999999999986
 21
-78.8795789022405
  0
LWPOLYLINE
  5
567
100
AcDbEntity
  8
Acrylic_0_Top
  6
ByLayer
 62
  256
370
   -1
100
AcDbPolyline
 90
    4
 70
    1
 43
0
 10
-97
 20
-156.5
 10
-39
 20
-156.5
 10
-39
 20
-201.5
 10
-97
 20
-201.5
  0
LWPOLYLINE
  5
568
100
AcDbEntity
  8
Acrylic_0_Top
  6
ByLayer
 62
  256
370
   -1
100
AcDbPolyline
 90
    4
 70
    1
 43
0
 10
-21
 20
-159
 10
133
 20
-159
 10
133
 20
-200
 10
-21
 20
-200
  0
LINE
  5
569
100
AcDbEntity
  8
Acrylic_Sides
  6
ByLayer
 62
  256
370
   -1
100
AcDbLine
 10
260
 20
20
 11
263
 21
20
  0
LINE
  5
56A
100
AcDbEntity
  8
Acrylic_Sides
  6
ByLayer
 62
  256
370
   -1
100
AcDbLine
 10
263
 20
20
 11
263
 21
-10
  0
LINE
  5
56B
100
AcDbEntity
  8
Acrylic_Sides
  6
ByLayer
 62
  256
370
   -1
100
AcDbLine
 10
263
 20
-10
 11
260
 21
-10
  0
LINE
  5
56C
100
AcDbEntity
  8
Acrylic_Sides
  6
ByLayer
 62
  256
370
   -1
100
AcDbLine
 10
260
 20
-40
 11
263
 21
-40
  0
LINE
  5
56D
100
AcDbEntity
  8
Acrylic_Sides
  6
ByLayer
 62
  256
370
   -1
100
AcDbLine
 10
263
 20
-40
 11
263
 21
-70
  0
LINE
  5
56E
100
AcDbEntity
  8
Acrylic_Sides
  6
ByLayer
 62
  256
370
   -1
100
AcDbLine
 10
263
 20
-70
 11
260
 21
-70
  0
LINE
  5
56F
100
AcDbEntity
  8
Acrylic_Sides
  6
ByLayer
 62
  256
370
   -1
100
AcDbLine
 10
260
 20
-100
 11
263
 21
-100
  0
LINE
  5
570
100
AcDbEntity
  8
Acrylic_Sides
  6
ByLayer
 62
  256
370
   -1
100
AcDbLine
 10
263
 20
-100
 11
263
 21
-130
  0
LINE
  5
571
100
AcDbEntity
  8
Acrylic_Sides
  6
ByLayer
 62
  256
370
   -1
100
AcDbLine
 10
263
 20
-130
 11
260
 21
-130
  0
LINE
  5
572
100
AcDbEntity
  8
Acrylic_Sides
  6
ByLayer
 62
  256
370
   -1
100
AcDbLine
 10
260
 20
-160
 11
263
 21
-160
  0
LINE
  5
573
100
AcDbEntity
  8
Acrylic_Sides
  6
ByLayer
 62
  256
370
   -1
100
AcDbLine
 10
263
 20
-160
 11
263
 21
-190
  0
LINE
  5
574
100
AcDbEntity
  8
Acrylic_Sides
  6
ByLayer
 62
  256
370
   -1
100
AcDbLine
 10
263
 20
-190
 11
260
 21
-190
  0
LINE
  5
575
100
AcDbEntity
  8
Acrylic_Sides
  6
ByLayer
 62
  256
370
   -1
100
AcDbLine
 10
350
 20
-225
 11
350
 21
-190
  0
LINE
  5
576
100
AcDbEntity
  8
Acrylic_Sides
  6
ByLayer
 62
  256
370
   -1
100
AcDbLine
 10
350
 20
-160
 11
350
 21
-130
  0
LINE
  5
577
100
AcDbEntity
  8
Acrylic_Sides
  6
ByLayer
 62
  256
370
   -1
100
AcDbLine
 10
350
 20
-100
 11
350
 21
-70
  0
LINE
  5
578
100
AcDbEntity
  8
Acrylic_Sides
  6
ByLayer
 62
  256
370
   -1
100
AcDbLine
 10
350
 20
-40
 11
350
 21
-10
  0
LINE
  5
579
100
AcDbEntity
  8
Acrylic_Sides
  6
ByLayer
 62
  256
370
   -1
100
AcDbLine
 10
350
 20
20
 11
350
 21
45
  0
LINE
  5
57A
100
AcDbEntity
  8
Acrylic_Sides
  6
ByLayer
 62
  256
370
   -1
100
AcDbLine
 10
350
 20
20
 11
353
 21
20
  0
LINE
  5
57B
100
AcDbEntity
  8
Acrylic_Sides
  6
ByLayer
 62
  256
370
   -1
100
AcDbLine
 10
353
 20
20
 11
353
 21
-10
  0
LINE
  5
57C
100
AcDbEntity
  8
Acrylic_Sides
  6
ByLayer
 62
  256
370
   -1
100
AcDbLine
 10
353
 20
-10
 11
350
 21
-10
  0
LINE
  5
57D
100
AcDbEntity
  8
Acrylic_Sides
  6
ByLayer
 62
  256
370
   -1
100
AcDbLine
 10
350
 20
-40
 11
353
 21
-40
  0
LINE
  5
57E
100
AcDbEntity
  8
Acrylic_Sides
  6
ByLayer
 62
  256
370
   -1
100
AcDbLine
 10
353
 20
-40
 11
353
 21
-70
  0
LINE
  5
57F
100
AcDbEntity
  8
Acrylic_Sides
  6
ByLayer
 62
  256
370
   -1
100
AcDbLine
 10
353
 20
-70
 11
350
 21
-70
  0
LINE
  5
580
100
AcDbEntity
  8
Acrylic_Sides
  6
ByLayer
 62
  256
370
   -1
100
AcDbLine
 10
350
 20
-100
 11
353
 21
-100
  0
LINE
  5
581
100
AcDbEntity
  8
Acrylic_Sides
  6
ByLayer
 62
  256
370
   -1
100
AcDbLine
 10
353
 20
-100
 11
353
 21
-130
  0
LINE
  5
582
100
AcDbEntity
  8
Acrylic_Sides
  6
ByLayer
 62
  256
370
   -1
100
AcDbLine
 10
353
 20
-130
 11
350
 21
-130
  0
LINE
  5
583
100
AcDbEntity
  8
Acrylic_Sides
  6
ByLayer
 62
  256
370
   -1
100
AcDbLine
 10
350
 20
-160
 11
353
 21
-160
  0
LINE
  5
584
100
AcDbEntity
  8
Acrylic_Sides
  6
ByLayer
 62
  256
370
   -1
100
AcDbLine
 10
353
 20
-160
 11
353
 21
-190
  0
LINE
  5
585
100
AcDbEntity
  8
Acrylic_Sides
  6
ByLayer
 62
  256
370
   -1
100
AcDbLine
 10
353
 20
-190
 11
350
 21
-190
  0
LINE
  5
586
100
AcDbEntity
  8
Grids_Cut
  6
ByLayer
 62
  256
370
   -1
100
AcDbLine
 10
-120
 20
195
 11
-110
 21
195
  0
LINE
  5
587
100
AcDbEntity
  8
Grids_Cut
  6
ByLayer
 62
  256
370
   -1
100
AcDbLine
 10
-120
 20
190
 11
-110
 21
190
  0
LINE
  5
588
100
AcDbEntity
  8
Grids_Cut
  6
ByLayer
 62
  256
370
   -1
100
AcDbLine
 10
-120
 20
245
 11
-110
 21
245
  0
LINE
  5
589
100
AcDbEntity
  8
Grids_Cut
  6
ByLayer
 62
  256
370
   -1
100
AcDbLine
 10
-120
 20
210
 11
-110
 21
210
  0
LINE
  5
58A
100
AcDbEntity
  8
Grids_Cut
  6
ByLayer
 62
  256
370
   -1
100
AcDbLine
 10
-120
 20
230
 11
-110
 21
230
  0
DIMENSION
  5
58B
100
AcDbEntity
  8
Grids_Cut
  6
ByLayer
 62
  256
370
   -1
100
AcDbDimension
  2
*D15
 10
531.8986752540201
 20
81.99985118807618
 30
0
 11
456.4114857353244
 21
83.88735116172957
 31
0
 70
   33
 71
    5
  3
Standard
 53
0
210
0
220
0
230
1
100
AcDbAlignedDimension
 13
380.9250000001436
 23
90.02499999985646
 33
0
 14
531.9000000012304
 24
90.00000000113687
 34
0
  0
LINE
  5
58C
100
AcDbEntity
  8
Grids_Cut
  6
ByLayer
 62
  256
370
   -1
100
AcDbLine
 10
417.650000001003
 20
90.00000000090949
 11
417.650000001003
 21
100.0000000009095
  0
LINE
  5
58D
100
AcDbEntity
  8
Grids_Cut
  6
ByLayer
 62
  256
370
   -1
100
AcDbLine
 10
436.7500000010031
 20
90.00000000090949
 11
436.7500000010031
 21
100.0000000009095
  0
LINE
  5
58E
100
AcDbEntity
  8
Grids_Cut
  6
ByLayer
 62
  256
370
   -1
100
AcDbLine
 10
455.8500000010031
 20
90.00000000090949
 11
455.8500000010031
 21
100.0000000009095
  0
LINE
  5
58F
100
AcDbEntity
  8
Grids_Cut
  6
ByLayer
 62
  256
370
   -1
100
AcDbLine
 10
474.9500000010031
 20
90.00000000090949
 11
474.9500000010031
 21
100.0000000009095
  0
LINE
  5
590
100
AcDbEntity
  8
Grids_Cut
  6
ByLayer
 62
  256
370
   -1
100
AcDbLine
 10
494.0500000010031
 20
90.00000000090949
 11
494.0500000010031
 21
100.0000000009095
  0
LINE
  5
591
100
AcDbEntity
  8
Grids_Cut
  6
ByLayer
 62
  256
370
   -1
100
AcDbLine
 10
513.1500000010031
 20
90.00000000090949
 11
513.1500000010031
 21
100.0000000009095
  0
LINE
  5
592
100
AcDbEntity
  8
Grids_Cut
  6
ByLayer
 62
  256
370
   -1
100
AcDbLine
 10
400.550000001003
 20
90.00000000090949
 11
400.550000001003
 21
100.0000000009095
  0
LINE
  5
593
100
AcDbEntity
  8
Grids_Cut
  6
ByLayer
 62
  256
370
   -1
100
AcDbLine
 10
419.650000001003
 20
90.00000000090949
 11
419.650000001003
 21
100.0000000009095
  0
LINE
  5
594
100
AcDbEntity
  8
Grids_Cut
  6
ByLayer
 62
  256
370
   -1
100
AcDbLine
 10
438.7500000010031
 20
90.00000000090949
 11
438.7500000010031
 21
100.0000000009095
  0
LINE
  5
595
100
AcDbEntity
  8
Grids_Cut
  6
ByLayer
 62
  256
370
   -1
100
AcDbLine
 10
457.8500000010031
 20
90.00000000090949
 11
457.8500000010031
 21
100.0000000009095
  0
LINE
  5
596
100
AcDbEntity
  8
Grids_Cut
  6
ByLayer
 62
  256
370
   -1
100
AcDbLine
 10
476.9500000010031
 20
90.00000000090949
 11
476.9500000010031
 21
100.0000000009095
  0
LINE
  5
597
100
AcDbEntity
  8
Grids_Cut
  6
ByLayer
 62
  256
370
   -1
100
AcDbLine
 10
496.0500000010031
 20
90.00000000090949
 11
496.0500000010031
 21
100.0000000009095
  0
LINE
  5
598
100
AcDbEntity
  8
Grids_Cut
  6
ByLayer
 62
  256
370
   -1
100
AcDbLine
 10
515.1500000010031
 20
90.00000000090949
 11
515.1500000010031
 21
100.0000000009095
  0
LINE
  5
599
100
AcDbEntity
  8
Grids_Cut
  6
ByLayer
 62
  256
370
   -1
100
AcDbLine
 10
514.3000000001889
 20
109.049999999811
 11
524.3000000001889
 21
109.049999999811
  0
LINE
  5
59A
100
AcDbEntity
  8
Grid_Holes
  6
ByLayer
 62
  256
370
   -1
100
AcDbLine
 10
567
 20
127
 11
567
 21
137
  0
LINE
  5
59B
100
AcDbEntity
  8
Grids_Cut
  6
ByLayer
 62
  256
370
   -1
100
AcDbLine
 10
556
 20
125
 11
556
 21
135
  0
LINE
  5
59C
100
AcDbEntity
  8
Grids_Cut
  6
ByLayer
 62
  256
370
   -1
100
AcDbLine
 10
373
 20
68
 11
373
 21
78
  0
LINE
  5
59D
100
AcDbEntity
  8
Grids_Cut
  6
ByLayer
 62
  256
370
   -1
100
AcDbLine
 10
377.550000001003
 20
90.00000000090949
 11
377.550000001003
 21
100.0000000009095
  0
LINE
  5
59E
100
AcDbEntity
  8
Grids_Cut
  6
ByLayer
 62
  256
370
   -1
100
AcDbLine
 10
535
 20
78
 11
535
 21
88
  0
LINE
  5
59F
100
AcDbEntity
  8
Grids_Cut
  6
ByLayer
 62
  256
370
   -1
100
AcDbLine
 10
529
 20
87
 11
539
 21
87
  0
LINE
  5
5A0
100
AcDbEntity
  8
Grids_Cut
  6
ByLayer
 62
  256
370
   -1
100
AcDbLine
 10
544
 20
80
 11
554
 21
80
  0
DIMENSION
  5
5A1
100
AcDbEntity
  8
TopMeasurement
  6
ByLayer
 62
  256
370
   -1
100
AcDbDimension
  2
*D16
 10
-72.02500069065383
 20
-3.025525626237196
 30
0
 11
-70.1375023101254
 21
6.484510512618755
 31
0
 70
   33
 71
    5
  3
Standard
 53
0
210
0
220
0
230
1
100
AcDbAlignedDimension
 13
-72.39999999999992
 23
15.99999999688524
 33
0
 14
-72.42499999871762
 24
-3.025000002994688
 34
0
  0
DIMENSION
  5
5A2
100
AcDbEntity
  8
TopMeasurement
  6
ByLayer
 62
  256
370
   -1
100
AcDbDimension
  2
*D17
 10
-72.0250663935592
 20
-22.07552553989807
 30
0
 11
-70.13756801306323
 21
-12.56548940027724
 31
0
 70
   33
 71
    5
  3
Standard
 53
0
210
0
220
0
230
1
100
AcDbAlignedDimension
 13
-72.39999999999992
 23
-3.050000001598136
 33
0
 14
-72.42499999865271
 24
-22.07500000299464
 34
0
  0
DIMENSION
  5
5A3
100
AcDbEntity
  8
TopMeasurement
  6
ByLayer
 62
  256
370
   -1
100
AcDbDimension
  2
*D18
 10
-52.02499999995314
 20
-1.550000002961355
 30
0
 11
-50.14999999995314
 21
7.224999998302366
 31
0
 70
   33
 71
    5
  3
Standard
 53
0
210
0
220
0
230
1
100
AcDbAlignedDimension
 13
-53.34999999999991
 23
15.99999999956592
 33
0
 14
-53.34999999999991
 24
-1.550000002961355
 34
0
  0
DIMENSION
  5
5A4
100
AcDbEntity
  8
TopMeasurement
  6
ByLayer
 62
  256
370
   -1
100
AcDbDimension
  2
*D19
 10
-52.02443534138712
 20
-20.62691569746523
 30
0
 11
-50.13693722812292
 21
-11.81707526919499
 31
0
 70
   33
 71
    5
  3
Standard
 53
0
210
0
220
0
230
1
100
AcDbAlignedDimension
 13
-53.3499999999064
 23
-3.000000003088275
 33
0
 14
-53.37499999887473
 24
-20.62500000299465
 34
0
  0
DIMENSION
  5
5A5
100
AcDbEntity
  8
TopMeasurement
  6
ByLayer
 62
  256
370
   -1
100
AcDbDimension
  2
*D20
 10
-52.02499999995314
 20
-39.6500000051614
 30
0
 11
-50.14999999995302
 21
-30.87500000343007
 31
0
 70
   33
 71
    5
  3
Standard
 53
0
210
0
220
0
230
1
100
AcDbAlignedDimension
 13
-53.34999999999991
 23
-22.10000000169887
 33
0
 14
-53.35000000000002
 24
-39.65000000516139
 34
0
  0
DIMENSION
  5
5A6
100
AcDbEntity
  8
TopMeasurement
  6
ByLayer
 62
  256
370
   -1
100
AcDbDimension
  2
*D21
 10
-52.02404251219252
 20
-58.69811386259314
 30
0
 11
-50.16154440983121
 21
-49.90794672371439
 31
0
 70
   33
 71
    5
  3
Standard
 53
0
210
0
220
0
230
1
100
AcDbAlignedDimension
 13
-53.37500000134128
 23
-41.12500000299465
 33
0
 14
-53.34999999999991
 24
-58.70000000421314
 34
0
  0
LINE
  5
5A7
100
AcDbEntity
  8
Grids_Top
  6
ByLayer
 62
  256
370
   -1
100
AcDbLine
 10
-16.30000000000001
 20
-63.5795789022405
 11
-6.300000000000011
 21
-63.5795789022405
  0
CIRCLE
  5
5A8
100
AcDbEntity
  8
PCB_LEDHolesThruHole
  6
ByLayer
 62
  256
370
   -1
100
AcDbCircle
 10
220
 20
118.1
 40
3.5
  0
CIRCLE
  5
5A9
100
AcDbEntity
  8
PCB_LEDHolesThruHole
  6
ByLayer
 62
  256
370
   -1
100
AcDbCircle
 10
204.7
 20
133.4
 40
1.5
  0
CIRCLE
  5
5AA
100
AcDbEntity
  8
PCB_LEDHolesThruHole
  6
ByLayer
 62
  256
370
   -1
100
AcDbCircle
 10
273.28
 20
133.4
 40
1.5
  0
CIRCLE
  5
5AB
100
AcDbEntity
  8
PCB_LEDHolesThruHole
  6
ByLayer
 62
  256
370
   -1
100
AcDbCircle
 10
349.48
 20
133.4
 40
1.5
  0
CIRCLE
  5
5AC
100
AcDbEntity
  8
PCB_LEDHolesThruHole
  6
ByLayer
 62
  256
370
   -1
100
AcDbCircle
 10
204.7
 20
64.81999999999999
 40
1.5
  0
CIRCLE
  5
5AD
100
AcDbEntity
  8
PCB_LEDHolesThruHole
  6
ByLayer
 62
  256
370
   -1
100
AcDbCircle
 10
349.48
 20
64.81999999999999
 40
1.5
  0
LWPOLYLINE
  5
5AE
100
AcDbEntity
  8
PCB_LEDHolesThruHole
  6
ByLayer
 62
  256
370
   -1
100
AcDbPolyline
 90
    4
 70
    1
 43
0
 10
204.3
 20
119.3
 10
210.1
 20
119.3
 10
210.1
 20
116.9
 10
204.3
 20
116.9
  0
LWPOLYLINE
  5
5AF
100
AcDbEntity
  8
PCB_LEDHolesThruHole
  6
ByLayer
 62
  256
370
   -1
100
AcDbPolyline
 90
    4
 70
    1
 43
0
 10
205.0358712207347
 20
113.2005255508816
 10
210.3943725093002
 20
115.4200894585992
 10
211.3128127469764
 20
113.2027785805721
 10
205.9543114584109
 20
110.9832146728545
  0
LWPOLYLINE
  5
5B0
100
AcDbEntity
  8
PCB_LEDHolesThruHole
  6
ByLayer
 62
  256
370
   -1
100
AcDbPolyline
 90
    4
 70
    1
 43
0
 10
230.2530483272049
 20
106.1498953979473
 10
226.151828996323
 20
110.2511147288293
 10
227.8488852711707
 20
111.948171003677
 10
231.9501046020526
 20
107.8469516727951
  0
LWPOLYLINE
  5
5B1
100
AcDbEntity
  8
PCB_LEDHolesThruHole
  6
ByLayer
 62
  256
370
   -1
100
AcDbPolyline
 90
    4
 70
    1
 43
0
 10
235.7
 20
116.9
 10
229.9
 20
116.9
 10
229.9
 20
119.3
 10
235.7
 20
119.3
  0
LWPOLYLINE
  5
5B2
100
AcDbEntity
  8
PCB_LEDHolesThruHole
  6
ByLayer
 62
  256
370
   -1
100
AcDbPolyline
 90
    4
 70
    1
 43
0
 10
234.9641287792653
 20
122.9994744491184
 10
229.6056274906998
 20
120.7799105414008
 10
228.6871872530236
 20
122.9972214194279
 10
234.0456885415891
 20
125.2167853271454
  0
LWPOLYLINE
  5
5B3
100
AcDbEntity
  8
PCB_LEDHolesThruHole
  6
ByLayer
 62
  256
370
   -1
100
AcDbPolyline
 90
    4
 70
    1
 43
0
 10
231.9501046020526
 20
128.3530483272049
 10
227.8488852711707
 20
124.251828996323
 10
226.151828996323
 20
125.9488852711707
 10
230.2530483272049
 20
130.0501046020526
  0
LWPOLYLINE
  5
5B4
100
AcDbEntity
  8
PCB_LEDHolesThruHole
  6
ByLayer
 62
  256
370
   -1
100
AcDbPolyline
 90
    4
 70
    1
 43
0
 10
227.1167853271455
 20
132.1456885415891
 10
224.897221419428
 20
126.7871872530236
 10
222.6799105414009
 20
127.7056274906998
 10
224.8994744491184
 20
133.0641287792653
  0
LWPOLYLINE
  5
5B5
100
AcDbEntity
  8
PCB_LEDHolesThruHole
  6
ByLayer
 62
  256
370
   -1
100
AcDbPolyline
 90
    4
 70
    1
 43
0
 10
221.2
 20
133.8
 10
221.2
 20
128
 10
218.8
 20
128
 10
218.8
 20
133.8
  0
LWPOLYLINE
  5
5B6
100
AcDbEntity
  8
PCB_LEDHolesThruHole
  6
ByLayer
 62
  256
370
   -1
100
AcDbPolyline
 90
    4
 70
    1
 43
0
 10
209.7469516727951
 20
130.0501046020527
 10
213.848171003677
 20
125.9488852711707
 10
212.1511147288293
 20
124.251828996323
 10
208.0498953979474
 20
128.3530483272049
  0
LWPOLYLINE
  5
5B7
100
AcDbEntity
  8
PCB_LEDHolesThruHole
  6
ByLayer
 62
  256
370
   -1
100
AcDbPolyline
 90
    4
 70
    1
 43
0
 10
201
 20
137.1
 10
354
 20
137.1
 10
354
 20
57.09999999999999
 10
201
 20
57.09999999999999
  0
LWPOLYLINE
  5
5B8
100
AcDbEntity
  8
PCB_LEDHolesThruHole
  6
ByLayer
 62
  256
370
   -1
100
AcDbPolyline
 90
    4
 70
    1
 43
0
 10
208.0498953979474
 20
107.8469516727951
 10
212.1511147288293
 20
111.948171003677
 10
213.848171003677
 20
110.2511147288293
 10
209.7469516727951
 20
106.1498953979473
  0
LWPOLYLINE
  5
5B9
100
AcDbEntity
  8
PCB_LEDHolesThruHole
  6
ByLayer
 62
  256
370
   -1
100
AcDbPolyline
 90
    4
 70
    1
 43
0
 10
218.8
 20
102.4
 10
218.8
 20
108.2
 10
221.2
 20
108.2
 10
221.2
 20
102.4
  0
LWPOLYLINE
  5
5BA
100
AcDbEntity
  8
PCB_LEDHolesThruHole
  6
ByLayer
 62
  256
370
   -1
100
AcDbPolyline
 90
    4
 70
    1
 43
0
 10
234.0456885415891
 20
110.9832146728545
 10
228.6871872530236
 20
113.2027785805721
 10
229.6056274906998
 20
115.4200894585992
 10
234.9641287792653
 20
113.2005255508816
  0
LWPOLYLINE
  5
5BB
100
AcDbEntity
  8
PCB_LEDHolesThruHole
  6
ByLayer
 62
  256
370
   -1
100
AcDbPolyline
 90
    4
 70
    1
 43
0
 10
215.1005255508816
 20
133.0641287792653
 10
217.3200894585991
 20
127.7056274906998
 10
215.102778580572
 20
126.7871872530236
 10
212.8832146728545
 20
132.1456885415891
  0
LWPOLYLINE
  5
5BC
100
AcDbEntity
  8
PCB_LEDHolesThruHole
  6
ByLayer
 62
  256
370
   -1
100
AcDbPolyline
 90
    4
 70
    1
 43
0
 10
205.9543114584109
 20
125.2167853271455
 10
211.3128127469764
 20
122.9972214194279
 10
210.3943725093002
 20
120.7799105414008
 10
205.0358712207347
 20
122.9994744491184
  0
CIRCLE
  5
5BD
100
AcDbEntity
  8
PCB_LEDHolesThruHole
  6
ByLayer
 62
  256
370
   -1
100
AcDbCircle
 10
258.1
 20
118.1
 40
3.5
  0
LWPOLYLINE
  5
5BE
100
AcDbEntity
  8
PCB_LEDHolesThruHole
  6
ByLayer
 62
  256
370
   -1
100
AcDbPolyline
 90
    4
 70
    1
 43
0
 10
242.4
 20
119.3
 10
248.2
 20
119.3
 10
248.2
 20
116.9
 10
242.4
 20
116.9
  0
LWPOLYLINE
  5
5BF
100
AcDbEntity
  8
PCB_LEDHolesThruHole
  6
ByLayer
 62
  256
370
   -1
100
AcDbPolyline
 90
    4
 70
    1
 43
0
 10
243.1358712207347
 20
113.2005255508816
 10
248.4943725093001
 20
115.4200894585992
 10
249.4128127469764
 20
113.2027785805721
 10
244.0543114584109
 20
110.9832146728545
  0
LWPOLYLINE
  5
5C0
100
AcDbEntity
  8
PCB_LEDHolesThruHole
  6
ByLayer
 62
  256
370
   -1
100
AcDbPolyline
 90
    4
 70
    1
 43
0
 10
268.3530483272049
 20
106.1498953979473
 10
264.251828996323
 20
110.2511147288293
 10
265.9488852711707
 20
111.948171003677
 10
270.0501046020527
 20
107.8469516727951
  0
LWPOLYLINE
  5
5C1
100
AcDbEntity
  8
PCB_LEDHolesThruHole
  6
ByLayer
 62
  256
370
   -1
100
AcDbPolyline
 90
    4
 70
    1
 43
0
 10
273.8
 20
116.9
 10
268
 20
116.9
 10
268
 20
119.3
 10
273.8
 20
119.3
  0
LWPOLYLINE
  5
5C2
100
AcDbEntity
  8
PCB_LEDHolesThruHole
  6
ByLayer
 62
  256
370
   -1
100
AcDbPolyline
 90
    4
 70
    1
 43
0
 10
273.0641287792653
 20
122.9994744491184
 10
267.7056274906998
 20
120.7799105414008
 10
266.7871872530237
 20
122.9972214194279
 10
272.1456885415891
 20
125.2167853271454
  0
LWPOLYLINE
  5
5C3
100
AcDbEntity
  8
PCB_LEDHolesThruHole
  6
ByLayer
 62
  256
370
   -1
100
AcDbPolyline
 90
    4
 70
    1
 43
0
 10
270.0501046020527
 20
128.3530483272049
 10
265.9488852711707
 20
124.251828996323
 10
264.251828996323
 20
125.9488852711707
 10
268.3530483272049
 20
130.0501046020526
  0
LWPOLYLINE
  5
5C4
100
AcDbEntity
  8
PCB_LEDHolesThruHole
  6
ByLayer
 62
  256
370
   -1
100
AcDbPolyline
 90
    4
 70
    1
 43
0
 10
265.2167853271455
 20
132.1456885415891
 10
262.9972214194279
 20
126.7871872530236
 10
260.7799105414009
 20
127.7056274906998
 10
262.9994744491184
 20
133.0641287792653
  0
LWPOLYLINE
  5
5C5
100
AcDbEntity
  8
PCB_LEDHolesThruHole
  6
ByLayer
 62
  256
370
   -1
100
AcDbPolyline
 90
    4
 70
    1
 43
0
 10
259.3
 20
133.8
 10
259.3
 20
128
 10
256.9
 20
128
 10
256.9
 20
133.8
  0
LWPOLYLINE
  5
5C6
100
AcDbEntity
  8
PCB_LEDHolesThruHole
  6
ByLayer
 62
  256
370
   -1
100
AcDbPolyline
 90
    4
 70
    1
 43
0
 10
247.8469516727951
 20
130.0501046020527
 10
251.948171003677
 20
125.9488852711707
 10
250.2511147288293
 20
124.251828996323
 10
246.1498953979473
 20
128.3530483272049
  0
LWPOLYLINE
  5
5C7
100
AcDbEntity
  8
PCB_LEDHolesThruHole
  6
ByLayer
 62
  256
370
   -1
100
AcDbPolyline
 90
    4
 70
    1
 43
0
 10
246.1498953979473
 20
107.8469516727951
 10
250.2511147288293
 20
111.948171003677
 10
251.948171003677
 20
110.2511147288293
 10
247.8469516727951
 20
106.1498953979473
  0
LWPOLYLINE
  5
5C8
100
AcDbEntity
  8
PCB_LEDHolesThruHole
  6
ByLayer
 62
  256
370
   -1
100
AcDbPolyline
 90
    4
 70
    1
 43
0
 10
272.1456885415891
 20
110.9832146728545
 10
266.7871872530236
 20
113.2027785805721
 10
267.7056274906998
 20
115.4200894585992
 10
273.0641287792653
 20
113.2005255508816
  0
LWPOLYLINE
  5
5C9
100
AcDbEntity
  8
PCB_LEDHolesThruHole
  6
ByLayer
 62
  256
370
   -1
100
AcDbPolyline
 90
    4
 70
    1
 43
0
 10
253.2005255508817
 20
133.0641287792653
 10
255.4200894585992
 20
127.7056274906998
 10
253.202778580572
 20
126.7871872530236
 10
250.9832146728545
 20
132.1456885415891
  0
LWPOLYLINE
  5
5CA
100
AcDbEntity
  8
PCB_LEDHolesThruHole
  6
ByLayer
 62
  256
370
   -1
100
AcDbPolyline
 90
    4
 70
    1
 43
0
 10
244.0543114584109
 20
125.2167853271455
 10
249.4128127469764
 20
122.9972214194279
 10
248.4943725093001
 20
120.7799105414008
 10
243.1358712207347
 20
122.9994744491184
  0
CIRCLE
  5
5CB
100
AcDbEntity
  8
PCB_LEDHolesThruHole
  6
ByLayer
 62
  256
370
   -1
100
AcDbCircle
 10
296.2
 20
118.1
 40
3.5
  0
LWPOLYLINE
  5
5CC
100
AcDbEntity
  8
PCB_LEDHolesThruHole
  6
ByLayer
 62
  256
370
   -1
100
AcDbPolyline
 90
    4
 70
    1
 43
0
 10
280.5
 20
119.3
 10
286.3
 20
119.3
 10
286.3
 20
116.9
 10
280.5
 20
116.9
  0
LWPOLYLINE
  5
5CD
100
AcDbEntity
  8
PCB_LEDHolesThruHole
  6
ByLayer
 62
  256
370
   -1
100
AcDbPolyline
 90
    4
 70
    1
 43
0
 10
281.2358712207347
 20
113.2005255508816
 10
286.5943725093001
 20
115.4200894585992
 10
287.5128127469764
 20
113.2027785805721
 10
282.1543114584109
 20
110.9832146728545
  0
LWPOLYLINE
  5
5CE
100
AcDbEntity
  8
PCB_LEDHolesThruHole
  6
ByLayer
 62
  256
370
   -1
100
AcDbPolyline
 90
    4
 70
    1
 43
0
 10
306.453048327205
 20
106.1498953979473
 10
302.351828996323
 20
110.2511147288293
 10
304.0488852711707
 20
111.948171003677
 10
308.1501046020527
 20
107.8469516727951
  0
LWPOLYLINE
  5
5CF
100
AcDbEntity
  8
PCB_LEDHolesThruHole
  6
ByLayer
 62
  256
370
   -1
100
AcDbPolyline
 90
    4
 70
    1
 43
0
 10
311.9
 20
116.9
 10
306.1
 20
116.9
 10
306.1
 20
119.3
 10
311.9
 20
119.3
  0
LWPOLYLINE
  5
5D0
100
AcDbEntity
  8
PCB_LEDHolesThruHole
  6
ByLayer
 62
  256
370
   -1
100
AcDbPolyline
 90
    4
 70
    1
 43
0
 10
311.1641287792653
 20
122.9994744491184
 10
305.8056274906999
 20
120.7799105414008
 10
304.8871872530236
 20
122.9972214194279
 10
310.2456885415891
 20
125.2167853271454
  0
LWPOLYLINE
  5
5D1
100
AcDbEntity
  8
PCB_LEDHolesThruHole
  6
ByLayer
 62
  256
370
   -1
100
AcDbPolyline
 90
    4
 70
    1
 43
0
 10
308.1501046020527
 20
128.3530483272049
 10
304.0488852711707
 20
124.251828996323
 10
302.351828996323
 20
125.9488852711707
 10
306.453048327205
 20
130.0501046020526
  0
LWPOLYLINE
  5
5D2
100
AcDbEntity
  8
PCB_LEDHolesThruHole
  6
ByLayer
 62
  256
370
   -1
100
AcDbPolyline
 90
    4
 70
    1
 43
0
 10
303.3167853271455
 20
132.1456885415891
 10
301.0972214194279
 20
126.7871872530236
 10
298.8799105414008
 20
127.7056274906998
 10
301.0994744491184
 20
133.0641287792653
  0
LWPOLYLINE
  5
5D3
100
AcDbEntity
  8
PCB_LEDHolesThruHole
  6
ByLayer
 62
  256
370
   -1
100
AcDbPolyline
 90
    4
 70
    1
 43
0
 10
297.4
 20
133.8
 10
297.4
 20
128
 10
295
 20
128
 10
295
 20
133.8
  0
LWPOLYLINE
  5
5D4
100
AcDbEntity
  8
PCB_LEDHolesThruHole
  6
ByLayer
 62
  256
370
   -1
100
AcDbPolyline
 90
    4
 70
    1
 43
0
 10
285.9469516727951
 20
130.0501046020527
 10
290.0481710036771
 20
125.9488852711707
 10
288.3511147288293
 20
124.251828996323
 10
284.2498953979473
 20
128.3530483272049
  0
LWPOLYLINE
  5
5D5
100
AcDbEntity
  8
PCB_LEDHolesThruHole
  6
ByLayer
 62
  256
370
   -1
100
AcDbPolyline
 90
    4
 70
    1
 43
0
 10
284.2498953979473
 20
107.8469516727951
 10
288.3511147288293
 20
111.948171003677
 10
290.0481710036771
 20
110.2511147288293
 10
285.9469516727951
 20
106.1498953979473
  0
LWPOLYLINE
  5
5D6
100
AcDbEntity
  8
PCB_LEDHolesThruHole
  6
ByLayer
 62
  256
370
   -1
100
AcDbPolyline
 90
    4
 70
    1
 43
0
 10
310.2456885415891
 20
110.9832146728545
 10
304.8871872530236
 20
113.2027785805721
 10
305.8056274906999
 20
115.4200894585992
 10
311.1641287792653
 20
113.2005255508816
  0
LWPOLYLINE
  5
5D7
100
AcDbEntity
  8
PCB_LEDHolesThruHole
  6
ByLayer
 62
  256
370
   -1
100
AcDbPolyline
 90
    4
 70
    1
 43
0
 10
291.3005255508816
 20
133.0641287792653
 10
293.5200894585992
 20
127.7056274906998
 10
291.3027785805721
 20
126.7871872530236
 10
289.0832146728545
 20
132.1456885415891
  0
LWPOLYLINE
  5
5D8
100
AcDbEntity
  8
PCB_LEDHolesThruHole
  6
ByLayer
 62
  256
370
   -1
100
AcDbPolyline
 90
    4
 70
    1
 43
0
 10
282.1543114584109
 20
125.2167853271455
 10
287.5128127469764
 20
122.9972214194279
 10
286.5943725093002
 20
120.7799105414008
 10
281.2358712207347
 20
122.9994744491184
  0
CIRCLE
  5
5D9
100
AcDbEntity
  8
PCB_LEDHolesThruHole
  6
ByLayer
 62
  256
370
   -1
100
AcDbCircle
 10
334.3
 20
118.1
 40
3.5
  0
LWPOLYLINE
  5
5DA
100
AcDbEntity
  8
PCB_LEDHolesThruHole
  6
ByLayer
 62
  256
370
   -1
100
AcDbPolyline
 90
    4
 70
    1
 43
0
 10
318.6
 20
119.3
 10
324.4
 20
119.3
 10
324.4
 20
116.9
 10
318.6
 20
116.9
  0
LWPOLYLINE
  5
5DB
100
AcDbEntity
  8
PCB_LEDHolesThruHole
  6
ByLayer
 62
  256
370
   -1
100
AcDbPolyline
 90
    4
 70
    1
 43
0
 10
319.3358712207347
 20
113.2005255508816
 10
324.6943725093001
 20
115.4200894585992
 10
325.6128127469764
 20
113.2027785805721
 10
320.2543114584109
 20
110.9832146728545
  0
LWPOLYLINE
  5
5DC
100
AcDbEntity
  8
PCB_LEDHolesThruHole
  6
ByLayer
 62
  256
370
   -1
100
AcDbPolyline
 90
    4
 70
    1
 43
0
 10
344.5530483272049
 20
106.1498953979473
 10
340.451828996323
 20
110.2511147288293
 10
342.1488852711707
 20
111.948171003677
 10
346.2501046020527
 20
107.8469516727951
  0
LWPOLYLINE
  5
5DD
100
AcDbEntity
  8
PCB_LEDHolesThruHole
  6
ByLayer
 62
  256
370
   -1
100
AcDbPolyline
 90
    4
 70
    1
 43
0
 10
350
 20
116.9
 10
344.2
 20
116.9
 10
344.2
 20
119.3
 10
350
 20
119.3
  0
LWPOLYLINE
  5
5DE
100
AcDbEntity
  8
PCB_LEDHolesThruHole
  6
ByLayer
 62
  256
370
   -1
100
AcDbPolyline
 90
    4
 70
    1
 43
0
 10
349.2641287792653
 20
122.9994744491184
 10
343.9056274906999
 20
120.7799105414008
 10
342.9871872530236
 20
122.9972214194279
 10
348.3456885415891
 20
125.2167853271454
  0
LWPOLYLINE
  5
5DF
100
AcDbEntity
  8
PCB_LEDHolesThruHole
  6
ByLayer
 62
  256
370
   -1
100
AcDbPolyline
 90
    4
 70
    1
 43
0
 10
346.2501046020527
 20
128.3530483272049
 10
342.1488852711707
 20
124.251828996323
 10
340.451828996323
 20
125.9488852711707
 10
344.5530483272049
 20
130.0501046020526
  0
LWPOLYLINE
  5
5E0
100
AcDbEntity
  8
PCB_LEDHolesThruHole
  6
ByLayer
 62
  256
370
   -1
100
AcDbPolyline
 90
    4
 70
    1
 43
0
 10
341.4167853271455
 20
132.1456885415891
 10
339.1972214194279
 20
126.7871872530236
 10
336.9799105414008
 20
127.7056274906998
 10
339.1994744491184
 20
133.0641287792653
  0
LWPOLYLINE
  5
5E1
100
AcDbEntity
  8
PCB_LEDHolesThruHole
  6
ByLayer
 62
  256
370
   -1
100
AcDbPolyline
 90
    4
 70
    1
 43
0
 10
335.5
 20
133.8
 10
335.5
 20
128
 10
333.1
 20
128
 10
333.1
 20
133.8
  0
LWPOLYLINE
  5
5E2
100
AcDbEntity
  8
PCB_LEDHolesThruHole
  6
ByLayer
 62
  256
370
   -1
100
AcDbPolyline
 90
    4
 70
    1
 43
0
 10
324.0469516727951
 20
130.0501046020527
 10
328.148171003677
 20
125.9488852711707
 10
326.4511147288293
 20
124.251828996323
 10
322.3498953979473
 20
128.3530483272049
  0
LWPOLYLINE
  5
5E3
100
AcDbEntity
  8
PCB_LEDHolesThruHole
  6
ByLayer
 62
  256
370
   -1
100
AcDbPolyline
 90
    4
 70
    1
 43
0
 10
322.3498953979473
 20
107.8469516727951
 10
326.4511147288293
 20
111.948171003677
 10
328.148171003677
 20
110.2511147288293
 10
324.0469516727951
 20
106.1498953979473
  0
LWPOLYLINE
  5
5E4
100
AcDbEntity
  8
PCB_LEDHolesThruHole
  6
ByLayer
 62
  256
370
   -1
100
AcDbPolyline
 90
    4
 70
    1
 43
0
 10
348.3456885415891
 20
110.9832146728545
 10
342.9871872530236
 20
113.2027785805721
 10
343.9056274906999
 20
115.4200894585992
 10
349.2641287792653
 20
113.2005255508816
  0
LWPOLYLINE
  5
5E5
100
AcDbEntity
  8
PCB_LEDHolesThruHole
  6
ByLayer
 62
  256
370
   -1
100
AcDbPolyline
 90
    4
 70
    1
 43
0
 10
329.4005255508816
 20
133.0641287792653
 10
331.6200894585992
 20
127.7056274906998
 10
329.4027785805721
 20
126.7871872530236
 10
327.1832146728545
 20
132.1456885415891
  0
LWPOLYLINE
  5
5E6
100
AcDbEntity
  8
PCB_LEDHolesThruHole
  6
ByLayer
 62
  256
370
   -1
100
AcDbPolyline
 90
    4
 70
    1
 43
0
 10
320.2543114584109
 20
125.2167853271455
 10
325.6128127469764
 20
122.9972214194279
 10
324.6943725093002
 20
120.7799105414008
 10
319.3358712207347
 20
122.9994744491184
  0
CIRCLE
  5
5E7
100
AcDbEntity
  8
PCB_LEDHolesThruHole
  6
ByLayer
 62
  256
370
   -1
100
AcDbCircle
 10
220
 20
80
 40
3.5
  0
LWPOLYLINE
  5
5E8
100
AcDbEntity
  8
PCB_LEDHolesThruHole
  6
ByLayer
 62
  256
370
   -1
100
AcDbPolyline
 90
    4
 70
    1
 43
0
 10
204.3
 20
81.19999999999999
 10
210.1
 20
81.19999999999999
 10
210.1
 20
78.8
 10
204.3
 20
78.8
  0
LWPOLYLINE
  5
5E9
100
AcDbEntity
  8
PCB_LEDHolesThruHole
  6
ByLayer
 62
  256
370
   -1
100
AcDbPolyline
 90
    4
 70
    1
 43
0
 10
205.0358712207347
 20
75.1005255508816
 10
210.3943725093002
 20
77.3200894585991
 10
211.3128127469764
 20
75.10277858057209
 10
205.9543114584109
 20
72.88321467285449
  0
LWPOLYLINE
  5
5EA
100
AcDbEntity
  8
PCB_LEDHolesThruHole
  6
ByLayer
 62
  256
370
   -1
100
AcDbPolyline
 90
    4
 70
    1
 43
0
 10
230.2530483272049
 20
68.0498953979473
 10
226.151828996323
 20
72.1511147288293
 10
227.8488852711707
 20
73.848171003677
 10
231.9501046020526
 20
69.74695167279509
  0
LWPOLYLINE
  5
5EB
100
AcDbEntity
  8
PCB_LEDHolesThruHole
  6
ByLayer
 62
  256
370
   -1
100
AcDbPolyline
 90
    4
 70
    1
 43
0
 10
235.7
 20
78.8
 10
229.9
 20
78.8
 10
229.9
 20
81.19999999999999
 10
235.7
 20
81.19999999999999
  0
LWPOLYLINE
  5
5EC
100
AcDbEntity
  8
PCB_LEDHolesThruHole
  6
ByLayer
 62
  256
370
   -1
100
AcDbPolyline
 90
    4
 70
    1
 43
0
 10
234.9641287792653
 20
84.8994744491183
 10
229.6056274906998
 20
82.6799105414008
 10
228.6871872530236
 20
84.89722141942789
 10
234.0456885415891
 20
87.11678532714539
  0
LWPOLYLINE
  5
5ED
100
AcDbEntity
  8
PCB_LEDHolesThruHole
  6
ByLayer
 62
  256
370
   -1
100
AcDbPolyline
 90
    4
 70
    1
 43
0
 10
231.9501046020526
 20
90.25304832720489
 10
227.8488852711707
 20
86.15182899632299
 10
226.151828996323
 20
87.8488852711707
 10
230.2530483272049
 20
91.95010460205269
  0
LWPOLYLINE
  5
5EE
100
AcDbEntity
  8
PCB_LEDHolesThruHole
  6
ByLayer
 62
  256
370
   -1
100
AcDbPolyline
 90
    4
 70
    1
 43
0
 10
227.1167853271455
 20
94.0456885415891
 10
224.897221419428
 20
88.68718725302359
 10
222.6799105414009
 20
89.60562749069989
 10
224.8994744491184
 20
94.96412877926529
  0
LWPOLYLINE
  5
5EF
100
AcDbEntity
  8
PCB_LEDHolesThruHole
  6
ByLayer
 62
  256
370
   -1
100
AcDbPolyline
 90
    4
 70
    1
 43
0
 10
221.2
 20
95.69999999999999
 10
221.2
 20
89.89999999999999
 10
218.8
 20
89.89999999999999
 10
218.8
 20
95.69999999999999
  0
LWPOLYLINE
  5
5F0
100
AcDbEntity
  8
PCB_LEDHolesThruHole
  6
ByLayer
 62
  256
370
   -1
100
AcDbPolyline
 90
    4
 70
    1
 43
0
 10
209.7469516727951
 20
91.95010460205269
 10
213.848171003677
 20
87.8488852711707
 10
212.1511147288293
 20
86.15182899632299
 10
208.0498953979474
 20
90.25304832720489
  0
LWPOLYLINE
  5
5F1
100
AcDbEntity
  8
PCB_LEDHolesThruHole
  6
ByLayer
 62
  256
370
   -1
100
AcDbPolyline
 90
    4
 70
    1
 43
0
 10
208.0498953979474
 20
69.74695167279509
 10
212.1511147288293
 20
73.848171003677
 10
213.848171003677
 20
72.1511147288293
 10
209.7469516727951
 20
68.0498953979473
  0
LWPOLYLINE
  5
5F2
100
AcDbEntity
  8
PCB_LEDHolesThruHole
  6
ByLayer
 62
  256
370
   -1
100
AcDbPolyline
 90
    4
 70
    1
 43
0
 10
234.0456885415891
 20
72.88321467285449
 10
228.6871872530236
 20
75.10277858057209
 10
229.6056274906998
 20
77.3200894585991
 10
234.9641287792653
 20
75.1005255508816
  0
LWPOLYLINE
  5
5F3
100
AcDbEntity
  8
PCB_LEDHolesThruHole
  6
ByLayer
 62
  256
370
   -1
100
AcDbPolyline
 90
    4
 70
    1
 43
0
 10
215.1005255508816
 20
94.96412877926529
 10
217.3200894585991
 20
89.60562749069989
 10
215.102778580572
 20
88.68718725302359
 10
212.8832146728545
 20
94.0456885415891
  0
LWPOLYLINE
  5
5F4
100
AcDbEntity
  8
PCB_LEDHolesThruHole
  6
ByLayer
 62
  256
370
   -1
100
AcDbPolyline
 90
    4
 70
    1
 43
0
 10
205.9543114584109
 20
87.11678532714549
 10
211.3128127469764
 20
84.89722141942799
 10
210.3943725093002
 20
82.6799105414008
 10
205.0358712207347
 20
84.8994744491184
  0
CIRCLE
  5
5F5
100
AcDbEntity
  8
PCB_LEDHolesThruHole
  6
ByLayer
 62
  256
370
   -1
100
AcDbCircle
 10
258.1
 20
80
 40
3.5
  0
LWPOLYLINE
  5
5F6
100
AcDbEntity
  8
PCB_LEDHolesThruHole
  6
ByLayer
 62
  256
370
   -1
100
AcDbPolyline
 90
    4
 70
    1
 43
0
 10
242.4
 20
81.19999999999999
 10
248.2
 20
81.19999999999999
 10
248.2
 20
78.8
 10
242.4
 20
78.8
  0
LWPOLYLINE
  5
5F7
100
AcDbEntity
  8
PCB_LEDHolesThruHole
  6
ByLayer
 62
  256
370
   -1
100
AcDbPolyline
 90
    4
 70
    1
 43
0
 10
243.1358712207347
 20
75.1005255508816
 10
248.4943725093001
 20
77.3200894585991
 10
249.4128127469764
 20
75.10277858057209
 10
244.0543114584109
 20
72.88321467285449
  0
LWPOLYLINE
  5
5F8
100
AcDbEntity
  8
PCB_LEDHolesThruHole
  6
ByLayer
 62
  256
370
   -1
100
AcDbPolyline
 90
    4
 70
    1
 43
0
 10
268.3530483272049
 20
68.0498953979473
 10
264.251828996323
 20
72.1511147288293
 10
265.9488852711707
 20
73.848171003677
 10
270.0501046020527
 20
69.74695167279509
  0
LWPOLYLINE
  5
5F9
100
AcDbEntity
  8
PCB_LEDHolesThruHole
  6
ByLayer
 62
  256
370
   -1
100
AcDbPolyline
 90
    4
 70
    1
 43
0
 10
273.8
 20
78.8
 10
268
 20
78.8
 10
268
 20
81.19999999999999
 10
273.8
 20
81.19999999999999
  0
LWPOLYLINE
  5
5FA
100
AcDbEntity
  8
PCB_LEDHolesThruHole
  6
ByLayer
 62
  256
370
   -1
100
AcDbPolyline
 90
    4
 70
    1
 43
0
 10
273.0641287792653
 20
84.8994744491183
 10
267.7056274906998
 20
82.6799105414008
 10
266.7871872530237
 20
84.89722141942789
 10
272.1456885415891
 20
87.11678532714539
  0
LWPOLYLINE
  5
5FB
100
AcDbEntity
  8
PCB_LEDHolesThruHole
  6
ByLayer
 62
  256
370
   -1
100
AcDbPolyline
 90
    4
 70
    1
 43
0
 10
270.0501046020527
 20
90.25304832720489
 10
265.9488852711707
 20
86.15182899632299
 10
264.251828996323
 20
87.8488852711707
 10
268.3530483272049
 20
91.95010460205269
  0
LWPOLYLINE
  5
5FC
100
AcDbEntity
  8
PCB_LEDHolesThruHole
  6
ByLayer
 62
  256
370
   -1
100
AcDbPolyline
 90
    4
 70
    1
 43
0
 10
265.2167853271455
 20
94.0456885415891
 10
262.9972214194279
 20
88.68718725302359
 10
260.7799105414009
 20
89.60562749069989
 10
262.9994744491184
 20
94.96412877926529
  0
LWPOLYLINE
  5
5FD
100
AcDbEntity
  8
PCB_LEDHolesThruHole
  6
ByLayer
 62
  256
370
   -1
100
AcDbPolyline
 90
    4
 70
    1
 43
0
 10
259.3
 20
95.69999999999999
 10
259.3
 20
89.89999999999999
 10
256.9
 20
89.89999999999999
 10
256.9
 20
95.69999999999999
  0
LWPOLYLINE
  5
5FE
100
AcDbEntity
  8
PCB_LEDHolesThruHole
  6
ByLayer
 62
  256
370
   -1
100
AcDbPolyline
 90
    4
 70
    1
 43
0
 10
247.8469516727951
 20
91.95010460205269
 10
251.948171003677
 20
87.8488852711707
 10
250.2511147288293
 20
86.15182899632299
 10
246.1498953979473
 20
90.25304832720489
  0
LWPOLYLINE
  5
5FF
100
AcDbEntity
  8
PCB_LEDHolesThruHole
  6
ByLayer
 62
  256
370
   -1
100
AcDbPolyline
 90
    4
 70
    1
 43
0
 10
246.1498953979473
 20
69.74695167279509
 10
250.2511147288293
 20
73.848171003677
 10
251.948171003677
 20
72.1511147288293
 10
247.8469516727951
 20
68.0498953979473
  0
LWPOLYLINE
  5
600
100
AcDbEntity
  8
PCB_LEDHolesThruHole
  6
ByLayer
 62
  256
370
   -1
100
AcDbPolyline
 90
    4
 70
    1
 43
0
 10
272.1456885415891
 20
72.88321467285449
 10
266.7871872530236
 20
75.10277858057209
 10
267.7056274906998
 20
77.3200894585991
 10
273.0641287792653
 20
75.1005255508816
  0
LWPOLYLINE
  5
601
100
AcDbEntity
  8
PCB_LEDHolesThruHole
  6
ByLayer
 62
  256
370
   -1
100
AcDbPolyline
 90
    4
 70
    1
 43
0
 10
253.2005255508817
 20
94.96412877926529
 10
255.4200894585992
 20
89.60562749069989
 10
253.202778580572
 20
88.68718725302359
 10
250.9832146728545
 20
94.0456885415891
  0
LWPOLYLINE
  5
602
100
AcDbEntity
  8
PCB_LEDHolesThruHole
  6
ByLayer
 62
  256
370
   -1
100
AcDbPolyline
 90
    4
 70
    1
 43
0
 10
244.0543114584109
 20
87.11678532714549
 10
249.4128127469764
 20
84.89722141942799
 10
248.4943725093001
 20
82.6799105414008
 10
243.1358712207347
 20
84.8994744491184
  0
CIRCLE
  5
603
100
AcDbEntity
  8
PCB_LEDHolesThruHole
  6
ByLayer
 62
  256
370
   -1
100
AcDbCircle
 10
296.2
 20
80
 40
3.5
  0
LWPOLYLINE
  5
604
100
AcDbEntity
  8
PCB_LEDHolesThruHole
  6
ByLayer
 62
  256
370
   -1
100
AcDbPolyline
 90
    4
 70
    1
 43
0
 10
280.5
 20
81.19999999999999
 10
286.3
 20
81.19999999999999
 10
286.3
 20
78.8
 10
280.5
 20
78.8
  0
LWPOLYLINE
  5
605
100
AcDbEntity
  8
PCB_LEDHolesThruHole
  6
ByLayer
 62
  256
370
   -1
100
AcDbPolyline
 90
    4
 70
    1
 43
0
 10
281.2358712207347
 20
75.1005255508816
 10
286.5943725093001
 20
77.3200894585991
 10
287.5128127469764
 20
75.10277858057209
 10
282.1543114584109
 20
72.88321467285449
  0
LWPOLYLINE
  5
606
100
AcDbEntity
  8
PCB_LEDHolesThruHole
  6
ByLayer
 62
  256
370
   -1
100
AcDbPolyline
 90
    4
 70
    1
 43
0
 10
306.453048327205
 20
68.0498953979473
 10
302.351828996323
 20
72.1511147288293
 10
304.0488852711707
 20
73.848171003677
 10
308.1501046020527
 20
69.74695167279509
  0
LWPOLYLINE
  5
607
100
AcDbEntity
  8
PCB_LEDHolesThruHole
  6
ByLayer
 62
  256
370
   -1
100
AcDbPolyline
 90
    4
 70
    1
 43
0
 10
311.9
 20
78.8
 10
306.1
 20
78.8
 10
306.1
 20
81.19999999999999
 10
311.9
 20
81.19999999999999
  0
LWPOLYLINE
  5
608
100
AcDbEntity
  8
PCB_LEDHolesThruHole
  6
ByLayer
 62
  256
370
   -1
100
AcDbPolyline
 90
    4
 70
    1
 43
0
 10
311.1641287792653
 20
84.8994744491183
 10
305.8056274906999
 20
82.6799105414008
 10
304.8871872530236
 20
84.89722141942789
 10
310.2456885415891
 20
87.11678532714539
  0
LWPOLYLINE
  5
609
100
AcDbEntity
  8
PCB_LEDHolesThruHole
  6
ByLayer
 62
  256
370
   -1
100
AcDbPolyline
 90
    4
 70
    1
 43
0
 10
308.1501046020527
 20
90.25304832720489
 10
304.0488852711707
 20
86.15182899632299
 10
302.351828996323
 20
87.8488852711707
 10
306.453048327205
 20
91.95010460205269
  0
LWPOLYLINE
  5
60A
100
AcDbEntity
  8
PCB_LEDHolesThruHole
  6
ByLayer
 62
  256
370
   -1
100
AcDbPolyline
 90
    4
 70
    1
 43
0
 10
303.3167853271455
 20
94.0456885415891
 10
301.0972214194279
 20
88.68718725302359
 10
298.8799105414008
 20
89.60562749069989
 10
301.0994744491184
 20
94.96412877926529
  0
LWPOLYLINE
  5
60B
100
AcDbEntity
  8
PCB_LEDHolesThruHole
  6
ByLayer
 62
  256
370
   -1
100
AcDbPolyline
 90
    4
 70
    1
 43
0
 10
297.4
 20
95.69999999999999
 10
297.4
 20
89.89999999999999
 10
295
 20
89.89999999999999
 10
295
 20
95.69999999999999
  0
LWPOLYLINE
  5
60C
100
AcDbEntity
  8
PCB_LEDHolesThruHole
  6
ByLayer
 62
  256
370
   -1
100
AcDbPolyline
 90
    4
 70
    1
 43
0
 10
285.9469516727951
 20
91.95010460205269
 10
290.0481710036771
 20
87.8488852711707
 10
288.3511147288293
 20
86.15182899632299
 10
284.2498953979473
 20
90.25304832720489
  0
LWPOLYLINE
  5
60D
100
AcDbEntity
  8
PCB_LEDHolesThruHole
  6
ByLayer
 62
  256
370
   -1
100
AcDbPolyline
 90
    4
 70
    1
 43
0
 10
284.2498953979473
 20
69.74695167279509
 10
288.3511147288293
 20
73.848171003677
 10
290.0481710036771
 20
72.1511147288293
 10
285.9469516727951
 20
68.0498953979473
  0
LWPOLYLINE
  5
60E
100
AcDbEntity
  8
PCB_LEDHolesThruHole
  6
ByLayer
 62
  256
370
   -1
100
AcDbPolyline
 90
    4
 70
    1
 43
0
 10
310.2456885415891
 20
72.88321467285449
 10
304.8871872530236
 20
75.10277858057209
 10
305.8056274906999
 20
77.3200894585991
 10
311.1641287792653
 20
75.1005255508816
  0
LWPOLYLINE
  5
60F
100
AcDbEntity
  8
PCB_LEDHolesThruHole
  6
ByLayer
 62
  256
370
   -1
100
AcDbPolyline
 90
    4
 70
    1
 43
0
 10
291.3005255508816
 20
94.96412877926529
 10
293.5200894585992
 20
89.60562749069989
 10
291.3027785805721
 20
88.68718725302359
 10
289.0832146728545
 20
94.0456885415891
  0
LWPOLYLINE
  5
610
100
AcDbEntity
  8
PCB_LEDHolesThruHole
  6
ByLayer
 62
  256
370
   -1
100
AcDbPolyline
 90
    4
 70
    1
 43
0
 10
282.1543114584109
 20
87.11678532714549
 10
287.5128127469764
 20
84.89722141942799
 10
286.5943725093002
 20
82.6799105414008
 10
281.2358712207347
 20
84.8994744491184
  0
CIRCLE
  5
611
100
AcDbEntity
  8
PCB_LEDHolesThruHole
  6
ByLayer
 62
  256
370
   -1
100
AcDbCircle
 10
334.3
 20
80
 40
3.5
  0
LWPOLYLINE
  5
612
100
AcDbEntity
  8
PCB_LEDHolesThruHole
  6
ByLayer
 62
  256
370
   -1
100
AcDbPolyline
 90
    4
 70
    1
 43
0
 10
318.6
 20
81.19999999999999
 10
324.4
 20
81.19999999999999
 10
324.4
 20
78.8
 10
318.6
 20
78.8
  0
LWPOLYLINE
  5
613
100
AcDbEntity
  8
PCB_LEDHolesThruHole
  6
ByLayer
 62
  256
370
   -1
100
AcDbPolyline
 90
    4
 70
    1
 43
0
 10
319.3358712207347
 20
75.1005255508816
 10
324.6943725093001
 20
77.3200894585991
 10
325.6128127469764
 20
75.10277858057209
 10
320.2543114584109
 20
72.88321467285449
  0
LWPOLYLINE
  5
614
100
AcDbEntity
  8
PCB_LEDHolesThruHole
  6
ByLayer
 62
  256
370
   -1
100
AcDbPolyline
 90
    4
 70
    1
 43
0
 10
344.5530483272049
 20
68.0498953979473
 10
340.451828996323
 20
72.1511147288293
 10
342.1488852711707
 20
73.848171003677
 10
346.2501046020527
 20
69.74695167279509
  0
LWPOLYLINE
  5
615
100
AcDbEntity
  8
PCB_LEDHolesThruHole
  6
ByLayer
 62
  256
370
   -1
100
AcDbPolyline
 90
    4
 70
    1
 43
0
 10
350
 20
78.8
 10
344.2
 20
78.8
 10
344.2
 20
81.19999999999999
 10
350
 20
81.19999999999999
  0
LWPOLYLINE
  5
616
100
AcDbEntity
  8
PCB_LEDHolesThruHole
  6
ByLayer
 62
  256
370
   -1
100
AcDbPolyline
 90
    4
 70
    1
 43
0
 10
349.2641287792653
 20
84.8994744491183
 10
343.9056274906999
 20
82.6799105414008
 10
342.9871872530236
 20
84.89722141942789
 10
348.3456885415891
 20
87.11678532714539
  0
LWPOLYLINE
  5
617
100
AcDbEntity
  8
PCB_LEDHolesThruHole
  6
ByLayer
 62
  256
370
   -1
100
AcDbPolyline
 90
    4
 70
    1
 43
0
 10
346.2501046020527
 20
90.25304832720489
 10
342.1488852711707
 20
86.15182899632299
 10
340.451828996323
 20
87.8488852711707
 10
344.5530483272049
 20
91.95010460205269
  0
LWPOLYLINE
  5
618
100
AcDbEntity
  8
PCB_LEDHolesThruHole
  6
ByLayer
 62
  256
370
   -1
100
AcDbPolyline
 90
    4
 70
    1
 43
0
 10
341.4167853271455
 20
94.0456885415891
 10
339.1972214194279
 20
88.68718725302359
 10
336.9799105414008
 20
89.60562749069989
 10
339.1994744491184
 20
94.96412877926529
  0
LWPOLYLINE
  5
619
100
AcDbEntity
  8
PCB_LEDHolesThruHole
  6
ByLayer
 62
  256
370
   -1
100
AcDbPolyline
 90
    4
 70
    1
 43
0
 10
335.5
 20
95.69999999999999
 10
335.5
 20
89.89999999999999
 10
333.1
 20
89.89999999999999
 10
333.1
 20
95.69999999999999
  0
LWPOLYLINE
  5
61A
100
AcDbEntity
  8
PCB_LEDHolesThruHole
  6
ByLayer
 62
  256
370
   -1
100
AcDbPolyline
 90
    4
 70
    1
 43
0
 10
324.0469516727951
 20
91.95010460205269
 10
328.148171003677
 20
87.8488852711707
 10
326.4511147288293
 20
86.15182899632299
 10
322.3498953979473
 20
90.25304832720489
  0
LWPOLYLINE
  5
61B
100
AcDbEntity
  8
PCB_LEDHolesThruHole
  6
ByLayer
 62
  256
370
   -1
100
AcDbPolyline
 90
    4
 70
    1
 43
0
 10
322.3498953979473
 20
69.74695167279509
 10
326.4511147288293
 20
73.848171003677
 10
328.148171003677
 20
72.1511147288293
 10
324.0469516727951
 20
68.0498953979473
  0
LWPOLYLINE
  5
61C
100
AcDbEntity
  8
PCB_LEDHolesThruHole
  6
ByLayer
 62
  256
370
   -1
100
AcDbPolyline
 90
    4
 70
    1
 43
0
 10
348.3456885415891
 20
72.88321467285449
 10
342.9871872530236
 20
75.10277858057209
 10
343.9056274906999
 20
77.3200894585991
 10
349.2641287792653
 20
75.1005255508816
  0
LWPOLYLINE
  5
61D
100
AcDbEntity
  8
PCB_LEDHolesThruHole
  6
ByLayer
 62
  256
370
   -1
100
AcDbPolyline
 90
    4
 70
    1
 43
0
 10
329.4005255508816
 20
94.96412877926529
 10
331.6200894585992
 20
89.60562749069989
 10
329.4027785805721
 20
88.68718725302359
 10
327.1832146728545
 20
94.0456885415891
  0
LWPOLYLINE
  5
61E
100
AcDbEntity
  8
PCB_LEDHolesThruHole
  6
ByLayer
 62
  256
370
   -1
100
AcDbPolyline
 90
    4
 70
    1
 43
0
 10
320.2543114584109
 20
87.11678532714549
 10
325.6128127469764
 20
84.89722141942799
 10
324.6943725093002
 20
82.6799105414008
 10
319.3358712207347
 20
84.8994744491184
  0
CIRCLE
  5
61F
100
AcDbEntity
  8
PCB_LEDHolesThruHole
  6
ByLayer
 62
  256
370
   -1
100
AcDbCircle
 10
280.9
 20
64.88099999999989
 40
1.5
  0
CIRCLE
  5
620
100
AcDbEntity
  8
PCB_LEDHolesThruHole
  6
ByLayer
 62
  256
370
   -1
100
AcDbCircle
 10
239.049
 20
133.4
 40
1.6
  0
CIRCLE
  5
621
100
AcDbEntity
  8
PCB_LEDHolesThruHole
  6
ByLayer
 62
  256
370
   -1
100
AcDbCircle
 10
239.049
 20
64.81999999999999
 40
1.6
  0
CIRCLE
  5
622
100
AcDbEntity
  8
PCB_LEDHolesThruHole
  6
ByLayer
 62
  256
370
   -1
100
AcDbCircle
 10
273.3390000000001
 20
64.81999999999999
 40
1.6
  0
CIRCLE
  5
623
100
AcDbEntity
  8
PCB_LEDHolesThruHole
  6
ByLayer
 62
  256
370
   -1
100
AcDbCircle
 10
280.96
 20
133.401
 40
1.6
  0
CIRCLE
  5
624
100
AcDbEntity
  8
PCB_LEDHolesThruHole
  6
ByLayer
 62
  256
370
   -1
100
AcDbCircle
 10
315.2499999999999
 20
133.401
 40
1.6
  0
CIRCLE
  5
625
100
AcDbEntity
  8
PCB_LEDHolesThruHole
  6
ByLayer
 62
  256
370
   -1
100
AcDbCircle
 10
315.2499999999999
 20
64.82099999999988
 40
1.6
  0
LWPOLYLINE
  5
626
100
AcDbEntity
  8
PCB_LEDHolesThruHole
  6
ByLayer
 62
  256
370
   -1
100
AcDbPolyline
 90
    4
 70
    1
 43
0
 10
213.719
 20
102.4
 10
213.719
 20
108.2
 10
216.119
 20
108.2
 10
216.119
 20
102.4
  0
LWPOLYLINE
  5
627
100
AcDbEntity
  8
PCB_LEDHolesThruHole
  6
ByLayer
 62
  256
370
   -1
100
AcDbPolyline
 90
    4
 70
    1
 43
0
 10
223.879
 20
102.4
 10
223.879
 20
108.2
 10
226.279
 20
108.2
 10
226.279
 20
102.4
  0
LWPOLYLINE
  5
628
100
AcDbEntity
  8
PCB_LEDHolesThruHole
  6
ByLayer
 62
  256
370
   -1
100
AcDbPolyline
 90
    4
 70
    1
 43
0
 10
256.9
 20
102.4
 10
256.9
 20
108.2
 10
259.3
 20
108.2
 10
259.3
 20
102.4
  0
LWPOLYLINE
  5
629
100
AcDbEntity
  8
PCB_LEDHolesThruHole
  6
ByLayer
 62
  256
370
   -1
100
AcDbPolyline
 90
    4
 70
    1
 43
0
 10
251.819
 20
102.4
 10
251.819
 20
108.2
 10
254.219
 20
108.2
 10
254.219
 20
102.4
  0
LWPOLYLINE
  5
62A
100
AcDbEntity
  8
PCB_LEDHolesThruHole
  6
ByLayer
 62
  256
370
   -1
100
AcDbPolyline
 90
    4
 70
    1
 43
0
 10
261.979
 20
102.4
 10
261.979
 20
108.2
 10
264.379
 20
108.2
 10
264.379
 20
102.4
  0
LWPOLYLINE
  5
62B
100
AcDbEntity
  8
PCB_LEDHolesThruHole
  6
ByLayer
 62
  256
370
   -1
100
AcDbPolyline
 90
    4
 70
    1
 43
0
 10
295
 20
102.4
 10
295
 20
108.2
 10
297.4
 20
108.2
 10
297.4
 20
102.4
  0
LWPOLYLINE
  5
62C
100
AcDbEntity
  8
PCB_LEDHolesThruHole
  6
ByLayer
 62
  256
370
   -1
100
AcDbPolyline
 90
    4
 70
    1
 43
0
 10
289.919
 20
102.4
 10
289.919
 20
108.2
 10
292.319
 20
108.2
 10
292.319
 20
102.4
  0
LWPOLYLINE
  5
62D
100
AcDbEntity
  8
PCB_LEDHolesThruHole
  6
ByLayer
 62
  256
370
   -1
100
AcDbPolyline
 90
    4
 70
    1
 43
0
 10
300.079
 20
102.4
 10
300.079
 20
108.2
 10
302.479
 20
108.2
 10
302.479
 20
102.4
  0
LWPOLYLINE
  5
62E
100
AcDbEntity
  8
PCB_LEDHolesThruHole
  6
ByLayer
 62
  256
370
   -1
100
AcDbPolyline
 90
    4
 70
    1
 43
0
 10
333.1
 20
102.4
 10
333.1
 20
108.2
 10
335.5
 20
108.2
 10
335.5
 20
102.4
  0
LWPOLYLINE
  5
62F
100
AcDbEntity
  8
PCB_LEDHolesThruHole
  6
ByLayer
 62
  256
370
   -1
100
AcDbPolyline
 90
    4
 70
    1
 43
0
 10
328.019
 20
102.4
 10
328.019
 20
108.2
 10
330.419
 20
108.2
 10
330.419
 20
102.4
  0
LWPOLYLINE
  5
630
100
AcDbEntity
  8
PCB_LEDHolesThruHole
  6
ByLayer
 62
  256
370
   -1
100
AcDbPolyline
 90
    4
 70
    1
 43
0
 10
338.179
 20
102.4
 10
338.179
 20
108.2
 10
340.579
 20
108.2
 10
340.579
 20
102.4
  0
LWPOLYLINE
  5
631
100
AcDbEntity
  8
PCB_LEDHolesThruHole
  6
ByLayer
 62
  256
370
   -1
100
AcDbPolyline
 90
    4
 70
    1
 43
0
 10
218.8
 20
64.29999999999998
 10
218.8
 20
70.09999999999999
 10
221.2
 20
70.09999999999999
 10
221.2
 20
64.29999999999998
  0
LWPOLYLINE
  5
632
100
AcDbEntity
  8
PCB_LEDHolesThruHole
  6
ByLayer
 62
  256
370
   -1
100
AcDbPolyline
 90
    4
 70
    1
 43
0
 10
213.719
 20
64.29999999999998
 10
213.719
 20
70.09999999999999
 10
216.119
 20
70.09999999999999
 10
216.119
 20
64.29999999999998
  0
LWPOLYLINE
  5
633
100
AcDbEntity
  8
PCB_LEDHolesThruHole
  6
ByLayer
 62
  256
370
   -1
100
AcDbPolyline
 90
    4
 70
    1
 43
0
 10
223.879
 20
64.29999999999998
 10
223.879
 20
70.09999999999999
 10
226.279
 20
70.09999999999999
 10
226.279
 20
64.29999999999998
  0
LWPOLYLINE
  5
634
100
AcDbEntity
  8
PCB_LEDHolesThruHole
  6
ByLayer
 62
  256
370
   -1
100
AcDbPolyline
 90
    4
 70
    1
 43
0
 10
256.9
 20
64.29999999999998
 10
256.9
 20
70.09999999999999
 10
259.3
 20
70.09999999999999
 10
259.3
 20
64.29999999999998
  0
LWPOLYLINE
  5
635
100
AcDbEntity
  8
PCB_LEDHolesThruHole
  6
ByLayer
 62
  256
370
   -1
100
AcDbPolyline
 90
    4
 70
    1
 43
0
 10
251.819
 20
64.29999999999998
 10
251.819
 20
70.09999999999999
 10
254.219
 20
70.09999999999999
 10
254.219
 20
64.29999999999998
  0
LWPOLYLINE
  5
636
100
AcDbEntity
  8
PCB_LEDHolesThruHole
  6
ByLayer
 62
  256
370
   -1
100
AcDbPolyline
 90
    4
 70
    1
 43
0
 10
261.979
 20
64.29999999999998
 10
261.979
 20
70.09999999999999
 10
264.379
 20
70.09999999999999
 10
264.379
 20
64.29999999999998
  0
LWPOLYLINE
  5
637
100
AcDbEntity
  8
PCB_LEDHolesThruHole
  6
ByLayer
 62
  256
370
   -1
100
AcDbPolyline
 90
    4
 70
    1
 43
0
 10
295
 20
64.29999999999998
 10
295
 20
70.09999999999999
 10
297.4
 20
70.09999999999999
 10
297.4
 20
64.29999999999998
  0
LWPOLYLINE
  5
638
100
AcDbEntity
  8
PCB_LEDHolesThruHole
  6
ByLayer
 62
  256
370
   -1
100
AcDbPolyline
 90
    4
 70
    1
 43
0
 10
289.919
 20
64.29999999999998
 10
289.919
 20
70.09999999999999
 10
292.319
 20
70.09999999999999
 10
292.319
 20
64.29999999999998
  0
LWPOLYLINE
  5
639
100
AcDbEntity
  8
PCB_LEDHolesThruHole
  6
ByLayer
 62
  256
370
   -1
100
AcDbPolyline
 90
    4
 70
    1
 43
0
 10
300.079
 20
64.29999999999998
 10
300.079
 20
70.09999999999999
 10
302.479
 20
70.09999999999999
 10
302.479
 20
64.29999999999998
  0
LWPOLYLINE
  5
63A
100
AcDbEntity
  8
PCB_LEDHolesThruHole
  6
ByLayer
 62
  256
370
   -1
100
AcDbPolyline
 90
    4
 70
    1
 43
0
 10
333.1
 20
64.29999999999998
 10
333.1
 20
70.09999999999999
 10
335.5
 20
70.09999999999999
 10
335.5
 20
64.29999999999998
  0
LWPOLYLINE
  5
63B
100
AcDbEntity
  8
PCB_LEDHolesThruHole
  6
ByLayer
 62
  256
370
   -1
100
AcDbPolyline
 90
    4
 70
    1
 43
0
 10
328.019
 20
64.29999999999998
 10
328.019
 20
70.09999999999999
 10
330.419
 20
70.09999999999999
 10
330.419
 20
64.29999999999998
  0
LWPOLYLINE
  5
63C
100
AcDbEntity
  8
PCB_LEDHolesThruHole
  6
ByLayer
 62
  256
370
   -1
100
AcDbPolyline
 90
    4
 70
    1
 43
0
 10
338.179
 20
64.29999999999998
 10
338.179
 20
70.09999999999999
 10
340.579
 20
70.09999999999999
 10
340.579
 20
64.29999999999998
  0
LINE
  5
63D
100
AcDbEntity
  8
Grids_Top
  6
ByLayer
 62
  256
370
   -1
100
AcDbLine
 10
220
 20
118.1
 11
220
 21
128.1
  0
CIRCLE
  5
63E
100
AcDbEntity
  8
PCB_LEDHolesThruHole
  6
ByLayer
 62
  256
370
   -1
100
AcDbCircle
 10
-0.9999999999999991
 20
0.9999999999999858
 40
3.5
  0
CIRCLE
  5
63F
100
AcDbEntity
  8
PCB_LEDHolesThruHole
  6
ByLayer
 62
  256
370
   -1
100
AcDbCircle
 10
-16.30000000000001
 20
16.29999999999997
 40
1.5
  0
CIRCLE
  5
640
100
AcDbEntity
  8
PCB_LEDHolesThruHole
  6
ByLayer
 62
  256
370
   -1
100
AcDbCircle
 10
52.27999999999997
 20
16.29999999999997
 40
1.5
  0
CIRCLE
  5
641
100
AcDbEntity
  8
PCB_LEDHolesThruHole
  6
ByLayer
 62
  256
370
   -1
100
AcDbCircle
 10
128.48
 20
16.29999999999997
 40
1.5
  0
CIRCLE
  5
642
100
AcDbEntity
  8
PCB_LEDHolesThruHole
  6
ByLayer
 62
  256
370
   -1
100
AcDbCircle
 10
-16.30000000000001
 20
-52.28000000000002
 40
1.5
  0
CIRCLE
  5
643
100
AcDbEntity
  8
PCB_LEDHolesThruHole
  6
ByLayer
 62
  256
370
   -1
100
AcDbCircle
 10
128.48
 20
-52.28000000000002
 40
1.5
  0
LWPOLYLINE
  5
644
100
AcDbEntity
  8
PCB_LEDHolesThruHole
  6
ByLayer
 62
  256
370
   -1
100
AcDbPolyline
 90
    4
 70
    1
 43
0
 10
-16.69999999999999
 20
2.199999999999989
 10
-10.90000000000001
 20
2.199999999999989
 10
-10.90000000000001
 20
-0.2000000000000171
 10
-16.69999999999999
 20
-0.2000000000000171
  0
LWPOLYLINE
  5
645
100
AcDbEntity
  8
PCB_LEDHolesThruHole
  6
ByLayer
 62
  256
370
   -1
100
AcDbPolyline
 90
    4
 70
    1
 43
0
 10
-15.96412877926531
 20
-3.899474449118387
 10
-10.60562749069985
 20
-1.679910541400858
 10
-9.687187253023637
 20
-3.89722141942795
 10
-15.0456885415891
 20
-6.116785327145465
  0
LWPOLYLINE
  5
646
100
AcDbEntity
  8
PCB_LEDHolesThruHole
  6
ByLayer
 62
  256
370
   -1
100
AcDbPolyline
 90
    4
 70
    1
 43
0
 10
9.253048327204937
 20
-10.95010460205268
 10
5.151828996322963
 20
-6.848885271170701
 10
6.848885271170674
 20
-5.151828996322976
 10
10.95010460205265
 20
-9.253048327204951
  0
LWPOLYLINE
  5
647
100
AcDbEntity
  8
PCB_LEDHolesThruHole
  6
ByLayer
 62
  256
370
   -1
100
AcDbPolyline
 90
    4
 70
    1
 43
0
 10
14.69999999999999
 20
-0.2000000000000171
 10
8.900000000000006
 20
-0.2000000000000171
 10
8.900000000000006
 20
2.199999999999989
 10
14.69999999999999
 20
2.199999999999989
  0
LWPOLYLINE
  5
648
100
AcDbEntity
  8
PCB_LEDHolesThruHole
  6
ByLayer
 62
  256
370
   -1
100
AcDbPolyline
 90
    4
 70
    1
 43
0
 10
13.96412877926531
 20
5.899474449118344
 10
8.605627490699845
 20
3.67991054140083
 10
7.687187253023638
 20
5.897221419427922
 10
13.0456885415891
 20
8.116785327145422
  0
LWPOLYLINE
  5
649
100
AcDbEntity
  8
PCB_LEDHolesThruHole
  6
ByLayer
 62
  256
370
   -1
100
AcDbPolyline
 90
    4
 70
    1
 43
0
 10
10.95010460205265
 20
11.25304832720492
 10
6.848885271170674
 20
7.151828996322948
 10
5.151828996322963
 20
8.848885271170658
 10
9.253048327204937
 20
12.95010460205263
  0
LWPOLYLINE
  5
64A
100
AcDbEntity
  8
PCB_LEDHolesThruHole
  6
ByLayer
 62
  256
370
   -1
100
AcDbPolyline
 90
    4
 70
    1
 43
0
 10
6.116785327145466
 20
15.04568854158909
 10
3.897221419427951
 20
9.687187253023623
 10
1.679910541400859
 20
10.60562749069983
 10
3.899474449118373
 20
15.96412877926529
  0
LWPOLYLINE
  5
64B
100
AcDbEntity
  8
PCB_LEDHolesThruHole
  6
ByLayer
 62
  256
370
   -1
100
AcDbPolyline
 90
    4
 70
    1
 43
0
 10
0.2000000000000179
 20
16.7
 10
0.1999999999999895
 20
10.89999999999999
 10
-2.199999999999988
 20
10.89999999999999
 10
-2.199999999999988
 20
16.7
  0
LWPOLYLINE
  5
64C
100
AcDbEntity
  8
PCB_LEDHolesThruHole
  6
ByLayer
 62
  256
370
   -1
100
AcDbPolyline
 90
    4
 70
    1
 43
0
 10
-11.25304832720494
 20
12.95010460205266
 10
-7.151828996322961
 20
8.848885271170673
 10
-8.848885271170673
 20
7.151828996322948
 10
-12.95010460205265
 20
11.25304832720492
  0
LWPOLYLINE
  5
64D
100
AcDbEntity
  8
PCB_LEDHolesThruHole
  6
ByLayer
 62
  256
370
   -1
100
AcDbPolyline
 90
    4
 70
    1
 43
0
 10
-20
 20
19.99999999999999
 10
133
 20
19.99999999999999
 10
133
 20
-60.00000000000001
 10
-20
 20
-60.00000000000001
  0
LWPOLYLINE
  5
64E
100
AcDbEntity
  8
PCB_LEDHolesThruHole
  6
ByLayer
 62
  256
370
   -1
100
AcDbPolyline
 90
    4
 70
    1
 43
0
 10
-12.95010460205265
 20
-9.253048327204951
 10
-8.848885271170673
 20
-5.151828996322976
 10
-7.151828996322961
 20
-6.848885271170701
 10
-11.25304832720494
 20
-10.95010460205268
  0
LWPOLYLINE
  5
64F
100
AcDbEntity
  8
PCB_LEDHolesThruHole
  6
ByLayer
 62
  256
370
   -1
100
AcDbPolyline
 90
    4
 70
    1
 43
0
 10
-2.200000000000016
 20
-14.70000000000002
 10
-2.200000000000016
 20
-8.90000000000002
 10
0.1999999999999895
 20
-8.90000000000002
 10
0.1999999999999895
 20
-14.70000000000002
  0
LWPOLYLINE
  5
650
100
AcDbEntity
  8
PCB_LEDHolesThruHole
  6
ByLayer
 62
  256
370
   -1
100
AcDbPolyline
 90
    4
 70
    1
 43
0
 10
13.0456885415891
 20
-6.116785327145479
 10
7.687187253023638
 20
-3.89722141942795
 10
8.605627490699845
 20
-1.679910541400858
 10
13.96412877926531
 20
-3.899474449118387
  0
LWPOLYLINE
  5
651
100
AcDbEntity
  8
PCB_LEDHolesThruHole
  6
ByLayer
 62
  256
370
   -1
100
AcDbPolyline
 90
    4
 70
    1
 43
0
 10
-5.899474449118371
 20
15.96412877926529
 10
-3.679910541400857
 20
10.60562749069983
 10
-5.897221419427949
 20
9.687187253023623
 10
-8.116785327145465
 20
15.04568854158909
  0
LWPOLYLINE
  5
652
100
AcDbEntity
  8
PCB_LEDHolesThruHole
  6
ByLayer
 62
  256
370
   -1
100
AcDbPolyline
 90
    4
 70
    1
 43
0
 10
-15.0456885415891
 20
8.11678532714545
 10
-9.687187253023637
 20
5.897221419427936
 10
-10.60562749069985
 20
3.67991054140083
 10
-15.96412877926531
 20
5.899474449118358
  0
CIRCLE
  5
653
100
AcDbEntity
  8
PCB_LEDHolesThruHole
  6
ByLayer
 62
  256
370
   -1
100
AcDbCircle
 10
37.10000000000002
 20
0.9999999999999858
 40
3.5
  0
LWPOLYLINE
  5
654
100
AcDbEntity
  8
PCB_LEDHolesThruHole
  6
ByLayer
 62
  256
370
   -1
100
AcDbPolyline
 90
    4
 70
    1
 43
0
 10
21.40000000000001
 20
2.199999999999989
 10
27.19999999999999
 20
2.199999999999989
 10
27.19999999999999
 20
-0.2000000000000171
 10
21.40000000000001
 20
-0.2000000000000171
  0
LWPOLYLINE
  5
655
100
AcDbEntity
  8
PCB_LEDHolesThruHole
  6
ByLayer
 62
  256
370
   -1
100
AcDbPolyline
 90
    4
 70
    1
 43
0
 10
22.13587122073469
 20
-3.899474449118387
 10
27.49437250930015
 20
-1.679910541400858
 10
28.41281274697636
 20
-3.89722141942795
 10
23.05431145841089
 20
-6.116785327145465
  0
LWPOLYLINE
  5
656
100
AcDbEntity
  8
PCB_LEDHolesThruHole
  6
ByLayer
 62
  256
370
   -1
100
AcDbPolyline
 90
    4
 70
    1
 43
0
 10
47.35304832720493
 20
-10.95010460205268
 10
43.25182899632296
 20
-6.848885271170701
 10
44.9488852711707
 20
-5.151828996322976
 10
49.05010460205267
 20
-9.253048327204951
  0
LWPOLYLINE
  5
657
100
AcDbEntity
  8
PCB_LEDHolesThruHole
  6
ByLayer
 62
  256
370
   -1
100
AcDbPolyline
 90
    4
 70
    1
 43
0
 10
52.80000000000001
 20
-0.2000000000000171
 10
47
 20
-0.2000000000000171
 10
47
 20
2.199999999999989
 10
52.80000000000001
 20
2.199999999999989
  0
LWPOLYLINE
  5
658
100
AcDbEntity
  8
PCB_LEDHolesThruHole
  6
ByLayer
 62
  256
370
   -1
100
AcDbPolyline
 90
    4
 70
    1
 43
0
 10
52.06412877926533
 20
5.899474449118344
 10
46.70562749069984
 20
3.67991054140083
 10
45.78718725302366
 20
5.897221419427922
 10
51.1456885415891
 20
8.116785327145422
  0
LWPOLYLINE
  5
659
100
AcDbEntity
  8
PCB_LEDHolesThruHole
  6
ByLayer
 62
  256
370
   -1
100
AcDbPolyline
 90
    4
 70
    1
 43
0
 10
49.05010460205267
 20
11.25304832720492
 10
44.9488852711707
 20
7.151828996322948
 10
43.25182899632296
 20
8.848885271170658
 10
47.35304832720493
 20
12.95010460205263
  0
LWPOLYLINE
  5
65A
100
AcDbEntity
  8
PCB_LEDHolesThruHole
  6
ByLayer
 62
  256
370
   -1
100
AcDbPolyline
 90
    4
 70
    1
 43
0
 10
44.21678532714549
 20
15.04568854158909
 10
41.99722141942794
 20
9.687187253023623
 10
39.77991054140085
 20
10.60562749069983
 10
41.9994744491184
 20
15.96412877926529
  0
LWPOLYLINE
  5
65B
100
AcDbEntity
  8
PCB_LEDHolesThruHole
  6
ByLayer
 62
  256
370
   -1
100
AcDbPolyline
 90
    4
 70
    1
 43
0
 10
38.30000000000001
 20
16.7
 10
38.30000000000001
 20
10.89999999999999
 10
35.90000000000003
 20
10.89999999999999
 10
35.90000000000003
 20
16.7
  0
LWPOLYLINE
  5
65C
100
AcDbEntity
  8
PCB_LEDHolesThruHole
  6
ByLayer
 62
  256
370
   -1
100
AcDbPolyline
 90
    4
 70
    1
 43
0
 10
26.84695167279506
 20
12.95010460205266
 10
30.94817100367703
 20
8.848885271170673
 10
29.25111472882932
 20
7.151828996322948
 10
25.14989539794735
 20
11.25304832720492
  0
LWPOLYLINE
  5
65D
100
AcDbEntity
  8
PCB_LEDHolesThruHole
  6
ByLayer
 62
  256
370
   -1
100
AcDbPolyline
 90
    4
 70
    1
 43
0
 10
25.14989539794735
 20
-9.253048327204951
 10
29.25111472882932
 20
-5.151828996322976
 10
30.94817100367703
 20
-6.848885271170701
 10
26.84695167279506
 20
-10.95010460205268
  0
LWPOLYLINE
  5
65E
100
AcDbEntity
  8
PCB_LEDHolesThruHole
  6
ByLayer
 62
  256
370
   -1
100
AcDbPolyline
 90
    4
 70
    1
 43
0
 10
51.1456885415891
 20
-6.116785327145479
 10
45.7871872530236
 20
-3.89722141942795
 10
46.70562749069984
 20
-1.679910541400858
 10
52.06412877926533
 20
-3.899474449118387
  0
LWPOLYLINE
  5
65F
100
AcDbEntity
  8
PCB_LEDHolesThruHole
  6
ByLayer
 62
  256
370
   -1
100
AcDbPolyline
 90
    4
 70
    1
 43
0
 10
32.20052555088165
 20
15.96412877926529
 10
34.42008945859916
 20
10.60562749069983
 10
32.20277858057204
 20
9.687187253023623
 10
29.98321467285453
 20
15.04568854158909
  0
LWPOLYLINE
  5
660
100
AcDbEntity
  8
PCB_LEDHolesThruHole
  6
ByLayer
 62
  256
370
   -1
100
AcDbPolyline
 90
    4
 70
    1
 43
0
 10
23.05431145841092
 20
8.11678532714545
 10
28.41281274697639
 20
5.897221419427936
 10
27.49437250930015
 20
3.67991054140083
 10
22.13587122073469
 20
5.899474449118358
  0
CIRCLE
  5
661
100
AcDbEntity
  8
PCB_LEDHolesThruHole
  6
ByLayer
 62
  256
370
   -1
100
AcDbCircle
 10
75.19999999999999
 20
0.9999999999999858
 40
3.5
  0
LWPOLYLINE
  5
662
100
AcDbEntity
  8
PCB_LEDHolesThruHole
  6
ByLayer
 62
  256
370
   -1
100
AcDbPolyline
 90
    4
 70
    1
 43
0
 10
59.5
 20
2.199999999999989
 10
65.30000000000001
 20
2.199999999999989
 10
65.30000000000001
 20
-0.2000000000000171
 10
59.5
 20
-0.2000000000000171
  0
LWPOLYLINE
  5
663
100
AcDbEntity
  8
PCB_LEDHolesThruHole
  6
ByLayer
 62
  256
370
   -1
100
AcDbPolyline
 90
    4
 70
    1
 43
0
 10
60.23587122073468
 20
-3.899474449118387
 10
65.59437250930011
 20
-1.679910541400858
 10
66.51281274697635
 20
-3.89722141942795
 10
61.15431145841092
 20
-6.116785327145465
  0
LWPOLYLINE
  5
664
100
AcDbEntity
  8
PCB_LEDHolesThruHole
  6
ByLayer
 62
  256
370
   -1
100
AcDbPolyline
 90
    4
 70
    1
 43
0
 10
85.45304832720495
 20
-10.95010460205268
 10
81.35182899632298
 20
-6.848885271170701
 10
83.04888527117066
 20
-5.151828996322976
 10
87.15010460205269
 20
-9.253048327204951
  0
LWPOLYLINE
  5
665
100
AcDbEntity
  8
PCB_LEDHolesThruHole
  6
ByLayer
 62
  256
370
   -1
100
AcDbPolyline
 90
    4
 70
    1
 43
0
 10
90.89999999999998
 20
-0.2000000000000171
 10
85.10000000000002
 20
-0.2000000000000171
 10
85.10000000000002
 20
2.199999999999989
 10
90.89999999999998
 20
2.199999999999989
  0
LWPOLYLINE
  5
666
100
AcDbEntity
  8
PCB_LEDHolesThruHole
  6
ByLayer
 62
  256
370
   -1
100
AcDbPolyline
 90
    4
 70
    1
 43
0
 10
90.1641287792653
 20
5.899474449118344
 10
84.80562749069986
 20
3.67991054140083
 10
83.88718725302363
 20
5.897221419427922
 10
89.24568854158912
 20
8.116785327145422
  0
LWPOLYLINE
  5
667
100
AcDbEntity
  8
PCB_LEDHolesThruHole
  6
ByLayer
 62
  256
370
   -1
100
AcDbPolyline
 90
    4
 70
    1
 43
0
 10
87.15010460205269
 20
11.25304832720492
 10
83.04888527117066
 20
7.151828996322948
 10
81.35182899632298
 20
8.848885271170658
 10
85.45304832720495
 20
12.95010460205263
  0
LWPOLYLINE
  5
668
100
AcDbEntity
  8
PCB_LEDHolesThruHole
  6
ByLayer
 62
  256
370
   -1
100
AcDbPolyline
 90
    4
 70
    1
 43
0
 10
82.31678532714545
 20
15.04568854158909
 10
80.09722141942791
 20
9.687187253023623
 10
77.87991054140082
 20
10.60562749069983
 10
80.09947444911836
 20
15.96412877926529
  0
LWPOLYLINE
  5
669
100
AcDbEntity
  8
PCB_LEDHolesThruHole
  6
ByLayer
 62
  256
370
   -1
100
AcDbPolyline
 90
    4
 70
    1
 43
0
 10
76.39999999999998
 20
16.7
 10
76.39999999999998
 20
10.89999999999999
 10
74
 20
10.89999999999999
 10
74
 20
16.7
  0
LWPOLYLINE
  5
66A
100
AcDbEntity
  8
PCB_LEDHolesThruHole
  6
ByLayer
 62
  256
370
   -1
100
AcDbPolyline
 90
    4
 70
    1
 43
0
 10
64.94695167279508
 20
12.95010460205266
 10
69.04817100367706
 20
8.848885271170673
 10
67.35111472882932
 20
7.151828996322948
 10
63.24989539794734
 20
11.25304832720492
  0
LWPOLYLINE
  5
66B
100
AcDbEntity
  8
PCB_LEDHolesThruHole
  6
ByLayer
 62
  256
370
   -1
100
AcDbPolyline
 90
    4
 70
    1
 43
0
 10
63.24989539794734
 20
-9.253048327204951
 10
67.35111472882932
 20
-5.151828996322976
 10
69.04817100367706
 20
-6.848885271170701
 10
64.94695167279508
 20
-10.95010460205268
  0
LWPOLYLINE
  5
66C
100
AcDbEntity
  8
PCB_LEDHolesThruHole
  6
ByLayer
 62
  256
370
   -1
100
AcDbPolyline
 90
    4
 70
    1
 43
0
 10
89.24568854158906
 20
-6.116785327145479
 10
83.88718725302363
 20
-3.89722141942795
 10
84.80562749069986
 20
-1.679910541400858
 10
90.1641287792653
 20
-3.899474449118387
  0
LWPOLYLINE
  5
66D
100
AcDbEntity
  8
PCB_LEDHolesThruHole
  6
ByLayer
 62
  256
370
   -1
100
AcDbPolyline
 90
    4
 70
    1
 43
0
 10
70.30052555088162
 20
15.96412877926529
 10
72.52008945859916
 20
10.60562749069983
 10
70.30277858057207
 20
9.687187253023623
 10
68.08321467285452
 20
15.04568854158909
  0
LWPOLYLINE
  5
66E
100
AcDbEntity
  8
PCB_LEDHolesThruHole
  6
ByLayer
 62
  256
370
   -1
100
AcDbPolyline
 90
    4
 70
    1
 43
0
 10
61.15431145841092
 20
8.11678532714545
 10
66.51281274697635
 20
5.897221419427936
 10
65.59437250930017
 20
3.67991054140083
 10
60.23587122073468
 20
5.899474449118358
  0
CIRCLE
  5
66F
100
AcDbEntity
  8
PCB_LEDHolesThruHole
  6
ByLayer
 62
  256
370
   -1
100
AcDbCircle
 10
113.3
 20
0.9999999999999858
 40
3.5
  0
LWPOLYLINE
  5
670
100
AcDbEntity
  8
PCB_LEDHolesThruHole
  6
ByLayer
 62
  256
370
   -1
100
AcDbPolyline
 90
    4
 70
    1
 43
0
 10
97.60000000000002
 20
2.199999999999989
 10
103.4
 20
2.199999999999989
 10
103.4
 20
-0.2000000000000171
 10
97.60000000000002
 20
-0.2000000000000171
  0
LWPOLYLINE
  5
671
100
AcDbEntity
  8
PCB_LEDHolesThruHole
  6
ByLayer
 62
  256
370
   -1
100
AcDbPolyline
 90
    4
 70
    1
 43
0
 10
98.3358712207347
 20
-3.899474449118387
 10
103.6943725093001
 20
-1.679910541400858
 10
104.6128127469764
 20
-3.89722141942795
 10
99.25431145841088
 20
-6.116785327145465
  0
LWPOLYLINE
  5
672
100
AcDbEntity
  8
PCB_LEDHolesThruHole
  6
ByLayer
 62
  256
370
   -1
100
AcDbPolyline
 90
    4
 70
    1
 43
0
 10
123.5530483272049
 20
-10.95010460205268
 10
119.451828996323
 20
-6.848885271170701
 10
121.1488852711707
 20
-5.151828996322976
 10
125.2501046020527
 20
-9.253048327204951
  0
LWPOLYLINE
  5
673
100
AcDbEntity
  8
PCB_LEDHolesThruHole
  6
ByLayer
 62
  256
370
   -1
100
AcDbPolyline
 90
    4
 70
    1
 43
0
 10
129
 20
-0.2000000000000171
 10
123.2
 20
-0.2000000000000171
 10
123.2
 20
2.199999999999989
 10
129
 20
2.199999999999989
  0
LWPOLYLINE
  5
674
100
AcDbEntity
  8
PCB_LEDHolesThruHole
  6
ByLayer
 62
  256
370
   -1
100
AcDbPolyline
 90
    4
 70
    1
 43
0
 10
128.2641287792653
 20
5.899474449118344
 10
122.9056274906999
 20
3.67991054140083
 10
121.9871872530236
 20
5.897221419427922
 10
127.3456885415891
 20
8.116785327145422
  0
LWPOLYLINE
  5
675
100
AcDbEntity
  8
PCB_LEDHolesThruHole
  6
ByLayer
 62
  256
370
   -1
100
AcDbPolyline
 90
    4
 70
    1
 43
0
 10
125.2501046020527
 20
11.25304832720492
 10
121.1488852711707
 20
7.151828996322948
 10
119.451828996323
 20
8.848885271170658
 10
123.5530483272049
 20
12.95010460205263
  0
LWPOLYLINE
  5
676
100
AcDbEntity
  8
PCB_LEDHolesThruHole
  6
ByLayer
 62
  256
370
   -1
100
AcDbPolyline
 90
    4
 70
    1
 43
0
 10
120.4167853271455
 20
15.04568854158909
 10
118.1972214194279
 20
9.687187253023623
 10
115.9799105414008
 20
10.60562749069983
 10
118.1994744491184
 20
15.96412877926529
  0
LWPOLYLINE
  5
677
100
AcDbEntity
  8
PCB_LEDHolesThruHole
  6
ByLayer
 62
  256
370
   -1
100
AcDbPolyline
 90
    4
 70
    1
 43
0
 10
114.5
 20
16.7
 10
114.5
 20
10.89999999999999
 10
112.1
 20
10.89999999999999
 10
112.1
 20
16.7
  0
LWPOLYLINE
  5
678
100
AcDbEntity
  8
PCB_LEDHolesThruHole
  6
ByLayer
 62
  256
370
   -1
100
AcDbPolyline
 90
    4
 70
    1
 43
0
 10
103.0469516727951
 20
12.95010460205266
 10
107.148171003677
 20
8.848885271170673
 10
105.4511147288293
 20
7.151828996322948
 10
101.3498953979473
 20
11.25304832720492
  0
LWPOLYLINE
  5
679
100
AcDbEntity
  8
PCB_LEDHolesThruHole
  6
ByLayer
 62
  256
370
   -1
100
AcDbPolyline
 90
    4
 70
    1
 43
0
 10
101.3498953979473
 20
-9.253048327204951
 10
105.4511147288293
 20
-5.151828996322976
 10
107.148171003677
 20
-6.848885271170701
 10
103.0469516727951
 20
-10.95010460205268
  0
LWPOLYLINE
  5
67A
100
AcDbEntity
  8
PCB_LEDHolesThruHole
  6
ByLayer
 62
  256
370
   -1
100
AcDbPolyline
 90
    4
 70
    1
 43
0
 10
127.3456885415891
 20
-6.116785327145479
 10
121.9871872530236
 20
-3.89722141942795
 10
122.9056274906999
 20
-1.679910541400858
 10
128.2641287792653
 20
-3.899474449118387
  0
LWPOLYLINE
  5
67B
100
AcDbEntity
  8
PCB_LEDHolesThruHole
  6
ByLayer
 62
  256
370
   -1
100
AcDbPolyline
 90
    4
 70
    1
 43
0
 10
108.4005255508816
 20
15.96412877926529
 10
110.6200894585992
 20
10.60562749069983
 10
108.4027785805721
 20
9.687187253023623
 10
106.1832146728545
 20
15.04568854158909
  0
LWPOLYLINE
  5
67C
100
AcDbEntity
  8
PCB_LEDHolesThruHole
  6
ByLayer
 62
  256
370
   -1
100
AcDbPolyline
 90
    4
 70
    1
 43
0
 10
99.25431145841088
 20
8.11678532714545
 10
104.6128127469764
 20
5.897221419427936
 10
103.6943725093002
 20
3.67991054140083
 10
98.3358712207347
 20
5.899474449118358
  0
CIRCLE
  5
67D
100
AcDbEntity
  8
PCB_LEDHolesThruHole
  6
ByLayer
 62
  256
370
   -1
100
AcDbCircle
 10
-0.9999999999999991
 20
-37.10000000000001
 40
3.5
  0
LWPOLYLINE
  5
67E
100
AcDbEntity
  8
PCB_LEDHolesThruHole
  6
ByLayer
 62
  256
370
   -1
100
AcDbPolyline
 90
    4
 70
    1
 43
0
 10
-16.69999999999999
 20
-35.90000000000002
 10
-10.90000000000001
 20
-35.90000000000002
 10
-10.90000000000001
 20
-38.30000000000001
 10
-16.69999999999999
 20
-38.30000000000001
  0
LWPOLYLINE
  5
67F
100
AcDbEntity
  8
PCB_LEDHolesThruHole
  6
ByLayer
 62
  256
370
   -1
100
AcDbPolyline
 90
    4
 70
    1
 43
0
 10
-15.96412877926531
 20
-41.99947444911841
 10
-10.60562749069985
 20
-39.77991054140091
 10
-9.687187253023637
 20
-41.99722141942792
 10
-15.0456885415891
 20
-44.21678532714552
  0
LWPOLYLINE
  5
680
100
AcDbEntity
  8
PCB_LEDHolesThruHole
  6
ByLayer
 62
  256
370
   -1
100
AcDbPolyline
 90
    4
 70
    1
 43
0
 10
9.253048327204937
 20
-49.05010460205271
 10
5.151828996322963
 20
-44.94888527117071
 10
6.848885271170674
 20
-43.25182899632301
 10
10.95010460205265
 20
-47.35304832720492
  0
LWPOLYLINE
  5
681
100
AcDbEntity
  8
PCB_LEDHolesThruHole
  6
ByLayer
 62
  256
370
   -1
100
AcDbPolyline
 90
    4
 70
    1
 43
0
 10
14.69999999999999
 20
-38.30000000000001
 10
8.900000000000006
 20
-38.30000000000001
 10
8.900000000000006
 20
-35.90000000000002
 10
14.69999999999999
 20
-35.90000000000002
  0
LWPOLYLINE
  5
682
100
AcDbEntity
  8
PCB_LEDHolesThruHole
  6
ByLayer
 62
  256
370
   -1
100
AcDbPolyline
 90
    4
 70
    1
 43
0
 10
13.96412877926531
 20
-32.20052555088171
 10
8.605627490699845
 20
-34.42008945859921
 10
7.687187253023638
 20
-32.20277858057212
 10
13.0456885415891
 20
-29.98321467285461
  0
LWPOLYLINE
  5
683
100
AcDbEntity
  8
PCB_LEDHolesThruHole
  6
ByLayer
 62
  256
370
   -1
100
AcDbPolyline
 90
    4
 70
    1
 43
0
 10
10.95010460205265
 20
-26.84695167279511
 10
6.848885271170674
 20
-30.94817100367702
 10
5.151828996322963
 20
-29.25111472882931
 10
9.253048327204937
 20
-25.14989539794732
  0
LWPOLYLINE
  5
684
100
AcDbEntity
  8
PCB_LEDHolesThruHole
  6
ByLayer
 62
  256
370
   -1
100
AcDbPolyline
 90
    4
 70
    1
 43
0
 10
6.116785327145466
 20
-23.05431145841091
 10
3.897221419427951
 20
-28.41281274697641
 10
1.679910541400859
 20
-27.49437250930012
 10
3.899474449118373
 20
-22.13587122073471
  0
LWPOLYLINE
  5
685
100
AcDbEntity
  8
PCB_LEDHolesThruHole
  6
ByLayer
 62
  256
370
   -1
100
AcDbPolyline
 90
    4
 70
    1
 43
0
 10
0.2000000000000179
 20
-21.40000000000002
 10
0.1999999999999895
 20
-27.20000000000002
 10
-2.199999999999988
 20
-27.20000000000002
 10
-2.199999999999988
 20
-21.40000000000002
  0
LWPOLYLINE
  5
686
100
AcDbEntity
  8
PCB_LEDHolesThruHole
  6
ByLayer
 62
  256
370
   -1
100
AcDbPolyline
 90
    4
 70
    1
 43
0
 10
-11.25304832720494
 20
-25.14989539794732
 10
-7.151828996322961
 20
-29.25111472882931
 10
-8.848885271170673
 20
-30.94817100367702
 10
-12.95010460205265
 20
-26.84695167279511
  0
LWPOLYLINE
  5
687
100
AcDbEntity
  8
PCB_LEDHolesThruHole
  6
ByLayer
 62
  256
370
   -1
100
AcDbPolyline
 90
    4
 70
    1
 43
0
 10
-12.95010460205265
 20
-47.35304832720492
 10
-8.848885271170673
 20
-43.25182899632301
 10
-7.151828996322961
 20
-44.94888527117071
 10
-11.25304832720494
 20
-49.05010460205271
  0
LWPOLYLINE
  5
688
100
AcDbEntity
  8
PCB_LEDHolesThruHole
  6
ByLayer
 62
  256
370
   -1
100
AcDbPolyline
 90
    4
 70
    1
 43
0
 10
13.0456885415891
 20
-44.21678532714552
 10
7.687187253023638
 20
-41.99722141942792
 10
8.605627490699845
 20
-39.77991054140091
 10
13.96412877926531
 20
-41.99947444911841
  0
LWPOLYLINE
  5
689
100
AcDbEntity
  8
PCB_LEDHolesThruHole
  6
ByLayer
 62
  256
370
   -1
100
AcDbPolyline
 90
    4
 70
    1
 43
0
 10
-5.899474449118371
 20
-22.13587122073471
 10
-3.679910541400857
 20
-27.49437250930012
 10
-5.897221419427949
 20
-28.41281274697641
 10
-8.116785327145465
 20
-23.05431145841091
  0
LWPOLYLINE
  5
68A
100
AcDbEntity
  8
PCB_LEDHolesThruHole
  6
ByLayer
 62
  256
370
   -1
100
AcDbPolyline
 90
    4
 70
    1
 43
0
 10
-15.0456885415891
 20
-29.98321467285452
 10
-9.687187253023637
 20
-32.20277858057202
 10
-10.60562749069985
 20
-34.42008945859921
 10
-15.96412877926531
 20
-32.20052555088161
  0
CIRCLE
  5
68B
100
AcDbEntity
  8
PCB_LEDHolesThruHole
  6
ByLayer
 62
  256
370
   -1
100
AcDbCircle
 10
37.10000000000002
 20
-37.10000000000001
 40
3.5
  0
LWPOLYLINE
  5
68C
100
AcDbEntity
  8
PCB_LEDHolesThruHole
  6
ByLayer
 62
  256
370
   -1
100
AcDbPolyline
 90
    4
 70
    1
 43
0
 10
21.40000000000001
 20
-35.90000000000002
 10
27.19999999999999
 20
-35.90000000000002
 10
27.19999999999999
 20
-38.30000000000001
 10
21.40000000000001
 20
-38.30000000000001
  0
LWPOLYLINE
  5
68D
100
AcDbEntity
  8
PCB_LEDHolesThruHole
  6
ByLayer
 62
  256
370
   -1
100
AcDbPolyline
 90
    4
 70
    1
 43
0
 10
22.13587122073469
 20
-41.99947444911841
 10
27.49437250930015
 20
-39.77991054140091
 10
28.41281274697636
 20
-41.99722141942792
 10
23.05431145841089
 20
-44.21678532714552
  0
LWPOLYLINE
  5
68E
100
AcDbEntity
  8
PCB_LEDHolesThruHole
  6
ByLayer
 62
  256
370
   -1
100
AcDbPolyline
 90
    4
 70
    1
 43
0
 10
47.35304832720493
 20
-49.05010460205271
 10
43.25182899632296
 20
-44.94888527117071
 10
44.9488852711707
 20
-43.25182899632301
 10
49.05010460205267
 20
-47.35304832720492
  0
LWPOLYLINE
  5
68F
100
AcDbEntity
  8
PCB_LEDHolesThruHole
  6
ByLayer
 62
  256
370
   -1
100
AcDbPolyline
 90
    4
 70
    1
 43
0
 10
52.80000000000001
 20
-38.30000000000001
 10
47
 20
-38.30000000000001
 10
47
 20
-35.90000000000002
 10
52.80000000000001
 20
-35.90000000000002
  0
LWPOLYLINE
  5
690
100
AcDbEntity
  8
PCB_LEDHolesThruHole
  6
ByLayer
 62
  256
370
   -1
100
AcDbPolyline
 90
    4
 70
    1
 43
0
 10
52.06412877926533
 20
-32.20052555088171
 10
46.70562749069984
 20
-34.42008945859921
 10
45.78718725302366
 20
-32.20277858057212
 10
51.1456885415891
 20
-29.98321467285461
  0
LWPOLYLINE
  5
691
100
AcDbEntity
  8
PCB_LEDHolesThruHole
  6
ByLayer
 62
  256
370
   -1
100
AcDbPolyline
 90
    4
 70
    1
 43
0
 10
49.05010460205267
 20
-26.84695167279511
 10
44.9488852711707
 20
-30.94817100367702
 10
43.25182899632296
 20
-29.25111472882931
 10
47.35304832720493
 20
-25.14989539794732
  0
LWPOLYLINE
  5
692
100
AcDbEntity
  8
PCB_LEDHolesThruHole
  6
ByLayer
 62
  256
370
   -1
100
AcDbPolyline
 90
    4
 70
    1
 43
0
 10
44.21678532714549
 20
-23.05431145841091
 10
41.99722141942794
 20
-28.41281274697641
 10
39.77991054140085
 20
-27.49437250930012
 10
41.9994744491184
 20
-22.13587122073471
  0
LWPOLYLINE
  5
693
100
AcDbEntity
  8
PCB_LEDHolesThruHole
  6
ByLayer
 62
  256
370
   -1
100
AcDbPolyline
 90
    4
 70
    1
 43
0
 10
38.30000000000001
 20
-21.40000000000002
 10
38.30000000000001
 20
-27.20000000000002
 10
35.90000000000003
 20
-27.20000000000002
 10
35.90000000000003
 20
-21.40000000000002
  0
LWPOLYLINE
  5
694
100
AcDbEntity
  8
PCB_LEDHolesThruHole
  6
ByLayer
 62
  256
370
   -1
100
AcDbPolyline
 90
    4
 70
    1
 43
0
 10
26.84695167279506
 20
-25.14989539794732
 10
30.94817100367703
 20
-29.25111472882931
 10
29.25111472882932
 20
-30.94817100367702
 10
25.14989539794735
 20
-26.84695167279511
  0
LWPOLYLINE
  5
695
100
AcDbEntity
  8
PCB_LEDHolesThruHole
  6
ByLayer
 62
  256
370
   -1
100
AcDbPolyline
 90
    4
 70
    1
 43
0
 10
25.14989539794735
 20
-47.35304832720492
 10
29.25111472882932
 20
-43.25182899632301
 10
30.94817100367703
 20
-44.94888527117071
 10
26.84695167279506
 20
-49.05010460205271
  0
LWPOLYLINE
  5
696
100
AcDbEntity
  8
PCB_LEDHolesThruHole
  6
ByLayer
 62
  256
370
   -1
100
AcDbPolyline
 90
    4
 70
    1
 43
0
 10
51.1456885415891
 20
-44.21678532714552
 10
45.7871872530236
 20
-41.99722141942792
 10
46.70562749069984
 20
-39.77991054140091
 10
52.06412877926533
 20
-41.99947444911841
  0
LWPOLYLINE
  5
697
100
AcDbEntity
  8
PCB_LEDHolesThruHole
  6
ByLayer
 62
  256
370
   -1
100
AcDbPolyline
 90
    4
 70
    1
 43
0
 10
32.20052555088165
 20
-22.13587122073471
 10
34.42008945859916
 20
-27.49437250930012
 10
32.20277858057204
 20
-28.41281274697641
 10
29.98321467285453
 20
-23.05431145841091
  0
LWPOLYLINE
  5
698
100
AcDbEntity
  8
PCB_LEDHolesThruHole
  6
ByLayer
 62
  256
370
   -1
100
AcDbPolyline
 90
    4
 70
    1
 43
0
 10
23.05431145841092
 20
-29.98321467285452
 10
28.41281274697639
 20
-32.20277858057202
 10
27.49437250930015
 20
-34.42008945859921
 10
22.13587122073469
 20
-32.20052555088161
  0
CIRCLE
  5
699
100
AcDbEntity
  8
PCB_LEDHolesThruHole
  6
ByLayer
 62
  256
370
   -1
100
AcDbCircle
 10
75.19999999999999
 20
-37.10000000000001
 40
3.5
  0
LWPOLYLINE
  5
69A
100
AcDbEntity
  8
PCB_LEDHolesThruHole
  6
ByLayer
 62
  256
370
   -1
100
AcDbPolyline
 90
    4
 70
    1
 43
0
 10
59.5
 20
-35.90000000000002
 10
65.30000000000001
 20
-35.90000000000002
 10
65.30000000000001
 20
-38.30000000000001
 10
59.5
 20
-38.30000000000001
  0
LWPOLYLINE
  5
69B
100
AcDbEntity
  8
PCB_LEDHolesThruHole
  6
ByLayer
 62
  256
370
   -1
100
AcDbPolyline
 90
    4
 70
    1
 43
0
 10
60.23587122073468
 20
-41.99947444911841
 10
65.59437250930011
 20
-39.77991054140091
 10
66.51281274697635
 20
-41.99722141942792
 10
61.15431145841092
 20
-44.21678532714552
  0
LWPOLYLINE
  5
69C
100
AcDbEntity
  8
PCB_LEDHolesThruHole
  6
ByLayer
 62
  256
370
   -1
100
AcDbPolyline
 90
    4
 70
    1
 43
0
 10
85.45304832720495
 20
-49.05010460205271
 10
81.35182899632298
 20
-44.94888527117071
 10
83.04888527117066
 20
-43.25182899632301
 10
87.15010460205269
 20
-47.35304832720492
  0
LWPOLYLINE
  5
69D
100
AcDbEntity
  8
PCB_LEDHolesThruHole
  6
ByLayer
 62
  256
370
   -1
100
AcDbPolyline
 90
    4
 70
    1
 43
0
 10
90.89999999999998
 20
-38.30000000000001
 10
85.10000000000002
 20
-38.30000000000001
 10
85.10000000000002
 20
-35.90000000000002
 10
90.89999999999998
 20
-35.90000000000002
  0
LWPOLYLINE
  5
69E
100
AcDbEntity
  8
PCB_LEDHolesThruHole
  6
ByLayer
 62
  256
370
   -1
100
AcDbPolyline
 90
    4
 70
    1
 43
0
 10
90.1641287792653
 20
-32.20052555088171
 10
84.80562749069986
 20
-34.42008945859921
 10
83.88718725302363
 20
-32.20277858057212
 10
89.24568854158912
 20
-29.98321467285461
  0
LWPOLYLINE
  5
69F
100
AcDbEntity
  8
PCB_LEDHolesThruHole
  6
ByLayer
 62
  256
370
   -1
100
AcDbPolyline
 90
    4
 70
    1
 43
0
 10
87.15010460205269
 20
-26.84695167279511
 10
83.04888527117066
 20
-30.94817100367702
 10
81.35182899632298
 20
-29.25111472882931
 10
85.45304832720495
 20
-25.14989539794732
  0
LWPOLYLINE
  5
6A0
100
AcDbEntity
  8
PCB_LEDHolesThruHole
  6
ByLayer
 62
  256
370
   -1
100
AcDbPolyline
 90
    4
 70
    1
 43
0
 10
82.31678532714545
 20
-23.05431145841091
 10
80.09722141942791
 20
-28.41281274697641
 10
77.87991054140082
 20
-27.49437250930012
 10
80.09947444911836
 20
-22.13587122073471
  0
LWPOLYLINE
  5
6A1
100
AcDbEntity
  8
PCB_LEDHolesThruHole
  6
ByLayer
 62
  256
370
   -1
100
AcDbPolyline
 90
    4
 70
    1
 43
0
 10
76.39999999999998
 20
-21.40000000000002
 10
76.39999999999998
 20
-27.20000000000002
 10
74
 20
-27.20000000000002
 10
74
 20
-21.40000000000002
  0
LWPOLYLINE
  5
6A2
100
AcDbEntity
  8
PCB_LEDHolesThruHole
  6
ByLayer
 62
  256
370
   -1
100
AcDbPolyline
 90
    4
 70
    1
 43
0
 10
64.94695167279508
 20
-25.14989539794732
 10
69.04817100367706
 20
-29.25111472882931
 10
67.35111472882932
 20
-30.94817100367702
 10
63.24989539794734
 20
-26.84695167279511
  0
LWPOLYLINE
  5
6A3
100
AcDbEntity
  8
PCB_LEDHolesThruHole
  6
ByLayer
 62
  256
370
   -1
100
AcDbPolyline
 90
    4
 70
    1
 43
0
 10
63.24989539794734
 20
-47.35304832720492
 10
67.35111472882932
 20
-43.25182899632301
 10
69.04817100367706
 20
-44.94888527117071
 10
64.94695167279508
 20
-49.05010460205271
  0
LWPOLYLINE
  5
6A4
100
AcDbEntity
  8
PCB_LEDHolesThruHole
  6
ByLayer
 62
  256
370
   -1
100
AcDbPolyline
 90
    4
 70
    1
 43
0
 10
89.24568854158906
 20
-44.21678532714552
 10
83.88718725302363
 20
-41.99722141942792
 10
84.80562749069986
 20
-39.77991054140091
 10
90.1641287792653
 20
-41.99947444911841
  0
LWPOLYLINE
  5
6A5
100
AcDbEntity
  8
PCB_LEDHolesThruHole
  6
ByLayer
 62
  256
370
   -1
100
AcDbPolyline
 90
    4
 70
    1
 43
0
 10
70.30052555088162
 20
-22.13587122073471
 10
72.52008945859916
 20
-27.49437250930012
 10
70.30277858057207
 20
-28.41281274697641
 10
68.08321467285452
 20
-23.05431145841091
  0
LWPOLYLINE
  5
6A6
100
AcDbEntity
  8
PCB_LEDHolesThruHole
  6
ByLayer
 62
  256
370
   -1
100
AcDbPolyline
 90
    4
 70
    1
 43
0
 10
61.15431145841092
 20
-29.98321467285452
 10
66.51281274697635
 20
-32.20277858057202
 10
65.59437250930017
 20
-34.42008945859921
 10
60.23587122073468
 20
-32.20052555088161
  0
CIRCLE
  5
6A7
100
AcDbEntity
  8
PCB_LEDHolesThruHole
  6
ByLayer
 62
  256
370
   -1
100
AcDbCircle
 10
113.3
 20
-37.10000000000001
 40
3.5
  0
LWPOLYLINE
  5
6A8
100
AcDbEntity
  8
PCB_LEDHolesThruHole
  6
ByLayer
 62
  256
370
   -1
100
AcDbPolyline
 90
    4
 70
    1
 43
0
 10
97.60000000000002
 20
-35.90000000000002
 10
103.4
 20
-35.90000000000002
 10
103.4
 20
-38.30000000000001
 10
97.60000000000002
 20
-38.30000000000001
  0
LWPOLYLINE
  5
6A9
100
AcDbEntity
  8
PCB_LEDHolesThruHole
  6
ByLayer
 62
  256
370
   -1
100
AcDbPolyline
 90
    4
 70
    1
 43
0
 10
98.3358712207347
 20
-41.99947444911841
 10
103.6943725093001
 20
-39.77991054140091
 10
104.6128127469764
 20
-41.99722141942792
 10
99.25431145841088
 20
-44.21678532714552
  0
LWPOLYLINE
  5
6AA
100
AcDbEntity
  8
PCB_LEDHolesThruHole
  6
ByLayer
 62
  256
370
   -1
100
AcDbPolyline
 90
    4
 70
    1
 43
0
 10
123.5530483272049
 20
-49.05010460205271
 10
119.451828996323
 20
-44.94888527117071
 10
121.1488852711707
 20
-43.25182899632301
 10
125.2501046020527
 20
-47.35304832720492
  0
LWPOLYLINE
  5
6AB
100
AcDbEntity
  8
PCB_LEDHolesThruHole
  6
ByLayer
 62
  256
370
   -1
100
AcDbPolyline
 90
    4
 70
    1
 43
0
 10
129
 20
-38.30000000000001
 10
123.2
 20
-38.30000000000001
 10
123.2
 20
-35.90000000000002
 10
129
 20
-35.90000000000002
  0
LWPOLYLINE
  5
6AC
100
AcDbEntity
  8
PCB_LEDHolesThruHole
  6
ByLayer
 62
  256
370
   -1
100
AcDbPolyline
 90
    4
 70
    1
 43
0
 10
128.2641287792653
 20
-32.20052555088171
 10
122.9056274906999
 20
-34.42008945859921
 10
121.9871872530236
 20
-32.20277858057212
 10
127.3456885415891
 20
-29.98321467285461
  0
LWPOLYLINE
  5
6AD
100
AcDbEntity
  8
PCB_LEDHolesThruHole
  6
ByLayer
 62
  256
370
   -1
100
AcDbPolyline
 90
    4
 70
    1
 43
0
 10
125.2501046020527
 20
-26.84695167279511
 10
121.1488852711707
 20
-30.94817100367702
 10
119.451828996323
 20
-29.25111472882931
 10
123.5530483272049
 20
-25.14989539794732
  0
LWPOLYLINE
  5
6AE
100
AcDbEntity
  8
PCB_LEDHolesThruHole
  6
ByLayer
 62
  256
370
   -1
100
AcDbPolyline
 90
    4
 70
    1
 43
0
 10
120.4167853271455
 20
-23.05431145841091
 10
118.1972214194279
 20
-28.41281274697641
 10
115.9799105414008
 20
-27.49437250930012
 10
118.1994744491184
 20
-22.13587122073471
  0
LWPOLYLINE
  5
6AF
100
AcDbEntity
  8
PCB_LEDHolesThruHole
  6
ByLayer
 62
  256
370
   -1
100
AcDbPolyline
 90
    4
 70
    1
 43
0
 10
114.5
 20
-21.40000000000002
 10
114.5
 20
-27.20000000000002
 10
112.1
 20
-27.20000000000002
 10
112.1
 20
-21.40000000000002
  0
LWPOLYLINE
  5
6B0
100
AcDbEntity
  8
PCB_LEDHolesThruHole
  6
ByLayer
 62
  256
370
   -1
100
AcDbPolyline
 90
    4
 70
    1
 43
0
 10
103.0469516727951
 20
-25.14989539794732
 10
107.148171003677
 20
-29.25111472882931
 10
105.4511147288293
 20
-30.94817100367702
 10
101.3498953979473
 20
-26.84695167279511
  0
LWPOLYLINE
  5
6B1
100
AcDbEntity
  8
PCB_LEDHolesThruHole
  6
ByLayer
 62
  256
370
   -1
100
AcDbPolyline
 90
    4
 70
    1
 43
0
 10
101.3498953979473
 20
-47.35304832720492
 10
105.4511147288293
 20
-43.25182899632301
 10
107.148171003677
 20
-44.94888527117071
 10
103.0469516727951
 20
-49.05010460205271
  0
LWPOLYLINE
  5
6B2
100
AcDbEntity
  8
PCB_LEDHolesThruHole
  6
ByLayer
 62
  256
370
   -1
100
AcDbPolyline
 90
    4
 70
    1
 43
0
 10
127.3456885415891
 20
-44.21678532714552
 10
121.9871872530236
 20
-41.99722141942792
 10
122.9056274906999
 20
-39.77991054140091
 10
128.2641287792653
 20
-41.99947444911841
  0
LWPOLYLINE
  5
6B3
100
AcDbEntity
  8
PCB_LEDHolesThruHole
  6
ByLayer
 62
  256
370
   -1
100
AcDbPolyline
 90
    4
 70
    1
 43
0
 10
108.4005255508816
 20
-22.13587122073471
 10
110.6200894585992
 20
-27.49437250930012
 10
108.4027785805721
 20
-28.41281274697641
 10
106.1832146728545
 20
-23.05431145841091
  0
LWPOLYLINE
  5
6B4
100
AcDbEntity
  8
PCB_LEDHolesThruHole
  6
ByLayer
 62
  256
370
   -1
100
AcDbPolyline
 90
    4
 70
    1
 43
0
 10
99.25431145841088
 20
-29.98321467285452
 10
104.6128127469764
 20
-32.20277858057202
 10
103.6943725093002
 20
-34.42008945859921
 10
98.3358712207347
 20
-32.20052555088161
  0
CIRCLE
  5
6B5
100
AcDbEntity
  8
PCB_LEDHolesThruHole
  6
ByLayer
 62
  256
370
   -1
100
AcDbCircle
 10
59.89999999999998
 20
-52.21900000000012
 40
1.5
  0
CIRCLE
  5
6B6
100
AcDbEntity
  8
PCB_LEDHolesThruHole
  6
ByLayer
 62
  256
370
   -1
100
AcDbCircle
 10
18.04899999999998
 20
16.29999999999997
 40
1.6
  0
CIRCLE
  5
6B7
100
AcDbEntity
  8
PCB_LEDHolesThruHole
  6
ByLayer
 62
  256
370
   -1
100
AcDbCircle
 10
18.04899999999998
 20
-52.28000000000002
 40
1.6
  0
CIRCLE
  5
6B8
100
AcDbEntity
  8
PCB_LEDHolesThruHole
  6
ByLayer
 62
  256
370
   -1
100
AcDbCircle
 10
52.33900000000006
 20
-52.28000000000002
 40
1.6
  0
CIRCLE
  5
6B9
100
AcDbEntity
  8
PCB_LEDHolesThruHole
  6
ByLayer
 62
  256
370
   -1
100
AcDbCircle
 10
59.95999999999998
 20
16.30099999999995
 40
1.6
  0
CIRCLE
  5
6BA
100
AcDbEntity
  8
PCB_LEDHolesThruHole
  6
ByLayer
 62
  256
370
   -1
100
AcDbCircle
 10
94.24999999999994
 20
16.30099999999995
 40
1.6
  0
CIRCLE
  5
6BB
100
AcDbEntity
  8
PCB_LEDHolesThruHole
  6
ByLayer
 62
  256
370
   -1
100
AcDbCircle
 10
94.24999999999994
 20
-52.27900000000012
 40
1.6
  0
LWPOLYLINE
  5
6BC
100
AcDbEntity
  8
PCB_LEDHolesThruHole
  6
ByLayer
 62
  256
370
   -1
100
AcDbPolyline
 90
    4
 70
    1
 43
0
 10
-7.281000000000005
 20
-14.70000000000002
 10
-7.281000000000005
 20
-8.90000000000002
 10
-4.880999999999999
 20
-8.90000000000002
 10
-4.880999999999999
 20
-14.70000000000002
  0
LWPOLYLINE
  5
6BD
100
AcDbEntity
  8
PCB_LEDHolesThruHole
  6
ByLayer
 62
  256
370
   -1
100
AcDbPolyline
 90
    4
 70
    1
 43
0
 10
2.87900000000002
 20
-14.70000000000002
 10
2.87900000000002
 20
-8.90000000000002
 10
5.279000000000026
 20
-8.90000000000002
 10
5.279000000000026
 20
-14.70000000000002
  0
LWPOLYLINE
  5
6BE
100
AcDbEntity
  8
PCB_LEDHolesThruHole
  6
ByLayer
 62
  256
370
   -1
100
AcDbPolyline
 90
    4
 70
    1
 43
0
 10
35.89999999999998
 20
-14.70000000000002
 10
35.89999999999998
 20
-8.90000000000002
 10
38.30000000000001
 20
-8.90000000000002
 10
38.30000000000001
 20
-14.70000000000002
  0
LWPOLYLINE
  5
6BF
100
AcDbEntity
  8
PCB_LEDHolesThruHole
  6
ByLayer
 62
  256
370
   -1
100
AcDbPolyline
 90
    4
 70
    1
 43
0
 10
30.81899999999999
 20
-14.70000000000002
 10
30.81899999999999
 20
-8.90000000000002
 10
33.21899999999999
 20
-8.90000000000002
 10
33.21899999999999
 20
-14.70000000000002
  0
LWPOLYLINE
  5
6C0
100
AcDbEntity
  8
PCB_LEDHolesThruHole
  6
ByLayer
 62
  256
370
   -1
100
AcDbPolyline
 90
    4
 70
    1
 43
0
 10
40.97900000000004
 20
-14.70000000000002
 10
40.97900000000004
 20
-8.90000000000002
 10
43.37900000000002
 20
-8.90000000000002
 10
43.37900000000002
 20
-14.70000000000002
  0
LWPOLYLINE
  5
6C1
100
AcDbEntity
  8
PCB_LEDHolesThruHole
  6
ByLayer
 62
  256
370
   -1
100
AcDbPolyline
 90
    4
 70
    1
 43
0
 10
74
 20
-14.70000000000002
 10
74
 20
-8.90000000000002
 10
76.39999999999998
 20
-8.90000000000002
 10
76.39999999999998
 20
-14.70000000000002
  0
LWPOLYLINE
  5
6C2
100
AcDbEntity
  8
PCB_LEDHolesThruHole
  6
ByLayer
 62
  256
370
   -1
100
AcDbPolyline
 90
    4
 70
    1
 43
0
 10
68.91899999999998
 20
-14.70000000000002
 10
68.91899999999998
 20
-8.90000000000002
 10
71.31899999999996
 20
-8.90000000000002
 10
71.31899999999996
 20
-14.70000000000002
  0
LWPOLYLINE
  5
6C3
100
AcDbEntity
  8
PCB_LEDHolesThruHole
  6
ByLayer
 62
  256
370
   -1
100
AcDbPolyline
 90
    4
 70
    1
 43
0
 10
79.07900000000001
 20
-14.70000000000002
 10
79.07900000000001
 20
-8.90000000000002
 10
81.47900000000004
 20
-8.90000000000002
 10
81.47900000000004
 20
-14.70000000000002
  0
LWPOLYLINE
  5
6C4
100
AcDbEntity
  8
PCB_LEDHolesThruHole
  6
ByLayer
 62
  256
370
   -1
100
AcDbPolyline
 90
    4
 70
    1
 43
0
 10
112.1
 20
-14.70000000000002
 10
112.1
 20
-8.90000000000002
 10
114.5
 20
-8.90000000000002
 10
114.5
 20
-14.70000000000002
  0
LWPOLYLINE
  5
6C5
100
AcDbEntity
  8
PCB_LEDHolesThruHole
  6
ByLayer
 62
  256
370
   -1
100
AcDbPolyline
 90
    4
 70
    1
 43
0
 10
107.019
 20
-14.70000000000002
 10
107.019
 20
-8.90000000000002
 10
109.419
 20
-8.90000000000002
 10
109.419
 20
-14.70000000000002
  0
LWPOLYLINE
  5
6C6
100
AcDbEntity
  8
PCB_LEDHolesThruHole
  6
ByLayer
 62
  256
370
   -1
100
AcDbPolyline
 90
    4
 70
    1
 43
0
 10
117.179
 20
-14.70000000000002
 10
117.179
 20
-8.90000000000002
 10
119.579
 20
-8.90000000000002
 10
119.579
 20
-14.70000000000002
  0
LWPOLYLINE
  5
6C7
100
AcDbEntity
  8
PCB_LEDHolesThruHole
  6
ByLayer
 62
  256
370
   -1
100
AcDbPolyline
 90
    4
 70
    1
 43
0
 10
-2.200000000000016
 20
-52.80000000000003
 10
-2.200000000000016
 20
-47.00000000000001
 10
0.1999999999999895
 20
-47.00000000000001
 10
0.1999999999999895
 20
-52.80000000000003
  0
LWPOLYLINE
  5
6C8
100
AcDbEntity
  8
PCB_LEDHolesThruHole
  6
ByLayer
 62
  256
370
   -1
100
AcDbPolyline
 90
    4
 70
    1
 43
0
 10
-7.281000000000005
 20
-52.80000000000003
 10
-7.281000000000005
 20
-47.00000000000001
 10
-4.880999999999999
 20
-47.00000000000001
 10
-4.880999999999999
 20
-52.80000000000003
  0
LWPOLYLINE
  5
6C9
100
AcDbEntity
  8
PCB_LEDHolesThruHole
  6
ByLayer
 62
  256
370
   -1
100
AcDbPolyline
 90
    4
 70
    1
 43
0
 10
2.87900000000002
 20
-52.80000000000003
 10
2.87900000000002
 20
-47.00000000000001
 10
5.279000000000026
 20
-47.00000000000001
 10
5.279000000000026
 20
-52.80000000000003
  0
LWPOLYLINE
  5
6CA
100
AcDbEntity
  8
PCB_LEDHolesThruHole
  6
ByLayer
 62
  256
370
   -1
100
AcDbPolyline
 90
    4
 70
    1
 43
0
 10
35.89999999999998
 20
-52.80000000000003
 10
35.89999999999998
 20
-47.00000000000001
 10
38.30000000000001
 20
-47.00000000000001
 10
38.30000000000001
 20
-52.80000000000003
  0
LWPOLYLINE
  5
6CB
100
AcDbEntity
  8
PCB_LEDHolesThruHole
  6
ByLayer
 62
  256
370
   -1
100
AcDbPolyline
 90
    4
 70
    1
 43
0
 10
30.81899999999999
 20
-52.80000000000003
 10
30.81899999999999
 20
-47.00000000000001
 10
33.21899999999999
 20
-47.00000000000001
 10
33.21899999999999
 20
-52.80000000000003
  0
LWPOLYLINE
  5
6CC
100
AcDbEntity
  8
PCB_LEDHolesThruHole
  6
ByLayer
 62
  256
370
   -1
100
AcDbPolyline
 90
    4
 70
    1
 43
0
 10
40.97900000000004
 20
-52.80000000000003
 10
40.97900000000004
 20
-47.00000000000001
 10
43.37900000000002
 20
-47.00000000000001
 10
43.37900000000002
 20
-52.80000000000003
  0
LWPOLYLINE
  5
6CD
100
AcDbEntity
  8
PCB_LEDHolesThruHole
  6
ByLayer
 62
  256
370
   -1
100
AcDbPolyline
 90
    4
 70
    1
 43
0
 10
74
 20
-52.80000000000003
 10
74
 20
-47.00000000000001
 10
76.39999999999998
 20
-47.00000000000001
 10
76.39999999999998
 20
-52.80000000000003
  0
LWPOLYLINE
  5
6CE
100
AcDbEntity
  8
PCB_LEDHolesThruHole
  6
ByLayer
 62
  256
370
   -1
100
AcDbPolyline
 90
    4
 70
    1
 43
0
 10
68.91899999999998
 20
-52.80000000000003
 10
68.91899999999998
 20
-47.00000000000001
 10
71.31899999999996
 20
-47.00000000000001
 10
71.31899999999996
 20
-52.80000000000003
  0
LWPOLYLINE
  5
6CF
100
AcDbEntity
  8
PCB_LEDHolesThruHole
  6
ByLayer
 62
  256
370
   -1
100
AcDbPolyline
 90
    4
 70
    1
 43
0
 10
79.07900000000001
 20
-52.80000000000003
 10
79.07900000000001
 20
-47.00000000000001
 10
81.47900000000004
 20
-47.00000000000001
 10
81.47900000000004
 20
-52.80000000000003
  0
LWPOLYLINE
  5
6D0
100
AcDbEntity
  8
PCB_LEDHolesThruHole
  6
ByLayer
 62
  256
370
   -1
100
AcDbPolyline
 90
    4
 70
    1
 43
0
 10
112.1
 20
-52.80000000000003
 10
112.1
 20
-47.00000000000001
 10
114.5
 20
-47.00000000000001
 10
114.5
 20
-52.80000000000003
  0
LWPOLYLINE
  5
6D1
100
AcDbEntity
  8
PCB_LEDHolesThruHole
  6
ByLayer
 62
  256
370
   -1
100
AcDbPolyline
 90
    4
 70
    1
 43
0
 10
107.019
 20
-52.80000000000003
 10
107.019
 20
-47.00000000000001
 10
109.419
 20
-47.00000000000001
 10
109.419
 20
-52.80000000000003
  0
LWPOLYLINE
  5
6D2
100
AcDbEntity
  8
PCB_LEDHolesThruHole
  6
ByLayer
 62
  256
370
   -1
100
AcDbPolyline
 90
    4
 70
    1
 43
0
 10
117.179
 20
-52.80000000000003
 10
117.179
 20
-47.00000000000001
 10
119.579
 20
-47.00000000000001
 10
119.579
 20
-52.80000000000003
  0
LINE
  5
6D3
100
AcDbEntity
  8
Grids_Top
  6
ByLayer
 62
  256
370
   -1
100
AcDbLine
 10
18.04899999999998
 20
16.29999999999997
 11
18.04899999999998
 21
26.29999999999997
  0
LINE
  5
6D4
100
AcDbEntity
  8
Grids_Top
  6
ByLayer
 62
  256
370
   -1
100
AcDbLine
 10
52.27999999999997
 20
16.29999999999997
 11
52.27999999999997
 21
26.29999999999997
  0
LINE
  5
6D5
100
AcDbEntity
  8
Grids_Top
  6
ByLayer
 62
  256
370
   -1
100
AcDbLine
 10
59.95999999999998
 20
16.30099999999995
 11
59.95999999999998
 21
26.30099999999995
  0
LINE
  5
6D6
100
AcDbEntity
  8
Grids_Top
  6
ByLayer
 62
  256
370
   -1
100
AcDbLine
 10
94.24999999999994
 20
16.30099999999995
 11
94.24999999999994
 21
26.30099999999995
  0
LINE
  5
6D7
100
AcDbEntity
  8
Grids_Top
  6
ByLayer
 62
  256
370
   -1
100
AcDbLine
 10
128.48
 20
16.29999999999997
 11
128.48
 21
26.29999999999997
  0
LWPOLYLINE
  5
6D8
100
AcDbEntity
  8
Acrylic_0_Top
  6
ByLayer
 62
  256
370
   -1
100
AcDbPolyline
 90
    4
 70
    1
 43
0
 10
-16.69999999999999
 20
2.199999999999989
 10
-10.90000000000001
 20
2.199999999999989
 10
-10.90000000000001
 20
-0.200000000000017
 10
-16.69999999999999
 20
-0.200000000000017
  0
LWPOLYLINE
  5
6D9
100
AcDbEntity
  8
Acrylic_0_Top
  6
ByLayer
 62
  256
370
   -1
100
AcDbPolyline
 90
    4
 70
    1
 43
0
 10
-15.96412877926529
 20
-3.899474449118371
 10
-10.60562749069985
 20
-1.679910541400858
 10
-9.687187253023628
 20
-3.897221419427951
 10
-15.04568854158908
 20
-6.116785327145465
  0
LWPOLYLINE
  5
6DA
100
AcDbEntity
  8
Acrylic_0_Top
  6
ByLayer
 62
  256
370
   -1
100
AcDbPolyline
 90
    4
 70
    1
 43
0
 10
-12.95010460205264
 20
-9.253048327204938
 10
-8.848885271170674
 20
-5.151828996322974
 10
-7.151828996322957
 20
-6.848885271170692
 10
-11.25304832720492
 20
-10.95010460205266
  0
LWPOLYLINE
  5
6DB
100
AcDbEntity
  8
Acrylic_0_Top
  6
ByLayer
 62
  256
370
   -1
100
AcDbPolyline
 90
    4
 70
    1
 43
0
 10
-2.19999999999999
 20
-14.69999999999999
 10
-2.199999999999989
 20
-8.900000000000006
 10
0.2000000000000165
 20
-8.900000000000006
 10
0.2000000000000163
 20
-14.69999999999999
  0
LWPOLYLINE
  5
6DC
100
AcDbEntity
  8
Acrylic_0_Top
  6
ByLayer
 62
  256
370
   -1
100
AcDbPolyline
 90
    4
 70
    1
 43
0
 10
9.253048327204938
 20
-10.95010460205264
 10
5.151828996322974
 20
-6.848885271170674
 10
6.848885271170692
 20
-5.151828996322957
 10
10.95010460205266
 20
-9.253048327204919
  0
LWPOLYLINE
  5
6DD
100
AcDbEntity
  8
Acrylic_0_Top
  6
ByLayer
 62
  256
370
   -1
100
AcDbPolyline
 90
    4
 70
    1
 43
0
 10
13.04568854158909
 20
-6.116785327145441
 10
7.687187253023639
 20
-3.897221419427925
 10
8.605627490699858
 20
-1.679910541400832
 10
13.96412877926531
 20
-3.899474449118348
  0
LWPOLYLINE
  5
6DE
100
AcDbEntity
  8
Acrylic_0_Top
  6
ByLayer
 62
  256
370
   -1
100
AcDbPolyline
 90
    4
 70
    1
 43
0
 10
14.69999999999999
 20
-0.1999999999999906
 10
8.900000000000006
 20
-0.1999999999999897
 10
8.900000000000006
 20
2.200000000000016
 10
14.69999999999999
 20
2.200000000000015
  0
LWPOLYLINE
  5
6DF
100
AcDbEntity
  8
Acrylic_0_Top
  6
ByLayer
 62
  256
370
   -1
100
AcDbPolyline
 90
    4
 70
    1
 43
0
 10
13.9641287792653
 20
5.89947444911837
 10
8.605627490699849
 20
3.679910541400856
 10
7.68718725302363
 20
5.89722141942795
 10
13.04568854158908
 20
8.116785327145463
  0
LWPOLYLINE
  5
6E0
100
AcDbEntity
  8
Acrylic_0_Top
  6
ByLayer
 62
  256
370
   -1
100
AcDbPolyline
 90
    4
 70
    1
 43
0
 10
10.95010460205264
 20
11.25304832720494
 10
6.848885271170675
 20
7.151828996322974
 10
5.151828996322958
 20
8.848885271170694
 10
9.253048327204921
 20
12.95010460205266
  0
LWPOLYLINE
  5
6E1
100
AcDbEntity
  8
Acrylic_0_Top
  6
ByLayer
 62
  256
370
   -1
100
AcDbPolyline
 90
    4
 70
    1
 43
0
 10
6.116785327145447
 20
15.04568854158908
 10
3.89722141942793
 20
9.687187253023637
 10
1.679910541400837
 20
10.60562749069986
 10
3.899474449118355
 20
15.9641287792653
  0
LWPOLYLINE
  5
6E2
100
AcDbEntity
  8
Acrylic_0_Top
  6
ByLayer
 62
  256
370
   -1
100
AcDbPolyline
 90
    4
 70
    1
 43
0
 10
0.1999999999999916
 20
16.69999999999999
 10
0.1999999999999905
 20
10.90000000000001
 10
-2.200000000000015
 20
10.90000000000001
 10
-2.200000000000014
 20
16.69999999999999
  0
LWPOLYLINE
  5
6E3
100
AcDbEntity
  8
Acrylic_0_Top
  6
ByLayer
 62
  256
370
   -1
100
AcDbPolyline
 90
    4
 70
    1
 43
0
 10
-5.899474449118375
 20
15.96412877926529
 10
-3.67991054140086
 20
10.60562749069985
 10
-5.897221419427953
 20
9.687187253023628
 10
-8.116785327145468
 20
15.04568854158907
  0
LWPOLYLINE
  5
6E4
100
AcDbEntity
  8
Acrylic_0_Top
  6
ByLayer
 62
  256
370
   -1
100
AcDbPolyline
 90
    4
 70
    1
 43
0
 10
-11.25304832720494
 20
12.95010460205264
 10
-7.151828996322974
 20
8.848885271170676
 10
-8.848885271170692
 20
7.151828996322958
 10
-12.95010460205265
 20
11.25304832720492
  0
LWPOLYLINE
  5
6E5
100
AcDbEntity
  8
Acrylic_0_Top
  6
ByLayer
 62
  256
370
   -1
100
AcDbPolyline
 90
    4
 70
    1
 43
0
 10
-15.04568854158908
 20
8.116785327145449
 10
-9.687187253023637
 20
5.897221419427931
 10
-10.60562749069986
 20
3.679910541400838
 10
-15.9641287792653
 20
5.899474449118356
  0
LWPOLYLINE
  5
6E6
100
AcDbEntity
  8
Acrylic_0_Top
  6
ByLayer
 62
  256
370
   -1
100
AcDbPolyline
 90
    4
 70
    1
 43
0
 10
-16.69999999999999
 20
2.199999999999992
 10
-10.90000000000001
 20
2.199999999999991
 10
-10.90000000000001
 20
-0.2000000000000146
 10
-16.69999999999999
 20
-0.2000000000000133
  0
LWPOLYLINE
  5
6E7
100
AcDbEntity
  8
Acrylic_0_Top
  6
ByLayer
 62
  256
370
   -1
100
AcDbPolyline
 90
    4
 70
    1
 43
0
 10
-7.281000000000006
 20
-8.90000000000002
 10
-4.880999999999999
 20
-8.90000000000002
 10
-4.880999999999999
 20
-14.70000000000002
 10
-7.281000000000006
 20
-14.70000000000002
  0
LWPOLYLINE
  5
6E8
100
AcDbEntity
  8
Acrylic_0_Top
  6
ByLayer
 62
  256
370
   -1
100
AcDbPolyline
 90
    4
 70
    1
 43
0
 10
2.87900000000002
 20
-8.90000000000002
 10
5.279000000000026
 20
-8.90000000000002
 10
5.279000000000026
 20
-14.70000000000002
 10
2.87900000000002
 20
-14.70000000000002
  0
LINE
  5
6E9
100
AcDbEntity
  8
Grids_Top
  6
ByLayer
 62
  256
370
   -1
100
AcDbLine
 10
-16.30000000000001
 20
16.29999999999997
 11
-6.300000000000011
 21
16.29999999999997
  0
LINE
  5
6EA
100
AcDbEntity
  8
Grids_Top
  6
ByLayer
 62
  256
370
   -1
100
AcDbLine
 10
-16.30000000000001
 20
-52.28000000000002
 11
-6.300000000000011
 21
-52.28000000000002
  0
LWPOLYLINE
  5
6EB
100
AcDbEntity
  8
Acrylic_0_Top
  6
ByLayer
 62
  256
370
   -1
100
AcDbPolyline
 90
    4
 70
    1
 43
0
 10
21.40000000000001
 20
2.199999999999989
 10
27.2
 20
2.199999999999989
 10
27.2
 20
-0.200000000000017
 10
21.40000000000001
 20
-0.200000000000017
  0
LWPOLYLINE
  5
6EC
100
AcDbEntity
  8
Acrylic_0_Top
  6
ByLayer
 62
  256
370
   -1
100
AcDbPolyline
 90
    4
 70
    1
 43
0
 10
22.13587122073471
 20
-3.899474449118371
 10
27.49437250930016
 20
-1.679910541400858
 10
28.41281274697637
 20
-3.897221419427951
 10
23.05431145841093
 20
-6.116785327145465
  0
LWPOLYLINE
  5
6ED
100
AcDbEntity
  8
Acrylic_0_Top
  6
ByLayer
 62
  256
370
   -1
100
AcDbPolyline
 90
    4
 70
    1
 43
0
 10
25.14989539794736
 20
-9.253048327204938
 10
29.25111472882933
 20
-5.151828996322974
 10
30.94817100367705
 20
-6.848885271170692
 10
26.84695167279508
 20
-10.95010460205266
  0
LWPOLYLINE
  5
6EE
100
AcDbEntity
  8
Acrylic_0_Top
  6
ByLayer
 62
  256
370
   -1
100
AcDbPolyline
 90
    4
 70
    1
 43
0
 10
35.90000000000001
 20
-14.69999999999999
 10
35.90000000000001
 20
-8.900000000000006
 10
38.30000000000002
 20
-8.900000000000006
 10
38.30000000000002
 20
-14.69999999999999
  0
LWPOLYLINE
  5
6EF
100
AcDbEntity
  8
Acrylic_0_Top
  6
ByLayer
 62
  256
370
   -1
100
AcDbPolyline
 90
    4
 70
    1
 43
0
 10
47.35304832720494
 20
-10.95010460205264
 10
43.25182899632298
 20
-6.848885271170674
 10
44.9488852711707
 20
-5.151828996322957
 10
49.05010460205266
 20
-9.253048327204919
  0
LWPOLYLINE
  5
6F0
100
AcDbEntity
  8
Acrylic_0_Top
  6
ByLayer
 62
  256
370
   -1
100
AcDbPolyline
 90
    4
 70
    1
 43
0
 10
51.14568854158909
 20
-6.116785327145441
 10
45.78718725302364
 20
-3.897221419427925
 10
46.70562749069986
 20
-1.679910541400832
 10
52.0641287792653
 20
-3.899474449118348
  0
LWPOLYLINE
  5
6F1
100
AcDbEntity
  8
Acrylic_0_Top
  6
ByLayer
 62
  256
370
   -1
100
AcDbPolyline
 90
    4
 70
    1
 43
0
 10
52.79999999999999
 20
-0.1999999999999906
 10
47.00000000000001
 20
-0.1999999999999897
 10
47.00000000000001
 20
2.200000000000016
 10
52.79999999999999
 20
2.200000000000015
  0
LWPOLYLINE
  5
6F2
100
AcDbEntity
  8
Acrylic_0_Top
  6
ByLayer
 62
  256
370
   -1
100
AcDbPolyline
 90
    4
 70
    1
 43
0
 10
52.0641287792653
 20
5.89947444911837
 10
46.70562749069985
 20
3.679910541400856
 10
45.78718725302363
 20
5.89722141942795
 10
51.14568854158908
 20
8.116785327145463
  0
LWPOLYLINE
  5
6F3
100
AcDbEntity
  8
Acrylic_0_Top
  6
ByLayer
 62
  256
370
   -1
100
AcDbPolyline
 90
    4
 70
    1
 43
0
 10
49.05010460205264
 20
11.25304832720494
 10
44.94888527117067
 20
7.151828996322974
 10
43.25182899632296
 20
8.848885271170694
 10
47.35304832720492
 20
12.95010460205266
  0
LWPOLYLINE
  5
6F4
100
AcDbEntity
  8
Acrylic_0_Top
  6
ByLayer
 62
  256
370
   -1
100
AcDbPolyline
 90
    4
 70
    1
 43
0
 10
44.21678532714544
 20
15.04568854158908
 10
41.99722141942793
 20
9.687187253023637
 10
39.77991054140084
 20
10.60562749069986
 10
41.99947444911835
 20
15.9641287792653
  0
LWPOLYLINE
  5
6F5
100
AcDbEntity
  8
Acrylic_0_Top
  6
ByLayer
 62
  256
370
   -1
100
AcDbPolyline
 90
    4
 70
    1
 43
0
 10
38.29999999999999
 20
16.69999999999999
 10
38.29999999999999
 20
10.90000000000001
 10
35.89999999999998
 20
10.90000000000001
 10
35.89999999999998
 20
16.69999999999999
  0
LWPOLYLINE
  5
6F6
100
AcDbEntity
  8
Acrylic_0_Top
  6
ByLayer
 62
  256
370
   -1
100
AcDbPolyline
 90
    4
 70
    1
 43
0
 10
32.20052555088163
 20
15.96412877926529
 10
34.42008945859914
 20
10.60562749069985
 10
32.20277858057205
 20
9.687187253023628
 10
29.98321467285453
 20
15.04568854158907
  0
LWPOLYLINE
  5
6F7
100
AcDbEntity
  8
Acrylic_0_Top
  6
ByLayer
 62
  256
370
   -1
100
AcDbPolyline
 90
    4
 70
    1
 43
0
 10
26.84695167279506
 20
12.95010460205264
 10
30.94817100367703
 20
8.848885271170676
 10
29.25111472882931
 20
7.151828996322958
 10
25.14989539794735
 20
11.25304832720492
  0
LWPOLYLINE
  5
6F8
100
AcDbEntity
  8
Acrylic_0_Top
  6
ByLayer
 62
  256
370
   -1
100
AcDbPolyline
 90
    4
 70
    1
 43
0
 10
23.05431145841092
 20
8.116785327145449
 10
28.41281274697636
 20
5.897221419427931
 10
27.49437250930015
 20
3.679910541400838
 10
22.1358712207347
 20
5.899474449118356
  0
LWPOLYLINE
  5
6F9
100
AcDbEntity
  8
Acrylic_0_Top
  6
ByLayer
 62
  256
370
   -1
100
AcDbPolyline
 90
    4
 70
    1
 43
0
 10
21.40000000000001
 20
2.199999999999992
 10
27.2
 20
2.199999999999991
 10
27.2
 20
-0.2000000000000146
 10
21.40000000000001
 20
-0.2000000000000133
  0
LWPOLYLINE
  5
6FA
100
AcDbEntity
  8
Acrylic_0_Top
  6
ByLayer
 62
  256
370
   -1
100
AcDbPolyline
 90
    4
 70
    1
 43
0
 10
30.819
 20
-8.90000000000002
 10
33.219
 20
-8.90000000000002
 10
33.219
 20
-14.70000000000002
 10
30.819
 20
-14.70000000000002
  0
LWPOLYLINE
  5
6FB
100
AcDbEntity
  8
Acrylic_0_Top
  6
ByLayer
 62
  256
370
   -1
100
AcDbPolyline
 90
    4
 70
    1
 43
0
 10
40.97900000000002
 20
-8.90000000000002
 10
43.37900000000003
 20
-8.90000000000002
 10
43.37900000000003
 20
-14.70000000000002
 10
40.97900000000002
 20
-14.70000000000002
  0
LWPOLYLINE
  5
6FC
100
AcDbEntity
  8
Acrylic_0_Top
  6
ByLayer
 62
  256
370
   -1
100
AcDbPolyline
 90
    4
 70
    1
 43
0
 10
59.50000000000001
 20
2.199999999999989
 10
65.3
 20
2.199999999999989
 10
65.3
 20
-0.200000000000017
 10
59.50000000000001
 20
-0.200000000000017
  0
LWPOLYLINE
  5
6FD
100
AcDbEntity
  8
Acrylic_0_Top
  6
ByLayer
 62
  256
370
   -1
100
AcDbPolyline
 90
    4
 70
    1
 43
0
 10
60.23587122073471
 20
-3.899474449118371
 10
65.59437250930016
 20
-1.679910541400858
 10
66.51281274697638
 20
-3.897221419427951
 10
61.15431145841093
 20
-6.116785327145465
  0
LWPOLYLINE
  5
6FE
100
AcDbEntity
  8
Acrylic_0_Top
  6
ByLayer
 62
  256
370
   -1
100
AcDbPolyline
 90
    4
 70
    1
 43
0
 10
63.24989539794737
 20
-9.253048327204938
 10
67.35111472882933
 20
-5.151828996322974
 10
69.04817100367706
 20
-6.848885271170692
 10
64.94695167279508
 20
-10.95010460205266
  0
LWPOLYLINE
  5
6FF
100
AcDbEntity
  8
Acrylic_0_Top
  6
ByLayer
 62
  256
370
   -1
100
AcDbPolyline
 90
    4
 70
    1
 43
0
 10
74.00000000000001
 20
-14.69999999999999
 10
74.00000000000001
 20
-8.900000000000006
 10
76.40000000000002
 20
-8.900000000000006
 10
76.40000000000002
 20
-14.69999999999999
  0
LWPOLYLINE
  5
700
100
AcDbEntity
  8
Acrylic_0_Top
  6
ByLayer
 62
  256
370
   -1
100
AcDbPolyline
 90
    4
 70
    1
 43
0
 10
85.45304832720494
 20
-10.95010460205264
 10
81.35182899632298
 20
-6.848885271170674
 10
83.04888527117069
 20
-5.151828996322957
 10
87.15010460205266
 20
-9.253048327204919
  0
LWPOLYLINE
  5
701
100
AcDbEntity
  8
Acrylic_0_Top
  6
ByLayer
 62
  256
370
   -1
100
AcDbPolyline
 90
    4
 70
    1
 43
0
 10
89.24568854158909
 20
-6.116785327145441
 10
83.88718725302364
 20
-3.897221419427925
 10
84.80562749069986
 20
-1.679910541400832
 10
90.1641287792653
 20
-3.899474449118348
  0
LWPOLYLINE
  5
702
100
AcDbEntity
  8
Acrylic_0_Top
  6
ByLayer
 62
  256
370
   -1
100
AcDbPolyline
 90
    4
 70
    1
 43
0
 10
90.89999999999999
 20
-0.1999999999999906
 10
85.10000000000001
 20
-0.1999999999999897
 10
85.10000000000001
 20
2.200000000000016
 10
90.89999999999999
 20
2.200000000000015
  0
LWPOLYLINE
  5
703
100
AcDbEntity
  8
Acrylic_0_Top
  6
ByLayer
 62
  256
370
   -1
100
AcDbPolyline
 90
    4
 70
    1
 43
0
 10
90.1641287792653
 20
5.89947444911837
 10
84.80562749069986
 20
3.679910541400856
 10
83.88718725302363
 20
5.89722141942795
 10
89.24568854158909
 20
8.116785327145463
  0
LWPOLYLINE
  5
704
100
AcDbEntity
  8
Acrylic_0_Top
  6
ByLayer
 62
  256
370
   -1
100
AcDbPolyline
 90
    4
 70
    1
 43
0
 10
87.15010460205264
 20
11.25304832720494
 10
83.04888527117068
 20
7.151828996322974
 10
81.35182899632295
 20
8.848885271170694
 10
85.45304832720493
 20
12.95010460205266
  0
LWPOLYLINE
  5
705
100
AcDbEntity
  8
Acrylic_0_Top
  6
ByLayer
 62
  256
370
   -1
100
AcDbPolyline
 90
    4
 70
    1
 43
0
 10
82.31678532714545
 20
15.04568854158908
 10
80.09722141942794
 20
9.687187253023637
 10
77.87991054140085
 20
10.60562749069986
 10
80.09947444911836
 20
15.9641287792653
  0
LWPOLYLINE
  5
706
100
AcDbEntity
  8
Acrylic_0_Top
  6
ByLayer
 62
  256
370
   -1
100
AcDbPolyline
 90
    4
 70
    1
 43
0
 10
76.39999999999999
 20
16.69999999999999
 10
76.39999999999999
 20
10.90000000000001
 10
73.99999999999999
 20
10.90000000000001
 10
73.99999999999999
 20
16.69999999999999
  0
LWPOLYLINE
  5
707
100
AcDbEntity
  8
Acrylic_0_Top
  6
ByLayer
 62
  256
370
   -1
100
AcDbPolyline
 90
    4
 70
    1
 43
0
 10
70.30052555088163
 20
15.96412877926529
 10
72.52008945859914
 20
10.60562749069985
 10
70.30277858057205
 20
9.687187253023628
 10
68.08321467285454
 20
15.04568854158907
  0
LWPOLYLINE
  5
708
100
AcDbEntity
  8
Acrylic_0_Top
  6
ByLayer
 62
  256
370
   -1
100
AcDbPolyline
 90
    4
 70
    1
 43
0
 10
64.94695167279507
 20
12.95010460205264
 10
69.04817100367703
 20
8.848885271170676
 10
67.35111472882932
 20
7.151828996322958
 10
63.24989539794735
 20
11.25304832720492
  0
LWPOLYLINE
  5
709
100
AcDbEntity
  8
Acrylic_0_Top
  6
ByLayer
 62
  256
370
   -1
100
AcDbPolyline
 90
    4
 70
    1
 43
0
 10
61.15431145841092
 20
8.116785327145449
 10
66.51281274697637
 20
5.897221419427931
 10
65.59437250930014
 20
3.679910541400838
 10
60.2358712207347
 20
5.899474449118356
  0
LWPOLYLINE
  5
70A
100
AcDbEntity
  8
Acrylic_0_Top
  6
ByLayer
 62
  256
370
   -1
100
AcDbPolyline
 90
    4
 70
    1
 43
0
 10
59.50000000000001
 20
2.199999999999992
 10
65.3
 20
2.199999999999991
 10
65.3
 20
-0.2000000000000146
 10
59.50000000000001
 20
-0.2000000000000133
  0
LWPOLYLINE
  5
70B
100
AcDbEntity
  8
Acrylic_0_Top
  6
ByLayer
 62
  256
370
   -1
100
AcDbPolyline
 90
    4
 70
    1
 43
0
 10
68.919
 20
-8.90000000000002
 10
71.319
 20
-8.90000000000002
 10
71.319
 20
-14.70000000000002
 10
68.919
 20
-14.70000000000002
  0
LWPOLYLINE
  5
70C
100
AcDbEntity
  8
Acrylic_0_Top
  6
ByLayer
 62
  256
370
   -1
100
AcDbPolyline
 90
    4
 70
    1
 43
0
 10
79.07900000000002
 20
-8.90000000000002
 10
81.47900000000003
 20
-8.90000000000002
 10
81.47900000000003
 20
-14.70000000000002
 10
79.07900000000002
 20
-14.70000000000002
  0
LWPOLYLINE
  5
70D
100
AcDbEntity
  8
Acrylic_0_Top
  6
ByLayer
 62
  256
370
   -1
100
AcDbPolyline
 90
    4
 70
    1
 43
0
 10
97.60000000000002
 20
2.199999999999989
 10
103.4
 20
2.199999999999989
 10
103.4
 20
-0.200000000000017
 10
97.60000000000002
 20
-0.200000000000017
  0
LWPOLYLINE
  5
70E
100
AcDbEntity
  8
Acrylic_0_Top
  6
ByLayer
 62
  256
370
   -1
100
AcDbPolyline
 90
    4
 70
    1
 43
0
 10
98.3358712207347
 20
-3.899474449118371
 10
103.6943725093002
 20
-1.679910541400858
 10
104.6128127469764
 20
-3.897221419427951
 10
99.25431145841094
 20
-6.116785327145465
  0
LWPOLYLINE
  5
70F
100
AcDbEntity
  8
Acrylic_0_Top
  6
ByLayer
 62
  256
370
   -1
100
AcDbPolyline
 90
    4
 70
    1
 43
0
 10
101.3498953979474
 20
-9.253048327204938
 10
105.4511147288293
 20
-5.151828996322974
 10
107.148171003677
 20
-6.848885271170692
 10
103.0469516727951
 20
-10.95010460205266
  0
LWPOLYLINE
  5
710
100
AcDbEntity
  8
Acrylic_0_Top
  6
ByLayer
 62
  256
370
   -1
100
AcDbPolyline
 90
    4
 70
    1
 43
0
 10
112.1
 20
-14.69999999999999
 10
112.1
 20
-8.900000000000006
 10
114.5
 20
-8.900000000000006
 10
114.5
 20
-14.69999999999999
  0
LWPOLYLINE
  5
711
100
AcDbEntity
  8
Acrylic_0_Top
  6
ByLayer
 62
  256
370
   -1
100
AcDbPolyline
 90
    4
 70
    1
 43
0
 10
123.5530483272049
 20
-10.95010460205264
 10
119.451828996323
 20
-6.848885271170674
 10
121.1488852711707
 20
-5.151828996322957
 10
125.2501046020527
 20
-9.253048327204919
  0
LWPOLYLINE
  5
712
100
AcDbEntity
  8
Acrylic_0_Top
  6
ByLayer
 62
  256
370
   -1
100
AcDbPolyline
 90
    4
 70
    1
 43
0
 10
127.3456885415891
 20
-6.116785327145441
 10
121.9871872530236
 20
-3.897221419427925
 10
122.9056274906999
 20
-1.679910541400832
 10
128.2641287792653
 20
-3.899474449118348
  0
LWPOLYLINE
  5
713
100
AcDbEntity
  8
Acrylic_0_Top
  6
ByLayer
 62
  256
370
   -1
100
AcDbPolyline
 90
    4
 70
    1
 43
0
 10
129
 20
-0.1999999999999906
 10
123.2
 20
-0.1999999999999897
 10
123.2
 20
2.200000000000016
 10
129
 20
2.200000000000015
  0
LWPOLYLINE
  5
714
100
AcDbEntity
  8
Acrylic_0_Top
  6
ByLayer
 62
  256
370
   -1
100
AcDbPolyline
 90
    4
 70
    1
 43
0
 10
128.2641287792653
 20
5.89947444911837
 10
122.9056274906999
 20
3.679910541400856
 10
121.9871872530236
 20
5.89722141942795
 10
127.3456885415891
 20
8.116785327145463
  0
LWPOLYLINE
  5
715
100
AcDbEntity
  8
Acrylic_0_Top
  6
ByLayer
 62
  256
370
   -1
100
AcDbPolyline
 90
    4
 70
    1
 43
0
 10
125.2501046020526
 20
11.25304832720494
 10
121.1488852711707
 20
7.151828996322974
 10
119.4518289963229
 20
8.848885271170694
 10
123.5530483272049
 20
12.95010460205266
  0
LWPOLYLINE
  5
716
100
AcDbEntity
  8
Acrylic_0_Top
  6
ByLayer
 62
  256
370
   -1
100
AcDbPolyline
 90
    4
 70
    1
 43
0
 10
120.4167853271454
 20
15.04568854158908
 10
118.1972214194279
 20
9.687187253023637
 10
115.9799105414008
 20
10.60562749069986
 10
118.1994744491184
 20
15.9641287792653
  0
LWPOLYLINE
  5
717
100
AcDbEntity
  8
Acrylic_0_Top
  6
ByLayer
 62
  256
370
   -1
100
AcDbPolyline
 90
    4
 70
    1
 43
0
 10
114.5
 20
16.69999999999999
 10
114.5
 20
10.90000000000001
 10
112.1
 20
10.90000000000001
 10
112.1
 20
16.69999999999999
  0
LWPOLYLINE
  5
718
100
AcDbEntity
  8
Acrylic_0_Top
  6
ByLayer
 62
  256
370
   -1
100
AcDbPolyline
 90
    4
 70
    1
 43
0
 10
108.4005255508816
 20
15.96412877926529
 10
110.6200894585992
 20
10.60562749069985
 10
108.4027785805721
 20
9.687187253023628
 10
106.1832146728545
 20
15.04568854158907
  0
LWPOLYLINE
  5
719
100
AcDbEntity
  8
Acrylic_0_Top
  6
ByLayer
 62
  256
370
   -1
100
AcDbPolyline
 90
    4
 70
    1
 43
0
 10
103.0469516727951
 20
12.95010460205264
 10
107.148171003677
 20
8.848885271170676
 10
105.4511147288293
 20
7.151828996322958
 10
101.3498953979473
 20
11.25304832720492
  0
LWPOLYLINE
  5
71A
100
AcDbEntity
  8
Acrylic_0_Top
  6
ByLayer
 62
  256
370
   -1
100
AcDbPolyline
 90
    4
 70
    1
 43
0
 10
99.25431145841091
 20
8.116785327145449
 10
104.6128127469764
 20
5.897221419427931
 10
103.6943725093001
 20
3.679910541400838
 10
98.3358712207347
 20
5.899474449118356
  0
LWPOLYLINE
  5
71B
100
AcDbEntity
  8
Acrylic_0_Top
  6
ByLayer
 62
  256
370
   -1
100
AcDbPolyline
 90
    4
 70
    1
 43
0
 10
97.60000000000002
 20
2.199999999999992
 10
103.4
 20
2.199999999999991
 10
103.4
 20
-0.2000000000000146
 10
97.60000000000002
 20
-0.2000000000000133
  0
LWPOLYLINE
  5
71C
100
AcDbEntity
  8
Acrylic_0_Top
  6
ByLayer
 62
  256
370
   -1
100
AcDbPolyline
 90
    4
 70
    1
 43
0
 10
107.019
 20
-8.90000000000002
 10
109.419
 20
-8.90000000000002
 10
109.419
 20
-14.70000000000002
 10
107.019
 20
-14.70000000000002
  0
LWPOLYLINE
  5
71D
100
AcDbEntity
  8
Acrylic_0_Top
  6
ByLayer
 62
  256
370
   -1
100
AcDbPolyline
 90
    4
 70
    1
 43
0
 10
117.179
 20
-8.90000000000002
 10
119.579
 20
-8.90000000000002
 10
119.579
 20
-14.70000000000002
 10
117.179
 20
-14.70000000000002
  0
LWPOLYLINE
  5
71E
100
AcDbEntity
  8
Acrylic_0_Top
  6
ByLayer
 62
  256
370
   -1
100
AcDbPolyline
 90
    4
 70
    1
 43
0
 10
-16.69999999999999
 20
-35.90000000000001
 10
-10.90000000000001
 20
-35.90000000000001
 10
-10.90000000000001
 20
-38.30000000000002
 10
-16.69999999999999
 20
-38.30000000000002
  0
LWPOLYLINE
  5
71F
100
AcDbEntity
  8
Acrylic_0_Top
  6
ByLayer
 62
  256
370
   -1
100
AcDbPolyline
 90
    4
 70
    1
 43
0
 10
-15.96412877926529
 20
-41.99947444911837
 10
-10.60562749069985
 20
-39.77991054140086
 10
-9.687187253023628
 20
-41.99722141942795
 10
-15.04568854158908
 20
-44.21678532714547
  0
LWPOLYLINE
  5
720
100
AcDbEntity
  8
Acrylic_0_Top
  6
ByLayer
 62
  256
370
   -1
100
AcDbPolyline
 90
    4
 70
    1
 43
0
 10
-12.95010460205264
 20
-47.35304832720494
 10
-8.848885271170674
 20
-43.25182899632298
 10
-7.151828996322957
 20
-44.9488852711707
 10
-11.25304832720492
 20
-49.05010460205266
  0
LWPOLYLINE
  5
721
100
AcDbEntity
  8
Acrylic_0_Top
  6
ByLayer
 62
  256
370
   -1
100
AcDbPolyline
 90
    4
 70
    1
 43
0
 10
-2.19999999999999
 20
-52.79999999999999
 10
-2.199999999999989
 20
-47.00000000000001
 10
0.2000000000000165
 20
-47.00000000000001
 10
0.2000000000000163
 20
-52.79999999999999
  0
LWPOLYLINE
  5
722
100
AcDbEntity
  8
Acrylic_0_Top
  6
ByLayer
 62
  256
370
   -1
100
AcDbPolyline
 90
    4
 70
    1
 43
0
 10
9.253048327204938
 20
-49.05010460205264
 10
5.151828996322974
 20
-44.94888527117067
 10
6.848885271170692
 20
-43.25182899632296
 10
10.95010460205266
 20
-47.35304832720492
  0
LWPOLYLINE
  5
723
100
AcDbEntity
  8
Acrylic_0_Top
  6
ByLayer
 62
  256
370
   -1
100
AcDbPolyline
 90
    4
 70
    1
 43
0
 10
13.04568854158909
 20
-44.21678532714544
 10
7.687187253023639
 20
-41.99722141942793
 10
8.605627490699858
 20
-39.77991054140083
 10
13.96412877926531
 20
-41.99947444911835
  0
LWPOLYLINE
  5
724
100
AcDbEntity
  8
Acrylic_0_Top
  6
ByLayer
 62
  256
370
   -1
100
AcDbPolyline
 90
    4
 70
    1
 43
0
 10
14.69999999999999
 20
-38.29999999999999
 10
8.900000000000006
 20
-38.29999999999999
 10
8.900000000000006
 20
-35.89999999999998
 10
14.69999999999999
 20
-35.89999999999998
  0
LWPOLYLINE
  5
725
100
AcDbEntity
  8
Acrylic_0_Top
  6
ByLayer
 62
  256
370
   -1
100
AcDbPolyline
 90
    4
 70
    1
 43
0
 10
13.9641287792653
 20
-32.20052555088163
 10
8.605627490699849
 20
-34.42008945859914
 10
7.68718725302363
 20
-32.20277858057205
 10
13.04568854158908
 20
-29.98321467285454
  0
LWPOLYLINE
  5
726
100
AcDbEntity
  8
Acrylic_0_Top
  6
ByLayer
 62
  256
370
   -1
100
AcDbPolyline
 90
    4
 70
    1
 43
0
 10
10.95010460205264
 20
-26.84695167279506
 10
6.848885271170675
 20
-30.94817100367703
 10
5.151828996322958
 20
-29.25111472882931
 10
9.253048327204921
 20
-25.14989539794735
  0
LWPOLYLINE
  5
727
100
AcDbEntity
  8
Acrylic_0_Top
  6
ByLayer
 62
  256
370
   -1
100
AcDbPolyline
 90
    4
 70
    1
 43
0
 10
6.116785327145447
 20
-23.05431145841092
 10
3.89722141942793
 20
-28.41281274697636
 10
1.679910541400837
 20
-27.49437250930015
 10
3.899474449118355
 20
-22.1358712207347
  0
LWPOLYLINE
  5
728
100
AcDbEntity
  8
Acrylic_0_Top
  6
ByLayer
 62
  256
370
   -1
100
AcDbPolyline
 90
    4
 70
    1
 43
0
 10
0.1999999999999916
 20
-21.40000000000001
 10
0.1999999999999905
 20
-27.2
 10
-2.200000000000015
 20
-27.2
 10
-2.200000000000014
 20
-21.40000000000001
  0
LWPOLYLINE
  5
729
100
AcDbEntity
  8
Acrylic_0_Top
  6
ByLayer
 62
  256
370
   -1
100
AcDbPolyline
 90
    4
 70
    1
 43
0
 10
-5.899474449118375
 20
-22.13587122073471
 10
-3.67991054140086
 20
-27.49437250930016
 10
-5.897221419427953
 20
-28.41281274697637
 10
-8.116785327145468
 20
-23.05431145841093
  0
LWPOLYLINE
  5
72A
100
AcDbEntity
  8
Acrylic_0_Top
  6
ByLayer
 62
  256
370
   -1
100
AcDbPolyline
 90
    4
 70
    1
 43
0
 10
-11.25304832720494
 20
-25.14989539794736
 10
-7.151828996322974
 20
-29.25111472882933
 10
-8.848885271170692
 20
-30.94817100367704
 10
-12.95010460205265
 20
-26.84695167279508
  0
LWPOLYLINE
  5
72B
100
AcDbEntity
  8
Acrylic_0_Top
  6
ByLayer
 62
  256
370
   -1
100
AcDbPolyline
 90
    4
 70
    1
 43
0
 10
-15.04568854158908
 20
-29.98321467285455
 10
-9.687187253023637
 20
-32.20277858057207
 10
-10.60562749069986
 20
-34.42008945859916
 10
-15.9641287792653
 20
-32.20052555088164
  0
LWPOLYLINE
  5
72C
100
AcDbEntity
  8
Acrylic_0_Top
  6
ByLayer
 62
  256
370
   -1
100
AcDbPolyline
 90
    4
 70
    1
 43
0
 10
-16.69999999999999
 20
-35.90000000000001
 10
-10.90000000000001
 20
-35.90000000000001
 10
-10.90000000000001
 20
-38.30000000000002
 10
-16.69999999999999
 20
-38.30000000000001
  0
LWPOLYLINE
  5
72D
100
AcDbEntity
  8
Acrylic_0_Top
  6
ByLayer
 62
  256
370
   -1
100
AcDbPolyline
 90
    4
 70
    1
 43
0
 10
-7.281000000000006
 20
-47.00000000000002
 10
-4.880999999999999
 20
-47.00000000000002
 10
-4.880999999999999
 20
-52.80000000000002
 10
-7.281000000000006
 20
-52.80000000000002
  0
LWPOLYLINE
  5
72E
100
AcDbEntity
  8
Acrylic_0_Top
  6
ByLayer
 62
  256
370
   -1
100
AcDbPolyline
 90
    4
 70
    1
 43
0
 10
2.87900000000002
 20
-47.00000000000002
 10
5.279000000000026
 20
-47.00000000000002
 10
5.279000000000026
 20
-52.80000000000002
 10
2.87900000000002
 20
-52.80000000000002
  0
LWPOLYLINE
  5
72F
100
AcDbEntity
  8
Acrylic_0_Top
  6
ByLayer
 62
  256
370
   -1
100
AcDbPolyline
 90
    4
 70
    1
 43
0
 10
21.40000000000001
 20
-35.90000000000001
 10
27.2
 20
-35.90000000000001
 10
27.2
 20
-38.30000000000002
 10
21.40000000000001
 20
-38.30000000000002
  0
LWPOLYLINE
  5
730
100
AcDbEntity
  8
Acrylic_0_Top
  6
ByLayer
 62
  256
370
   -1
100
AcDbPolyline
 90
    4
 70
    1
 43
0
 10
22.13587122073471
 20
-41.99947444911837
 10
27.49437250930016
 20
-39.77991054140086
 10
28.41281274697637
 20
-41.99722141942795
 10
23.05431145841093
 20
-44.21678532714547
  0
LWPOLYLINE
  5
731
100
AcDbEntity
  8
Acrylic_0_Top
  6
ByLayer
 62
  256
370
   -1
100
AcDbPolyline
 90
    4
 70
    1
 43
0
 10
25.14989539794736
 20
-47.35304832720494
 10
29.25111472882933
 20
-43.25182899632298
 10
30.94817100367705
 20
-44.9488852711707
 10
26.84695167279508
 20
-49.05010460205266
  0
LWPOLYLINE
  5
732
100
AcDbEntity
  8
Acrylic_0_Top
  6
ByLayer
 62
  256
370
   -1
100
AcDbPolyline
 90
    4
 70
    1
 43
0
 10
35.90000000000001
 20
-52.79999999999999
 10
35.90000000000001
 20
-47.00000000000001
 10
38.30000000000002
 20
-47.00000000000001
 10
38.30000000000002
 20
-52.79999999999999
  0
LWPOLYLINE
  5
733
100
AcDbEntity
  8
Acrylic_0_Top
  6
ByLayer
 62
  256
370
   -1
100
AcDbPolyline
 90
    4
 70
    1
 43
0
 10
47.35304832720494
 20
-49.05010460205264
 10
43.25182899632298
 20
-44.94888527117067
 10
44.9488852711707
 20
-43.25182899632296
 10
49.05010460205266
 20
-47.35304832720492
  0
LWPOLYLINE
  5
734
100
AcDbEntity
  8
Acrylic_0_Top
  6
ByLayer
 62
  256
370
   -1
100
AcDbPolyline
 90
    4
 70
    1
 43
0
 10
51.14568854158909
 20
-44.21678532714544
 10
45.78718725302364
 20
-41.99722141942793
 10
46.70562749069986
 20
-39.77991054140083
 10
52.0641287792653
 20
-41.99947444911835
  0
LWPOLYLINE
  5
735
100
AcDbEntity
  8
Acrylic_0_Top
  6
ByLayer
 62
  256
370
   -1
100
AcDbPolyline
 90
    4
 70
    1
 43
0
 10
52.79999999999999
 20
-38.29999999999999
 10
47.00000000000001
 20
-38.29999999999999
 10
47.00000000000001
 20
-35.89999999999998
 10
52.79999999999999
 20
-35.89999999999998
  0
LWPOLYLINE
  5
736
100
AcDbEntity
  8
Acrylic_0_Top
  6
ByLayer
 62
  256
370
   -1
100
AcDbPolyline
 90
    4
 70
    1
 43
0
 10
52.0641287792653
 20
-32.20052555088163
 10
46.70562749069985
 20
-34.42008945859914
 10
45.78718725302363
 20
-32.20277858057205
 10
51.14568854158908
 20
-29.98321467285454
  0
LWPOLYLINE
  5
737
100
AcDbEntity
  8
Acrylic_0_Top
  6
ByLayer
 62
  256
370
   -1
100
AcDbPolyline
 90
    4
 70
    1
 43
0
 10
49.05010460205264
 20
-26.84695167279506
 10
44.94888527117067
 20
-30.94817100367703
 10
43.25182899632296
 20
-29.25111472882931
 10
47.35304832720492
 20
-25.14989539794735
  0
LWPOLYLINE
  5
738
100
AcDbEntity
  8
Acrylic_0_Top
  6
ByLayer
 62
  256
370
   -1
100
AcDbPolyline
 90
    4
 70
    1
 43
0
 10
44.21678532714544
 20
-23.05431145841092
 10
41.99722141942793
 20
-28.41281274697636
 10
39.77991054140084
 20
-27.49437250930015
 10
41.99947444911835
 20
-22.1358712207347
  0
LWPOLYLINE
  5
739
100
AcDbEntity
  8
Acrylic_0_Top
  6
ByLayer
 62
  256
370
   -1
100
AcDbPolyline
 90
    4
 70
    1
 43
0
 10
38.29999999999999
 20
-21.40000000000001
 10
38.29999999999999
 20
-27.2
 10
35.89999999999998
 20
-27.2
 10
35.89999999999998
 20
-21.40000000000001
  0
LWPOLYLINE
  5
73A
100
AcDbEntity
  8
Acrylic_0_Top
  6
ByLayer
 62
  256
370
   -1
100
AcDbPolyline
 90
    4
 70
    1
 43
0
 10
32.20052555088163
 20
-22.13587122073471
 10
34.42008945859914
 20
-27.49437250930016
 10
32.20277858057205
 20
-28.41281274697637
 10
29.98321467285453
 20
-23.05431145841093
  0
LWPOLYLINE
  5
73B
100
AcDbEntity
  8
Acrylic_0_Top
  6
ByLayer
 62
  256
370
   -1
100
AcDbPolyline
 90
    4
 70
    1
 43
0
 10
26.84695167279506
 20
-25.14989539794736
 10
30.94817100367703
 20
-29.25111472882933
 10
29.25111472882931
 20
-30.94817100367704
 10
25.14989539794735
 20
-26.84695167279508
  0
LWPOLYLINE
  5
73C
100
AcDbEntity
  8
Acrylic_0_Top
  6
ByLayer
 62
  256
370
   -1
100
AcDbPolyline
 90
    4
 70
    1
 43
0
 10
23.05431145841092
 20
-29.98321467285455
 10
28.41281274697636
 20
-32.20277858057207
 10
27.49437250930015
 20
-34.42008945859916
 10
22.1358712207347
 20
-32.20052555088164
  0
LWPOLYLINE
  5
73D
100
AcDbEntity
  8
Acrylic_0_Top
  6
ByLayer
 62
  256
370
   -1
100
AcDbPolyline
 90
    4
 70
    1
 43
0
 10
21.40000000000001
 20
-35.90000000000001
 10
27.2
 20
-35.90000000000001
 10
27.2
 20
-38.30000000000002
 10
21.40000000000001
 20
-38.30000000000001
  0
LWPOLYLINE
  5
73E
100
AcDbEntity
  8
Acrylic_0_Top
  6
ByLayer
 62
  256
370
   -1
100
AcDbPolyline
 90
    4
 70
    1
 43
0
 10
30.819
 20
-47.00000000000002
 10
33.219
 20
-47.00000000000002
 10
33.219
 20
-52.80000000000002
 10
30.819
 20
-52.80000000000002
  0
LWPOLYLINE
  5
73F
100
AcDbEntity
  8
Acrylic_0_Top
  6
ByLayer
 62
  256
370
   -1
100
AcDbPolyline
 90
    4
 70
    1
 43
0
 10
40.97900000000002
 20
-47.00000000000002
 10
43.37900000000003
 20
-47.00000000000002
 10
43.37900000000003
 20
-52.80000000000002
 10
40.97900000000002
 20
-52.80000000000002
  0
LWPOLYLINE
  5
740
100
AcDbEntity
  8
Acrylic_0_Top
  6
ByLayer
 62
  256
370
   -1
100
AcDbPolyline
 90
    4
 70
    1
 43
0
 10
59.50000000000001
 20
-35.90000000000001
 10
65.3
 20
-35.90000000000001
 10
65.3
 20
-38.30000000000002
 10
59.50000000000001
 20
-38.30000000000002
  0
LWPOLYLINE
  5
741
100
AcDbEntity
  8
Acrylic_0_Top
  6
ByLayer
 62
  256
370
   -1
100
AcDbPolyline
 90
    4
 70
    1
 43
0
 10
60.23587122073471
 20
-41.99947444911837
 10
65.59437250930016
 20
-39.77991054140086
 10
66.51281274697638
 20
-41.99722141942795
 10
61.15431145841093
 20
-44.21678532714547
  0
LWPOLYLINE
  5
742
100
AcDbEntity
  8
Acrylic_0_Top
  6
ByLayer
 62
  256
370
   -1
100
AcDbPolyline
 90
    4
 70
    1
 43
0
 10
63.24989539794737
 20
-47.35304832720494
 10
67.35111472882933
 20
-43.25182899632298
 10
69.04817100367706
 20
-44.9488852711707
 10
64.94695167279508
 20
-49.05010460205266
  0
LWPOLYLINE
  5
743
100
AcDbEntity
  8
Acrylic_0_Top
  6
ByLayer
 62
  256
370
   -1
100
AcDbPolyline
 90
    4
 70
    1
 43
0
 10
74.00000000000001
 20
-52.79999999999999
 10
74.00000000000001
 20
-47.00000000000001
 10
76.40000000000002
 20
-47.00000000000001
 10
76.40000000000002
 20
-52.79999999999999
  0
LWPOLYLINE
  5
744
100
AcDbEntity
  8
Acrylic_0_Top
  6
ByLayer
 62
  256
370
   -1
100
AcDbPolyline
 90
    4
 70
    1
 43
0
 10
85.45304832720494
 20
-49.05010460205264
 10
81.35182899632298
 20
-44.94888527117067
 10
83.04888527117069
 20
-43.25182899632296
 10
87.15010460205266
 20
-47.35304832720492
  0
LWPOLYLINE
  5
745
100
AcDbEntity
  8
Acrylic_0_Top
  6
ByLayer
 62
  256
370
   -1
100
AcDbPolyline
 90
    4
 70
    1
 43
0
 10
89.24568854158909
 20
-44.21678532714544
 10
83.88718725302364
 20
-41.99722141942793
 10
84.80562749069986
 20
-39.77991054140083
 10
90.1641287792653
 20
-41.99947444911835
  0
LWPOLYLINE
  5
746
100
AcDbEntity
  8
Acrylic_0_Top
  6
ByLayer
 62
  256
370
   -1
100
AcDbPolyline
 90
    4
 70
    1
 43
0
 10
90.89999999999999
 20
-38.29999999999999
 10
85.10000000000001
 20
-38.29999999999999
 10
85.10000000000001
 20
-35.89999999999998
 10
90.89999999999999
 20
-35.89999999999998
  0
LWPOLYLINE
  5
747
100
AcDbEntity
  8
Acrylic_0_Top
  6
ByLayer
 62
  256
370
   -1
100
AcDbPolyline
 90
    4
 70
    1
 43
0
 10
90.1641287792653
 20
-32.20052555088163
 10
84.80562749069986
 20
-34.42008945859914
 10
83.88718725302363
 20
-32.20277858057205
 10
89.24568854158909
 20
-29.98321467285454
  0
LWPOLYLINE
  5
748
100
AcDbEntity
  8
Acrylic_0_Top
  6
ByLayer
 62
  256
370
   -1
100
AcDbPolyline
 90
    4
 70
    1
 43
0
 10
87.15010460205264
 20
-26.84695167279506
 10
83.04888527117068
 20
-30.94817100367703
 10
81.35182899632295
 20
-29.25111472882931
 10
85.45304832720493
 20
-25.14989539794735
  0
LWPOLYLINE
  5
749
100
AcDbEntity
  8
Acrylic_0_Top
  6
ByLayer
 62
  256
370
   -1
100
AcDbPolyline
 90
    4
 70
    1
 43
0
 10
82.31678532714545
 20
-23.05431145841092
 10
80.09722141942794
 20
-28.41281274697636
 10
77.87991054140085
 20
-27.49437250930015
 10
80.09947444911836
 20
-22.1358712207347
  0
LWPOLYLINE
  5
74A
100
AcDbEntity
  8
Acrylic_0_Top
  6
ByLayer
 62
  256
370
   -1
100
AcDbPolyline
 90
    4
 70
    1
 43
0
 10
76.39999999999999
 20
-21.40000000000001
 10
76.39999999999999
 20
-27.2
 10
73.99999999999999
 20
-27.2
 10
73.99999999999999
 20
-21.40000000000001
  0
LWPOLYLINE
  5
74B
100
AcDbEntity
  8
Acrylic_0_Top
  6
ByLayer
 62
  256
370
   -1
100
AcDbPolyline
 90
    4
 70
    1
 43
0
 10
70.30052555088163
 20
-22.13587122073471
 10
72.52008945859914
 20
-27.49437250930016
 10
70.30277858057205
 20
-28.41281274697637
 10
68.08321467285454
 20
-23.05431145841093
  0
LWPOLYLINE
  5
74C
100
AcDbEntity
  8
Acrylic_0_Top
  6
ByLayer
 62
  256
370
   -1
100
AcDbPolyline
 90
    4
 70
    1
 43
0
 10
64.94695167279507
 20
-25.14989539794736
 10
69.04817100367703
 20
-29.25111472882933
 10
67.35111472882932
 20
-30.94817100367704
 10
63.24989539794735
 20
-26.84695167279508
  0
LWPOLYLINE
  5
74D
100
AcDbEntity
  8
Acrylic_0_Top
  6
ByLayer
 62
  256
370
   -1
100
AcDbPolyline
 90
    4
 70
    1
 43
0
 10
61.15431145841092
 20
-29.98321467285455
 10
66.51281274697637
 20
-32.20277858057207
 10
65.59437250930014
 20
-34.42008945859916
 10
60.2358712207347
 20
-32.20052555088164
  0
LWPOLYLINE
  5
74E
100
AcDbEntity
  8
Acrylic_0_Top
  6
ByLayer
 62
  256
370
   -1
100
AcDbPolyline
 90
    4
 70
    1
 43
0
 10
59.50000000000001
 20
-35.90000000000001
 10
65.3
 20
-35.90000000000001
 10
65.3
 20
-38.30000000000002
 10
59.50000000000001
 20
-38.30000000000001
  0
LWPOLYLINE
  5
74F
100
AcDbEntity
  8
Acrylic_0_Top
  6
ByLayer
 62
  256
370
   -1
100
AcDbPolyline
 90
    4
 70
    1
 43
0
 10
68.919
 20
-47.00000000000002
 10
71.319
 20
-47.00000000000002
 10
71.319
 20
-52.80000000000002
 10
68.919
 20
-52.80000000000002
  0
LWPOLYLINE
  5
750
100
AcDbEntity
  8
Acrylic_0_Top
  6
ByLayer
 62
  256
370
   -1
100
AcDbPolyline
 90
    4
 70
    1
 43
0
 10
79.07900000000002
 20
-47.00000000000002
 10
81.47900000000003
 20
-47.00000000000002
 10
81.47900000000003
 20
-52.80000000000002
 10
79.07900000000002
 20
-52.80000000000002
  0
LWPOLYLINE
  5
751
100
AcDbEntity
  8
Acrylic_0_Top
  6
ByLayer
 62
  256
370
   -1
100
AcDbPolyline
 90
    4
 70
    1
 43
0
 10
97.60000000000002
 20
-35.90000000000001
 10
103.4
 20
-35.90000000000001
 10
103.4
 20
-38.30000000000002
 10
97.60000000000002
 20
-38.30000000000002
  0
LWPOLYLINE
  5
752
100
AcDbEntity
  8
Acrylic_0_Top
  6
ByLayer
 62
  256
370
   -1
100
AcDbPolyline
 90
    4
 70
    1
 43
0
 10
98.3358712207347
 20
-41.99947444911837
 10
103.6943725093002
 20
-39.77991054140086
 10
104.6128127469764
 20
-41.99722141942795
 10
99.25431145841094
 20
-44.21678532714547
  0
LWPOLYLINE
  5
753
100
AcDbEntity
  8
Acrylic_0_Top
  6
ByLayer
 62
  256
370
   -1
100
AcDbPolyline
 90
    4
 70
    1
 43
0
 10
101.3498953979474
 20
-47.35304832720494
 10
105.4511147288293
 20
-43.25182899632298
 10
107.148171003677
 20
-44.9488852711707
 10
103.0469516727951
 20
-49.05010460205266
  0
LWPOLYLINE
  5
754
100
AcDbEntity
  8
Acrylic_0_Top
  6
ByLayer
 62
  256
370
   -1
100
AcDbPolyline
 90
    4
 70
    1
 43
0
 10
112.1
 20
-52.79999999999999
 10
112.1
 20
-47.00000000000001
 10
114.5
 20
-47.00000000000001
 10
114.5
 20
-52.79999999999999
  0
LWPOLYLINE
  5
755
100
AcDbEntity
  8
Acrylic_0_Top
  6
ByLayer
 62
  256
370
   -1
100
AcDbPolyline
 90
    4
 70
    1
 43
0
 10
123.5530483272049
 20
-49.05010460205264
 10
119.451828996323
 20
-44.94888527117067
 10
121.1488852711707
 20
-43.25182899632296
 10
125.2501046020527
 20
-47.35304832720492
  0
LWPOLYLINE
  5
756
100
AcDbEntity
  8
Acrylic_0_Top
  6
ByLayer
 62
  256
370
   -1
100
AcDbPolyline
 90
    4
 70
    1
 43
0
 10
127.3456885415891
 20
-44.21678532714544
 10
121.9871872530236
 20
-41.99722141942793
 10
122.9056274906999
 20
-39.77991054140083
 10
128.2641287792653
 20
-41.99947444911835
  0
LWPOLYLINE
  5
757
100
AcDbEntity
  8
Acrylic_0_Top
  6
ByLayer
 62
  256
370
   -1
100
AcDbPolyline
 90
    4
 70
    1
 43
0
 10
129
 20
-38.29999999999999
 10
123.2
 20
-38.29999999999999
 10
123.2
 20
-35.89999999999998
 10
129
 20
-35.89999999999998
  0
LWPOLYLINE
  5
758
100
AcDbEntity
  8
Acrylic_0_Top
  6
ByLayer
 62
  256
370
   -1
100
AcDbPolyline
 90
    4
 70
    1
 43
0
 10
128.2641287792653
 20
-32.20052555088163
 10
122.9056274906999
 20
-34.42008945859914
 10
121.9871872530236
 20
-32.20277858057205
 10
127.3456885415891
 20
-29.98321467285454
  0
LWPOLYLINE
  5
759
100
AcDbEntity
  8
Acrylic_0_Top
  6
ByLayer
 62
  256
370
   -1
100
AcDbPolyline
 90
    4
 70
    1
 43
0
 10
125.2501046020526
 20
-26.84695167279506
 10
121.1488852711707
 20
-30.94817100367703
 10
119.4518289963229
 20
-29.25111472882931
 10
123.5530483272049
 20
-25.14989539794735
  0
LWPOLYLINE
  5
75A
100
AcDbEntity
  8
Acrylic_0_Top
  6
ByLayer
 62
  256
370
   -1
100
AcDbPolyline
 90
    4
 70
    1
 43
0
 10
120.4167853271454
 20
-23.05431145841092
 10
118.1972214194279
 20
-28.41281274697636
 10
115.9799105414008
 20
-27.49437250930015
 10
118.1994744491184
 20
-22.1358712207347
  0
LWPOLYLINE
  5
75B
100
AcDbEntity
  8
Acrylic_0_Top
  6
ByLayer
 62
  256
370
   -1
100
AcDbPolyline
 90
    4
 70
    1
 43
0
 10
114.5
 20
-21.40000000000001
 10
114.5
 20
-27.2
 10
112.1
 20
-27.2
 10
112.1
 20
-21.40000000000001
  0
LWPOLYLINE
  5
75C
100
AcDbEntity
  8
Acrylic_0_Top
  6
ByLayer
 62
  256
370
   -1
100
AcDbPolyline
 90
    4
 70
    1
 43
0
 10
108.4005255508816
 20
-22.13587122073471
 10
110.6200894585992
 20
-27.49437250930016
 10
108.4027785805721
 20
-28.41281274697637
 10
106.1832146728545
 20
-23.05431145841093
  0
LWPOLYLINE
  5
75D
100
AcDbEntity
  8
Acrylic_0_Top
  6
ByLayer
 62
  256
370
   -1
100
AcDbPolyline
 90
    4
 70
    1
 43
0
 10
103.0469516727951
 20
-25.14989539794736
 10
107.148171003677
 20
-29.25111472882933
 10
105.4511147288293
 20
-30.94817100367704
 10
101.3498953979473
 20
-26.84695167279508
  0
LWPOLYLINE
  5
75E
100
AcDbEntity
  8
Acrylic_0_Top
  6
ByLayer
 62
  256
370
   -1
100
AcDbPolyline
 90
    4
 70
    1
 43
0
 10
99.25431145841091
 20
-29.98321467285455
 10
104.6128127469764
 20
-32.20277858057207
 10
103.6943725093001
 20
-34.42008945859916
 10
98.3358712207347
 20
-32.20052555088164
  0
LWPOLYLINE
  5
75F
100
AcDbEntity
  8
Acrylic_0_Top
  6
ByLayer
 62
  256
370
   -1
100
AcDbPolyline
 90
    4
 70
    1
 43
0
 10
97.60000000000002
 20
-35.90000000000001
 10
103.4
 20
-35.90000000000001
 10
103.4
 20
-38.30000000000002
 10
97.60000000000002
 20
-38.30000000000001
  0
LWPOLYLINE
  5
760
100
AcDbEntity
  8
Acrylic_0_Top
  6
ByLayer
 62
  256
370
   -1
100
AcDbPolyline
 90
    4
 70
    1
 43
0
 10
107.019
 20
-47.00000000000002
 10
109.419
 20
-47.00000000000002
 10
109.419
 20
-52.80000000000002
 10
107.019
 20
-52.80000000000002
  0
LWPOLYLINE
  5
761
100
AcDbEntity
  8
Acrylic_0_Top
  6
ByLayer
 62
  256
370
   -1
100
AcDbPolyline
 90
    4
 70
    1
 43
0
 10
117.179
 20
-47.00000000000002
 10
119.579
 20
-47.00000000000002
 10
119.579
 20
-52.80000000000002
 10
117.179
 20
-52.80000000000002
  0
LWPOLYLINE
  5
762
100
AcDbEntity
  8
Acrylic_0_Top
  6
ByLayer
 62
  256
370
   -1
100
AcDbPolyline
 90
    4
 70
    1
 43
0
 10
-16.69999999999999
 20
-77.70000000000002
 10
-10.90000000000001
 20
-77.70000000000002
 10
-10.90000000000001
 20
-80.10000000000002
 10
-16.69999999999999
 20
-80.10000000000002
  0
LWPOLYLINE
  5
763
100
AcDbEntity
  8
Acrylic_0_Top
  6
ByLayer
 62
  256
370
   -1
100
AcDbPolyline
 90
    4
 70
    1
 43
0
 10
-15.96412877926529
 20
-83.79947444911838
 10
-10.60562749069985
 20
-81.57991054140086
 10
-9.687187253023628
 20
-83.79722141942796
 10
-15.04568854158908
 20
-86.01678532714547
  0
LWPOLYLINE
  5
764
100
AcDbEntity
  8
Acrylic_0_Top
  6
ByLayer
 62
  256
370
   -1
100
AcDbPolyline
 90
    4
 70
    1
 43
0
 10
-12.95010460205264
 20
-89.15304832720494
 10
-8.848885271170674
 20
-85.05182899632298
 10
-7.151828996322957
 20
-86.74888527117069
 10
-11.25304832720492
 20
-90.85010460205267
  0
LWPOLYLINE
  5
765
100
AcDbEntity
  8
Acrylic_0_Top
  6
ByLayer
 62
  256
370
   -1
100
AcDbPolyline
 90
    4
 70
    1
 43
0
 10
-2.19999999999999
 20
-94.59999999999999
 10
-2.199999999999989
 20
-88.80000000000001
 10
0.2000000000000165
 20
-88.80000000000001
 10
0.2000000000000163
 20
-94.59999999999999
  0
LWPOLYLINE
  5
766
100
AcDbEntity
  8
Acrylic_0_Top
  6
ByLayer
 62
  256
370
   -1
100
AcDbPolyline
 90
    4
 70
    1
 43
0
 10
9.253048327204938
 20
-90.85010460205264
 10
5.151828996322974
 20
-86.74888527117068
 10
6.848885271170692
 20
-85.05182899632297
 10
10.95010460205266
 20
-89.15304832720493
  0
LWPOLYLINE
  5
767
100
AcDbEntity
  8
Acrylic_0_Top
  6
ByLayer
 62
  256
370
   -1
100
AcDbPolyline
 90
    4
 70
    1
 43
0
 10
13.04568854158909
 20
-86.01678532714544
 10
7.687187253023639
 20
-83.79722141942793
 10
8.605627490699858
 20
-81.57991054140084
 10
13.96412877926531
 20
-83.79947444911835
  0
LWPOLYLINE
  5
768
100
AcDbEntity
  8
Acrylic_0_Top
  6
ByLayer
 62
  256
370
   -1
100
AcDbPolyline
 90
    4
 70
    1
 43
0
 10
14.69999999999999
 20
-80.09999999999999
 10
8.900000000000006
 20
-80.09999999999999
 10
8.900000000000006
 20
-77.69999999999999
 10
14.69999999999999
 20
-77.69999999999999
  0
LWPOLYLINE
  5
769
100
AcDbEntity
  8
Acrylic_0_Top
  6
ByLayer
 62
  256
370
   -1
100
AcDbPolyline
 90
    4
 70
    1
 43
0
 10
13.9641287792653
 20
-74.00052555088163
 10
8.605627490699849
 20
-76.22008945859915
 10
7.68718725302363
 20
-74.00277858057206
 10
13.04568854158908
 20
-71.78321467285454
  0
LWPOLYLINE
  5
76A
100
AcDbEntity
  8
Acrylic_0_Top
  6
ByLayer
 62
  256
370
   -1
100
AcDbPolyline
 90
    4
 70
    1
 43
0
 10
10.95010460205264
 20
-68.64695167279507
 10
6.848885271170675
 20
-72.74817100367703
 10
5.151828996322958
 20
-71.0511147288293
 10
9.253048327204921
 20
-66.94989539794734
  0
LWPOLYLINE
  5
76B
100
AcDbEntity
  8
Acrylic_0_Top
  6
ByLayer
 62
  256
370
   -1
100
AcDbPolyline
 90
    4
 70
    1
 43
0
 10
6.116785327145447
 20
-64.85431145841092
 10
3.89722141942793
 20
-70.21281274697637
 10
1.679910541400837
 20
-69.29437250930015
 10
3.899474449118355
 20
-63.9358712207347
  0
LWPOLYLINE
  5
76C
100
AcDbEntity
  8
Acrylic_0_Top
  6
ByLayer
 62
  256
370
   -1
100
AcDbPolyline
 90
    4
 70
    1
 43
0
 10
0.1999999999999916
 20
-63.20000000000002
 10
0.1999999999999905
 20
-69
 10
-2.200000000000015
 20
-69
 10
-2.200000000000014
 20
-63.20000000000002
  0
LWPOLYLINE
  5
76D
100
AcDbEntity
  8
Acrylic_0_Top
  6
ByLayer
 62
  256
370
   -1
100
AcDbPolyline
 90
    4
 70
    1
 43
0
 10
-5.899474449118375
 20
-63.93587122073471
 10
-3.67991054140086
 20
-69.29437250930016
 10
-5.897221419427953
 20
-70.21281274697638
 10
-8.116785327145468
 20
-64.85431145841093
  0
LWPOLYLINE
  5
76E
100
AcDbEntity
  8
Acrylic_0_Top
  6
ByLayer
 62
  256
370
   -1
100
AcDbPolyline
 90
    4
 70
    1
 43
0
 10
-11.25304832720494
 20
-66.94989539794737
 10
-7.151828996322974
 20
-71.05111472882933
 10
-8.848885271170692
 20
-72.74817100367704
 10
-12.95010460205265
 20
-68.64695167279508
  0
LWPOLYLINE
  5
76F
100
AcDbEntity
  8
Acrylic_0_Top
  6
ByLayer
 62
  256
370
   -1
100
AcDbPolyline
 90
    4
 70
    1
 43
0
 10
-15.04568854158908
 20
-71.78321467285456
 10
-9.687187253023637
 20
-74.00277858057207
 10
-10.60562749069986
 20
-76.22008945859916
 10
-15.9641287792653
 20
-74.00052555088165
  0
LWPOLYLINE
  5
770
100
AcDbEntity
  8
Acrylic_0_Top
  6
ByLayer
 62
  256
370
   -1
100
AcDbPolyline
 90
    4
 70
    1
 43
0
 10
-16.69999999999999
 20
-77.70000000000002
 10
-10.90000000000001
 20
-77.70000000000002
 10
-10.90000000000001
 20
-80.10000000000002
 10
-16.69999999999999
 20
-80.10000000000002
  0
LWPOLYLINE
  5
771
100
AcDbEntity
  8
Acrylic_0_Top
  6
ByLayer
 62
  256
370
   -1
100
AcDbPolyline
 90
    4
 70
    1
 43
0
 10
-7.281000000000006
 20
-88.80000000000003
 10
-4.880999999999999
 20
-88.80000000000003
 10
-4.880999999999999
 20
-94.60000000000002
 10
-7.281000000000006
 20
-94.60000000000002
  0
LWPOLYLINE
  5
772
100
AcDbEntity
  8
Acrylic_0_Top
  6
ByLayer
 62
  256
370
   -1
100
AcDbPolyline
 90
    4
 70
    1
 43
0
 10
2.87900000000002
 20
-88.80000000000003
 10
5.279000000000026
 20
-88.80000000000003
 10
5.279000000000026
 20
-94.60000000000002
 10
2.87900000000002
 20
-94.60000000000002
  0
LWPOLYLINE
  5
773
100
AcDbEntity
  8
Acrylic_0_Top
  6
ByLayer
 62
  256
370
   -1
100
AcDbPolyline
 90
    4
 70
    1
 43
0
 10
21.40000000000001
 20
-77.70000000000002
 10
27.2
 20
-77.70000000000002
 10
27.2
 20
-80.10000000000002
 10
21.40000000000001
 20
-80.10000000000002
  0
LWPOLYLINE
  5
774
100
AcDbEntity
  8
Acrylic_0_Top
  6
ByLayer
 62
  256
370
   -1
100
AcDbPolyline
 90
    4
 70
    1
 43
0
 10
22.13587122073471
 20
-83.79947444911838
 10
27.49437250930016
 20
-81.57991054140086
 10
28.41281274697637
 20
-83.79722141942796
 10
23.05431145841093
 20
-86.01678532714547
  0
LWPOLYLINE
  5
775
100
AcDbEntity
  8
Acrylic_0_Top
  6
ByLayer
 62
  256
370
   -1
100
AcDbPolyline
 90
    4
 70
    1
 43
0
 10
25.14989539794736
 20
-89.15304832720494
 10
29.25111472882933
 20
-85.05182899632298
 10
30.94817100367705
 20
-86.74888527117069
 10
26.84695167279508
 20
-90.85010460205267
  0
LWPOLYLINE
  5
776
100
AcDbEntity
  8
Acrylic_0_Top
  6
ByLayer
 62
  256
370
   -1
100
AcDbPolyline
 90
    4
 70
    1
 43
0
 10
35.90000000000001
 20
-94.59999999999999
 10
35.90000000000001
 20
-88.80000000000001
 10
38.30000000000002
 20
-88.80000000000001
 10
38.30000000000002
 20
-94.59999999999999
  0
LWPOLYLINE
  5
777
100
AcDbEntity
  8
Acrylic_0_Top
  6
ByLayer
 62
  256
370
   -1
100
AcDbPolyline
 90
    4
 70
    1
 43
0
 10
47.35304832720494
 20
-90.85010460205264
 10
43.25182899632298
 20
-86.74888527117068
 10
44.9488852711707
 20
-85.05182899632297
 10
49.05010460205266
 20
-89.15304832720493
  0
LWPOLYLINE
  5
778
100
AcDbEntity
  8
Acrylic_0_Top
  6
ByLayer
 62
  256
370
   -1
100
AcDbPolyline
 90
    4
 70
    1
 43
0
 10
51.14568854158909
 20
-86.01678532714544
 10
45.78718725302364
 20
-83.79722141942793
 10
46.70562749069986
 20
-81.57991054140084
 10
52.0641287792653
 20
-83.79947444911835
  0
LWPOLYLINE
  5
779
100
AcDbEntity
  8
Acrylic_0_Top
  6
ByLayer
 62
  256
370
   -1
100
AcDbPolyline
 90
    4
 70
    1
 43
0
 10
52.79999999999999
 20
-80.09999999999999
 10
47.00000000000001
 20
-80.09999999999999
 10
47.00000000000001
 20
-77.69999999999999
 10
52.79999999999999
 20
-77.69999999999999
  0
LWPOLYLINE
  5
77A
100
AcDbEntity
  8
Acrylic_0_Top
  6
ByLayer
 62
  256
370
   -1
100
AcDbPolyline
 90
    4
 70
    1
 43
0
 10
52.0641287792653
 20
-74.00052555088163
 10
46.70562749069985
 20
-76.22008945859915
 10
45.78718725302363
 20
-74.00277858057206
 10
51.14568854158908
 20
-71.78321467285454
  0
LWPOLYLINE
  5
77B
100
AcDbEntity
  8
Acrylic_0_Top
  6
ByLayer
 62
  256
370
   -1
100
AcDbPolyline
 90
    4
 70
    1
 43
0
 10
49.05010460205264
 20
-68.64695167279507
 10
44.94888527117067
 20
-72.74817100367703
 10
43.25182899632296
 20
-71.0511147288293
 10
47.35304832720492
 20
-66.94989539794734
  0
LWPOLYLINE
  5
77C
100
AcDbEntity
  8
Acrylic_0_Top
  6
ByLayer
 62
  256
370
   -1
100
AcDbPolyline
 90
    4
 70
    1
 43
0
 10
44.21678532714544
 20
-64.85431145841092
 10
41.99722141942793
 20
-70.21281274697637
 10
39.77991054140084
 20
-69.29437250930015
 10
41.99947444911835
 20
-63.9358712207347
  0
LWPOLYLINE
  5
77D
100
AcDbEntity
  8
Acrylic_0_Top
  6
ByLayer
 62
  256
370
   -1
100
AcDbPolyline
 90
    4
 70
    1
 43
0
 10
38.29999999999999
 20
-63.20000000000002
 10
38.29999999999999
 20
-69
 10
35.89999999999998
 20
-69
 10
35.89999999999998
 20
-63.20000000000002
  0
LWPOLYLINE
  5
77E
100
AcDbEntity
  8
Acrylic_0_Top
  6
ByLayer
 62
  256
370
   -1
100
AcDbPolyline
 90
    4
 70
    1
 43
0
 10
32.20052555088163
 20
-63.93587122073471
 10
34.42008945859914
 20
-69.29437250930016
 10
32.20277858057205
 20
-70.21281274697638
 10
29.98321467285453
 20
-64.85431145841093
  0
LWPOLYLINE
  5
77F
100
AcDbEntity
  8
Acrylic_0_Top
  6
ByLayer
 62
  256
370
   -1
100
AcDbPolyline
 90
    4
 70
    1
 43
0
 10
26.84695167279506
 20
-66.94989539794737
 10
30.94817100367703
 20
-71.05111472882933
 10
29.25111472882931
 20
-72.74817100367704
 10
25.14989539794735
 20
-68.64695167279508
  0
LWPOLYLINE
  5
780
100
AcDbEntity
  8
Acrylic_0_Top
  6
ByLayer
 62
  256
370
   -1
100
AcDbPolyline
 90
    4
 70
    1
 43
0
 10
23.05431145841092
 20
-71.78321467285456
 10
28.41281274697636
 20
-74.00277858057207
 10
27.49437250930015
 20
-76.22008945859916
 10
22.1358712207347
 20
-74.00052555088165
  0
LWPOLYLINE
  5
781
100
AcDbEntity
  8
Acrylic_0_Top
  6
ByLayer
 62
  256
370
   -1
100
AcDbPolyline
 90
    4
 70
    1
 43
0
 10
21.40000000000001
 20
-77.70000000000002
 10
27.2
 20
-77.70000000000002
 10
27.2
 20
-80.10000000000002
 10
21.40000000000001
 20
-80.10000000000002
  0
LWPOLYLINE
  5
782
100
AcDbEntity
  8
Acrylic_0_Top
  6
ByLayer
 62
  256
370
   -1
100
AcDbPolyline
 90
    4
 70
    1
 43
0
 10
30.819
 20
-88.80000000000003
 10
33.219
 20
-88.80000000000003
 10
33.219
 20
-94.60000000000002
 10
30.819
 20
-94.60000000000002
  0
LWPOLYLINE
  5
783
100
AcDbEntity
  8
Acrylic_0_Top
  6
ByLayer
 62
  256
370
   -1
100
AcDbPolyline
 90
    4
 70
    1
 43
0
 10
40.97900000000002
 20
-88.80000000000003
 10
43.37900000000003
 20
-88.80000000000003
 10
43.37900000000003
 20
-94.60000000000002
 10
40.97900000000002
 20
-94.60000000000002
  0
LWPOLYLINE
  5
784
100
AcDbEntity
  8
Acrylic_0_Top
  6
ByLayer
 62
  256
370
   -1
100
AcDbPolyline
 90
    4
 70
    1
 43
0
 10
59.50000000000001
 20
-77.70000000000002
 10
65.3
 20
-77.70000000000002
 10
65.3
 20
-80.10000000000002
 10
59.50000000000001
 20
-80.10000000000002
  0
LWPOLYLINE
  5
785
100
AcDbEntity
  8
Acrylic_0_Top
  6
ByLayer
 62
  256
370
   -1
100
AcDbPolyline
 90
    4
 70
    1
 43
0
 10
60.23587122073471
 20
-83.79947444911838
 10
65.59437250930016
 20
-81.57991054140086
 10
66.51281274697638
 20
-83.79722141942796
 10
61.15431145841093
 20
-86.01678532714547
  0
LWPOLYLINE
  5
786
100
AcDbEntity
  8
Acrylic_0_Top
  6
ByLayer
 62
  256
370
   -1
100
AcDbPolyline
 90
    4
 70
    1
 43
0
 10
63.24989539794737
 20
-89.15304832720494
 10
67.35111472882933
 20
-85.05182899632298
 10
69.04817100367706
 20
-86.74888527117069
 10
64.94695167279508
 20
-90.85010460205267
  0
LWPOLYLINE
  5
787
100
AcDbEntity
  8
Acrylic_0_Top
  6
ByLayer
 62
  256
370
   -1
100
AcDbPolyline
 90
    4
 70
    1
 43
0
 10
74.00000000000001
 20
-94.59999999999999
 10
74.00000000000001
 20
-88.80000000000001
 10
76.40000000000002
 20
-88.80000000000001
 10
76.40000000000002
 20
-94.59999999999999
  0
LWPOLYLINE
  5
788
100
AcDbEntity
  8
Acrylic_0_Top
  6
ByLayer
 62
  256
370
   -1
100
AcDbPolyline
 90
    4
 70
    1
 43
0
 10
85.45304832720494
 20
-90.85010460205264
 10
81.35182899632298
 20
-86.74888527117068
 10
83.04888527117069
 20
-85.05182899632297
 10
87.15010460205266
 20
-89.15304832720493
  0
LWPOLYLINE
  5
789
100
AcDbEntity
  8
Acrylic_0_Top
  6
ByLayer
 62
  256
370
   -1
100
AcDbPolyline
 90
    4
 70
    1
 43
0
 10
89.24568854158909
 20
-86.01678532714544
 10
83.88718725302364
 20
-83.79722141942793
 10
84.80562749069986
 20
-81.57991054140084
 10
90.1641287792653
 20
-83.79947444911835
  0
LWPOLYLINE
  5
78A
100
AcDbEntity
  8
Acrylic_0_Top
  6
ByLayer
 62
  256
370
   -1
100
AcDbPolyline
 90
    4
 70
    1
 43
0
 10
90.89999999999999
 20
-80.09999999999999
 10
85.10000000000001
 20
-80.09999999999999
 10
85.10000000000001
 20
-77.69999999999999
 10
90.89999999999999
 20
-77.69999999999999
  0
LWPOLYLINE
  5
78B
100
AcDbEntity
  8
Acrylic_0_Top
  6
ByLayer
 62
  256
370
   -1
100
AcDbPolyline
 90
    4
 70
    1
 43
0
 10
90.1641287792653
 20
-74.00052555088163
 10
84.80562749069986
 20
-76.22008945859915
 10
83.88718725302363
 20
-74.00277858057206
 10
89.24568854158909
 20
-71.78321467285454
  0
LWPOLYLINE
  5
78C
100
AcDbEntity
  8
Acrylic_0_Top
  6
ByLayer
 62
  256
370
   -1
100
AcDbPolyline
 90
    4
 70
    1
 43
0
 10
87.15010460205264
 20
-68.64695167279507
 10
83.04888527117068
 20
-72.74817100367703
 10
81.35182899632295
 20
-71.0511147288293
 10
85.45304832720493
 20
-66.94989539794734
  0
LWPOLYLINE
  5
78D
100
AcDbEntity
  8
Acrylic_0_Top
  6
ByLayer
 62
  256
370
   -1
100
AcDbPolyline
 90
    4
 70
    1
 43
0
 10
82.31678532714545
 20
-64.85431145841092
 10
80.09722141942794
 20
-70.21281274697637
 10
77.87991054140085
 20
-69.29437250930015
 10
80.09947444911836
 20
-63.9358712207347
  0
LWPOLYLINE
  5
78E
100
AcDbEntity
  8
Acrylic_0_Top
  6
ByLayer
 62
  256
370
   -1
100
AcDbPolyline
 90
    4
 70
    1
 43
0
 10
76.39999999999999
 20
-63.20000000000002
 10
76.39999999999999
 20
-69
 10
73.99999999999999
 20
-69
 10
73.99999999999999
 20
-63.20000000000002
  0
LWPOLYLINE
  5
78F
100
AcDbEntity
  8
Acrylic_0_Top
  6
ByLayer
 62
  256
370
   -1
100
AcDbPolyline
 90
    4
 70
    1
 43
0
 10
70.30052555088163
 20
-63.93587122073471
 10
72.52008945859914
 20
-69.29437250930016
 10
70.30277858057205
 20
-70.21281274697638
 10
68.08321467285454
 20
-64.85431145841093
  0
LWPOLYLINE
  5
790
100
AcDbEntity
  8
Acrylic_0_Top
  6
ByLayer
 62
  256
370
   -1
100
AcDbPolyline
 90
    4
 70
    1
 43
0
 10
64.94695167279507
 20
-66.94989539794737
 10
69.04817100367703
 20
-71.05111472882933
 10
67.35111472882932
 20
-72.74817100367704
 10
63.24989539794735
 20
-68.64695167279508
  0
LWPOLYLINE
  5
791
100
AcDbEntity
  8
Acrylic_0_Top
  6
ByLayer
 62
  256
370
   -1
100
AcDbPolyline
 90
    4
 70
    1
 43
0
 10
61.15431145841092
 20
-71.78321467285456
 10
66.51281274697637
 20
-74.00277858057207
 10
65.59437250930014
 20
-76.22008945859916
 10
60.2358712207347
 20
-74.00052555088165
  0
LWPOLYLINE
  5
792
100
AcDbEntity
  8
Acrylic_0_Top
  6
ByLayer
 62
  256
370
   -1
100
AcDbPolyline
 90
    4
 70
    1
 43
0
 10
59.50000000000001
 20
-77.70000000000002
 10
65.3
 20
-77.70000000000002
 10
65.3
 20
-80.10000000000002
 10
59.50000000000001
 20
-80.10000000000002
  0
LWPOLYLINE
  5
793
100
AcDbEntity
  8
Acrylic_0_Top
  6
ByLayer
 62
  256
370
   -1
100
AcDbPolyline
 90
    4
 70
    1
 43
0
 10
68.919
 20
-88.80000000000003
 10
71.319
 20
-88.80000000000003
 10
71.319
 20
-94.60000000000002
 10
68.919
 20
-94.60000000000002
  0
LWPOLYLINE
  5
794
100
AcDbEntity
  8
Acrylic_0_Top
  6
ByLayer
 62
  256
370
   -1
100
AcDbPolyline
 90
    4
 70
    1
 43
0
 10
79.07900000000002
 20
-88.80000000000003
 10
81.47900000000003
 20
-88.80000000000003
 10
81.47900000000003
 20
-94.60000000000002
 10
79.07900000000002
 20
-94.60000000000002
  0
LWPOLYLINE
  5
795
100
AcDbEntity
  8
Acrylic_0_Top
  6
ByLayer
 62
  256
370
   -1
100
AcDbPolyline
 90
    4
 70
    1
 43
0
 10
97.60000000000002
 20
-77.70000000000002
 10
103.4
 20
-77.70000000000002
 10
103.4
 20
-80.10000000000002
 10
97.60000000000002
 20
-80.10000000000002
  0
LWPOLYLINE
  5
796
100
AcDbEntity
  8
Acrylic_0_Top
  6
ByLayer
 62
  256
370
   -1
100
AcDbPolyline
 90
    4
 70
    1
 43
0
 10
98.3358712207347
 20
-83.79947444911838
 10
103.6943725093002
 20
-81.57991054140086
 10
104.6128127469764
 20
-83.79722141942796
 10
99.25431145841094
 20
-86.01678532714547
  0
LWPOLYLINE
  5
797
100
AcDbEntity
  8
Acrylic_0_Top
  6
ByLayer
 62
  256
370
   -1
100
AcDbPolyline
 90
    4
 70
    1
 43
0
 10
101.3498953979474
 20
-89.15304832720494
 10
105.4511147288293
 20
-85.05182899632298
 10
107.148171003677
 20
-86.74888527117069
 10
103.0469516727951
 20
-90.85010460205267
  0
LWPOLYLINE
  5
798
100
AcDbEntity
  8
Acrylic_0_Top
  6
ByLayer
 62
  256
370
   -1
100
AcDbPolyline
 90
    4
 70
    1
 43
0
 10
112.1
 20
-94.59999999999999
 10
112.1
 20
-88.80000000000001
 10
114.5
 20
-88.80000000000001
 10
114.5
 20
-94.59999999999999
  0
LWPOLYLINE
  5
799
100
AcDbEntity
  8
Acrylic_0_Top
  6
ByLayer
 62
  256
370
   -1
100
AcDbPolyline
 90
    4
 70
    1
 43
0
 10
123.5530483272049
 20
-90.85010460205264
 10
119.451828996323
 20
-86.74888527117068
 10
121.1488852711707
 20
-85.05182899632297
 10
125.2501046020527
 20
-89.15304832720493
  0
LWPOLYLINE
  5
79A
100
AcDbEntity
  8
Acrylic_0_Top
  6
ByLayer
 62
  256
370
   -1
100
AcDbPolyline
 90
    4
 70
    1
 43
0
 10
127.3456885415891
 20
-86.01678532714544
 10
121.9871872530236
 20
-83.79722141942793
 10
122.9056274906999
 20
-81.57991054140084
 10
128.2641287792653
 20
-83.79947444911835
  0
LWPOLYLINE
  5
79B
100
AcDbEntity
  8
Acrylic_0_Top
  6
ByLayer
 62
  256
370
   -1
100
AcDbPolyline
 90
    4
 70
    1
 43
0
 10
129
 20
-80.09999999999999
 10
123.2
 20
-80.09999999999999
 10
123.2
 20
-77.69999999999999
 10
129
 20
-77.69999999999999
  0
LWPOLYLINE
  5
79C
100
AcDbEntity
  8
Acrylic_0_Top
  6
ByLayer
 62
  256
370
   -1
100
AcDbPolyline
 90
    4
 70
    1
 43
0
 10
128.2641287792653
 20
-74.00052555088163
 10
122.9056274906999
 20
-76.22008945859915
 10
121.9871872530236
 20
-74.00277858057206
 10
127.3456885415891
 20
-71.78321467285454
  0
LWPOLYLINE
  5
79D
100
AcDbEntity
  8
Acrylic_0_Top
  6
ByLayer
 62
  256
370
   -1
100
AcDbPolyline
 90
    4
 70
    1
 43
0
 10
125.2501046020526
 20
-68.64695167279507
 10
121.1488852711707
 20
-72.74817100367703
 10
119.4518289963229
 20
-71.0511147288293
 10
123.5530483272049
 20
-66.94989539794734
  0
LWPOLYLINE
  5
79E
100
AcDbEntity
  8
Acrylic_0_Top
  6
ByLayer
 62
  256
370
   -1
100
AcDbPolyline
 90
    4
 70
    1
 43
0
 10
120.4167853271454
 20
-64.85431145841092
 10
118.1972214194279
 20
-70.21281274697637
 10
115.9799105414008
 20
-69.29437250930015
 10
118.1994744491184
 20
-63.9358712207347
  0
LWPOLYLINE
  5
79F
100
AcDbEntity
  8
Acrylic_0_Top
  6
ByLayer
 62
  256
370
   -1
100
AcDbPolyline
 90
    4
 70
    1
 43
0
 10
114.5
 20
-63.20000000000002
 10
114.5
 20
-69
 10
112.1
 20
-69
 10
112.1
 20
-63.20000000000002
  0
LWPOLYLINE
  5
7A0
100
AcDbEntity
  8
Acrylic_0_Top
  6
ByLayer
 62
  256
370
   -1
100
AcDbPolyline
 90
    4
 70
    1
 43
0
 10
108.4005255508816
 20
-63.93587122073471
 10
110.6200894585992
 20
-69.29437250930016
 10
108.4027785805721
 20
-70.21281274697638
 10
106.1832146728545
 20
-64.85431145841093
  0
LWPOLYLINE
  5
7A1
100
AcDbEntity
  8
Acrylic_0_Top
  6
ByLayer
 62
  256
370
   -1
100
AcDbPolyline
 90
    4
 70
    1
 43
0
 10
103.0469516727951
 20
-66.94989539794737
 10
107.148171003677
 20
-71.05111472882933
 10
105.4511147288293
 20
-72.74817100367704
 10
101.3498953979473
 20
-68.64695167279508
  0
LWPOLYLINE
  5
7A2
100
AcDbEntity
  8
Acrylic_0_Top
  6
ByLayer
 62
  256
370
   -1
100
AcDbPolyline
 90
    4
 70
    1
 43
0
 10
99.25431145841091
 20
-71.78321467285456
 10
104.6128127469764
 20
-74.00277858057207
 10
103.6943725093001
 20
-76.22008945859916
 10
98.3358712207347
 20
-74.00052555088165
  0
LWPOLYLINE
  5
7A3
100
AcDbEntity
  8
Acrylic_0_Top
  6
ByLayer
 62
  256
370
   -1
100
AcDbPolyline
 90
    4
 70
    1
 43
0
 10
97.60000000000002
 20
-77.70000000000002
 10
103.4
 20
-77.70000000000002
 10
103.4
 20
-80.10000000000002
 10
97.60000000000002
 20
-80.10000000000002
  0
LWPOLYLINE
  5
7A4
100
AcDbEntity
  8
Acrylic_0_Top
  6
ByLayer
 62
  256
370
   -1
100
AcDbPolyline
 90
    4
 70
    1
 43
0
 10
107.019
 20
-88.80000000000003
 10
109.419
 20
-88.80000000000003
 10
109.419
 20
-94.60000000000002
 10
107.019
 20
-94.60000000000002
  0
LWPOLYLINE
  5
7A5
100
AcDbEntity
  8
Acrylic_0_Top
  6
ByLayer
 62
  256
370
   -1
100
AcDbPolyline
 90
    4
 70
    1
 43
0
 10
117.179
 20
-88.80000000000003
 10
119.579
 20
-88.80000000000003
 10
119.579
 20
-94.60000000000002
 10
117.179
 20
-94.60000000000002
  0
LWPOLYLINE
  5
7A6
100
AcDbEntity
  8
Acrylic_0_Top
  6
ByLayer
 62
  256
370
   -1
100
AcDbPolyline
 90
    4
 70
    1
 43
0
 10
-16.69999999999999
 20
-115.8
 10
-10.90000000000001
 20
-115.8
 10
-10.90000000000001
 20
-118.2
 10
-16.69999999999999
 20
-118.2
  0
LWPOLYLINE
  5
7A7
100
AcDbEntity
  8
Acrylic_0_Top
  6
ByLayer
 62
  256
370
   -1
100
AcDbPolyline
 90
    4
 70
    1
 43
0
 10
-15.96412877926529
 20
-121.8994744491184
 10
-10.60562749069985
 20
-119.6799105414009
 10
-9.687187253023628
 20
-121.897221419428
 10
-15.04568854158908
 20
-124.1167853271455
  0
LWPOLYLINE
  5
7A8
100
AcDbEntity
  8
Acrylic_0_Top
  6
ByLayer
 62
  256
370
   -1
100
AcDbPolyline
 90
    4
 70
    1
 43
0
 10
-12.95010460205264
 20
-127.2530483272049
 10
-8.848885271170674
 20
-123.151828996323
 10
-7.151828996322957
 20
-124.8488852711707
 10
-11.25304832720492
 20
-128.9501046020526
  0
LWPOLYLINE
  5
7A9
100
AcDbEntity
  8
Acrylic_0_Top
  6
ByLayer
 62
  256
370
   -1
100
AcDbPolyline
 90
    4
 70
    1
 43
0
 10
-2.19999999999999
 20
-132.7
 10
-2.199999999999989
 20
-126.9
 10
0.2000000000000165
 20
-126.9
 10
0.2000000000000163
 20
-132.7
  0
LWPOLYLINE
  5
7AA
100
AcDbEntity
  8
Acrylic_0_Top
  6
ByLayer
 62
  256
370
   -1
100
AcDbPolyline
 90
    4
 70
    1
 43
0
 10
9.253048327204938
 20
-128.9501046020526
 10
5.151828996322974
 20
-124.8488852711707
 10
6.848885271170692
 20
-123.151828996323
 10
10.95010460205266
 20
-127.2530483272049
  0
LWPOLYLINE
  5
7AB
100
AcDbEntity
  8
Acrylic_0_Top
  6
ByLayer
 62
  256
370
   -1
100
AcDbPolyline
 90
    4
 70
    1
 43
0
 10
13.04568854158909
 20
-124.1167853271455
 10
7.687187253023639
 20
-121.8972214194279
 10
8.605627490699858
 20
-119.6799105414008
 10
13.96412877926531
 20
-121.8994744491184
  0
LWPOLYLINE
  5
7AC
100
AcDbEntity
  8
Acrylic_0_Top
  6
ByLayer
 62
  256
370
   -1
100
AcDbPolyline
 90
    4
 70
    1
 43
0
 10
14.69999999999999
 20
-118.2
 10
8.900000000000006
 20
-118.2
 10
8.900000000000006
 20
-115.8
 10
14.69999999999999
 20
-115.8
  0
LWPOLYLINE
  5
7AD
100
AcDbEntity
  8
Acrylic_0_Top
  6
ByLayer
 62
  256
370
   -1
100
AcDbPolyline
 90
    4
 70
    1
 43
0
 10
13.9641287792653
 20
-112.1005255508816
 10
8.605627490699849
 20
-114.3200894585991
 10
7.68718725302363
 20
-112.102778580572
 10
13.04568854158908
 20
-109.8832146728545
  0
LWPOLYLINE
  5
7AE
100
AcDbEntity
  8
Acrylic_0_Top
  6
ByLayer
 62
  256
370
   -1
100
AcDbPolyline
 90
    4
 70
    1
 43
0
 10
10.95010460205264
 20
-106.7469516727951
 10
6.848885271170675
 20
-110.848171003677
 10
5.151828996322958
 20
-109.1511147288293
 10
9.253048327204921
 20
-105.0498953979474
  0
LWPOLYLINE
  5
7AF
100
AcDbEntity
  8
Acrylic_0_Top
  6
ByLayer
 62
  256
370
   -1
100
AcDbPolyline
 90
    4
 70
    1
 43
0
 10
6.116785327145447
 20
-102.9543114584109
 10
3.89722141942793
 20
-108.3128127469764
 10
1.679910541400837
 20
-107.3943725093002
 10
3.899474449118355
 20
-102.0358712207347
  0
LWPOLYLINE
  5
7B0
100
AcDbEntity
  8
Acrylic_0_Top
  6
ByLayer
 62
  256
370
   -1
100
AcDbPolyline
 90
    4
 70
    1
 43
0
 10
0.1999999999999916
 20
-101.3
 10
0.1999999999999905
 20
-107.1
 10
-2.200000000000015
 20
-107.1
 10
-2.200000000000014
 20
-101.3
  0
LWPOLYLINE
  5
7B1
100
AcDbEntity
  8
Acrylic_0_Top
  6
ByLayer
 62
  256
370
   -1
100
AcDbPolyline
 90
    4
 70
    1
 43
0
 10
-5.899474449118375
 20
-102.0358712207347
 10
-3.67991054140086
 20
-107.3943725093002
 10
-5.897221419427953
 20
-108.3128127469764
 10
-8.116785327145468
 20
-102.9543114584109
  0
LWPOLYLINE
  5
7B2
100
AcDbEntity
  8
Acrylic_0_Top
  6
ByLayer
 62
  256
370
   -1
100
AcDbPolyline
 90
    4
 70
    1
 43
0
 10
-11.25304832720494
 20
-105.0498953979474
 10
-7.151828996322974
 20
-109.1511147288293
 10
-8.848885271170692
 20
-110.8481710036771
 10
-12.95010460205265
 20
-106.7469516727951
  0
LWPOLYLINE
  5
7B3
100
AcDbEntity
  8
Acrylic_0_Top
  6
ByLayer
 62
  256
370
   -1
100
AcDbPolyline
 90
    4
 70
    1
 43
0
 10
-15.04568854158908
 20
-109.8832146728546
 10
-9.687187253023637
 20
-112.1027785805721
 10
-10.60562749069986
 20
-114.3200894585992
 10
-15.9641287792653
 20
-112.1005255508817
  0
LWPOLYLINE
  5
7B4
100
AcDbEntity
  8
Acrylic_0_Top
  6
ByLayer
 62
  256
370
   -1
100
AcDbPolyline
 90
    4
 70
    1
 43
0
 10
-16.69999999999999
 20
-115.8
 10
-10.90000000000001
 20
-115.8
 10
-10.90000000000001
 20
-118.2
 10
-16.69999999999999
 20
-118.2
  0
LWPOLYLINE
  5
7B5
100
AcDbEntity
  8
Acrylic_0_Top
  6
ByLayer
 62
  256
370
   -1
100
AcDbPolyline
 90
    4
 70
    1
 43
0
 10
-7.281000000000006
 20
-126.9
 10
-4.880999999999999
 20
-126.9
 10
-4.880999999999999
 20
-132.7
 10
-7.281000000000006
 20
-132.7
  0
LWPOLYLINE
  5
7B6
100
AcDbEntity
  8
Acrylic_0_Top
  6
ByLayer
 62
  256
370
   -1
100
AcDbPolyline
 90
    4
 70
    1
 43
0
 10
2.87900000000002
 20
-126.9
 10
5.279000000000026
 20
-126.9
 10
5.279000000000026
 20
-132.7
 10
2.87900000000002
 20
-132.7
  0
LWPOLYLINE
  5
7B7
100
AcDbEntity
  8
Acrylic_0_Top
  6
ByLayer
 62
  256
370
   -1
100
AcDbPolyline
 90
    4
 70
    1
 43
0
 10
21.40000000000001
 20
-115.8
 10
27.2
 20
-115.8
 10
27.2
 20
-118.2
 10
21.40000000000001
 20
-118.2
  0
LWPOLYLINE
  5
7B8
100
AcDbEntity
  8
Acrylic_0_Top
  6
ByLayer
 62
  256
370
   -1
100
AcDbPolyline
 90
    4
 70
    1
 43
0
 10
22.13587122073471
 20
-121.8994744491184
 10
27.49437250930016
 20
-119.6799105414009
 10
28.41281274697637
 20
-121.897221419428
 10
23.05431145841093
 20
-124.1167853271455
  0
LWPOLYLINE
  5
7B9
100
AcDbEntity
  8
Acrylic_0_Top
  6
ByLayer
 62
  256
370
   -1
100
AcDbPolyline
 90
    4
 70
    1
 43
0
 10
25.14989539794736
 20
-127.2530483272049
 10
29.25111472882933
 20
-123.151828996323
 10
30.94817100367705
 20
-124.8488852711707
 10
26.84695167279508
 20
-128.9501046020526
  0
LWPOLYLINE
  5
7BA
100
AcDbEntity
  8
Acrylic_0_Top
  6
ByLayer
 62
  256
370
   -1
100
AcDbPolyline
 90
    4
 70
    1
 43
0
 10
35.90000000000001
 20
-132.7
 10
35.90000000000001
 20
-126.9
 10
38.30000000000002
 20
-126.9
 10
38.30000000000002
 20
-132.7
  0
LWPOLYLINE
  5
7BB
100
AcDbEntity
  8
Acrylic_0_Top
  6
ByLayer
 62
  256
370
   -1
100
AcDbPolyline
 90
    4
 70
    1
 43
0
 10
47.35304832720494
 20
-128.9501046020526
 10
43.25182899632298
 20
-124.8488852711707
 10
44.9488852711707
 20
-123.151828996323
 10
49.05010460205266
 20
-127.2530483272049
  0
LWPOLYLINE
  5
7BC
100
AcDbEntity
  8
Acrylic_0_Top
  6
ByLayer
 62
  256
370
   -1
100
AcDbPolyline
 90
    4
 70
    1
 43
0
 10
51.14568854158909
 20
-124.1167853271455
 10
45.78718725302364
 20
-121.8972214194279
 10
46.70562749069986
 20
-119.6799105414008
 10
52.0641287792653
 20
-121.8994744491184
  0
LWPOLYLINE
  5
7BD
100
AcDbEntity
  8
Acrylic_0_Top
  6
ByLayer
 62
  256
370
   -1
100
AcDbPolyline
 90
    4
 70
    1
 43
0
 10
52.79999999999999
 20
-118.2
 10
47.00000000000001
 20
-118.2
 10
47.00000000000001
 20
-115.8
 10
52.79999999999999
 20
-115.8
  0
LWPOLYLINE
  5
7BE
100
AcDbEntity
  8
Acrylic_0_Top
  6
ByLayer
 62
  256
370
   -1
100
AcDbPolyline
 90
    4
 70
    1
 43
0
 10
52.0641287792653
 20
-112.1005255508816
 10
46.70562749069985
 20
-114.3200894585991
 10
45.78718725302363
 20
-112.102778580572
 10
51.14568854158908
 20
-109.8832146728545
  0
LWPOLYLINE
  5
7BF
100
AcDbEntity
  8
Acrylic_0_Top
  6
ByLayer
 62
  256
370
   -1
100
AcDbPolyline
 90
    4
 70
    1
 43
0
 10
49.05010460205264
 20
-106.7469516727951
 10
44.94888527117067
 20
-110.848171003677
 10
43.25182899632296
 20
-109.1511147288293
 10
47.35304832720492
 20
-105.0498953979474
  0
LWPOLYLINE
  5
7C0
100
AcDbEntity
  8
Acrylic_0_Top
  6
ByLayer
 62
  256
370
   -1
100
AcDbPolyline
 90
    4
 70
    1
 43
0
 10
44.21678532714544
 20
-102.9543114584109
 10
41.99722141942793
 20
-108.3128127469764
 10
39.77991054140084
 20
-107.3943725093002
 10
41.99947444911835
 20
-102.0358712207347
  0
LWPOLYLINE
  5
7C1
100
AcDbEntity
  8
Acrylic_0_Top
  6
ByLayer
 62
  256
370
   -1
100
AcDbPolyline
 90
    4
 70
    1
 43
0
 10
38.29999999999999
 20
-101.3
 10
38.29999999999999
 20
-107.1
 10
35.89999999999998
 20
-107.1
 10
35.89999999999998
 20
-101.3
  0
LWPOLYLINE
  5
7C2
100
AcDbEntity
  8
Acrylic_0_Top
  6
ByLayer
 62
  256
370
   -1
100
AcDbPolyline
 90
    4
 70
    1
 43
0
 10
32.20052555088163
 20
-102.0358712207347
 10
34.42008945859914
 20
-107.3943725093002
 10
32.20277858057205
 20
-108.3128127469764
 10
29.98321467285453
 20
-102.9543114584109
  0
LWPOLYLINE
  5
7C3
100
AcDbEntity
  8
Acrylic_0_Top
  6
ByLayer
 62
  256
370
   -1
100
AcDbPolyline
 90
    4
 70
    1
 43
0
 10
26.84695167279506
 20
-105.0498953979474
 10
30.94817100367703
 20
-109.1511147288293
 10
29.25111472882931
 20
-110.8481710036771
 10
25.14989539794735
 20
-106.7469516727951
  0
LWPOLYLINE
  5
7C4
100
AcDbEntity
  8
Acrylic_0_Top
  6
ByLayer
 62
  256
370
   -1
100
AcDbPolyline
 90
    4
 70
    1
 43
0
 10
23.05431145841092
 20
-109.8832146728546
 10
28.41281274697636
 20
-112.1027785805721
 10
27.49437250930015
 20
-114.3200894585992
 10
22.1358712207347
 20
-112.1005255508817
  0
LWPOLYLINE
  5
7C5
100
AcDbEntity
  8
Acrylic_0_Top
  6
ByLayer
 62
  256
370
   -1
100
AcDbPolyline
 90
    4
 70
    1
 43
0
 10
21.40000000000001
 20
-115.8
 10
27.2
 20
-115.8
 10
27.2
 20
-118.2
 10
21.40000000000001
 20
-118.2
  0
LWPOLYLINE
  5
7C6
100
AcDbEntity
  8
Acrylic_0_Top
  6
ByLayer
 62
  256
370
   -1
100
AcDbPolyline
 90
    4
 70
    1
 43
0
 10
30.819
 20
-126.9
 10
33.219
 20
-126.9
 10
33.219
 20
-132.7
 10
30.819
 20
-132.7
  0
LWPOLYLINE
  5
7C7
100
AcDbEntity
  8
Acrylic_0_Top
  6
ByLayer
 62
  256
370
   -1
100
AcDbPolyline
 90
    4
 70
    1
 43
0
 10
40.97900000000002
 20
-126.9
 10
43.37900000000003
 20
-126.9
 10
43.37900000000003
 20
-132.7
 10
40.97900000000002
 20
-132.7
  0
LWPOLYLINE
  5
7C8
100
AcDbEntity
  8
Acrylic_0_Top
  6
ByLayer
 62
  256
370
   -1
100
AcDbPolyline
 90
    4
 70
    1
 43
0
 10
59.50000000000001
 20
-115.8
 10
65.3
 20
-115.8
 10
65.3
 20
-118.2
 10
59.50000000000001
 20
-118.2
  0
LWPOLYLINE
  5
7C9
100
AcDbEntity
  8
Acrylic_0_Top
  6
ByLayer
 62
  256
370
   -1
100
AcDbPolyline
 90
    4
 70
    1
 43
0
 10
60.23587122073471
 20
-121.8994744491184
 10
65.59437250930016
 20
-119.6799105414009
 10
66.51281274697638
 20
-121.897221419428
 10
61.15431145841093
 20
-124.1167853271455
  0
LWPOLYLINE
  5
7CA
100
AcDbEntity
  8
Acrylic_0_Top
  6
ByLayer
 62
  256
370
   -1
100
AcDbPolyline
 90
    4
 70
    1
 43
0
 10
63.24989539794737
 20
-127.2530483272049
 10
67.35111472882933
 20
-123.151828996323
 10
69.04817100367706
 20
-124.8488852711707
 10
64.94695167279508
 20
-128.9501046020526
  0
LWPOLYLINE
  5
7CB
100
AcDbEntity
  8
Acrylic_0_Top
  6
ByLayer
 62
  256
370
   -1
100
AcDbPolyline
 90
    4
 70
    1
 43
0
 10
74.00000000000001
 20
-132.7
 10
74.00000000000001
 20
-126.9
 10
76.40000000000002
 20
-126.9
 10
76.40000000000002
 20
-132.7
  0
LWPOLYLINE
  5
7CC
100
AcDbEntity
  8
Acrylic_0_Top
  6
ByLayer
 62
  256
370
   -1
100
AcDbPolyline
 90
    4
 70
    1
 43
0
 10
85.45304832720494
 20
-128.9501046020526
 10
81.35182899632298
 20
-124.8488852711707
 10
83.04888527117069
 20
-123.151828996323
 10
87.15010460205266
 20
-127.2530483272049
  0
LWPOLYLINE
  5
7CD
100
AcDbEntity
  8
Acrylic_0_Top
  6
ByLayer
 62
  256
370
   -1
100
AcDbPolyline
 90
    4
 70
    1
 43
0
 10
89.24568854158909
 20
-124.1167853271455
 10
83.88718725302364
 20
-121.8972214194279
 10
84.80562749069986
 20
-119.6799105414008
 10
90.1641287792653
 20
-121.8994744491184
  0
LWPOLYLINE
  5
7CE
100
AcDbEntity
  8
Acrylic_0_Top
  6
ByLayer
 62
  256
370
   -1
100
AcDbPolyline
 90
    4
 70
    1
 43
0
 10
90.89999999999999
 20
-118.2
 10
85.10000000000001
 20
-118.2
 10
85.10000000000001
 20
-115.8
 10
90.89999999999999
 20
-115.8
  0
LWPOLYLINE
  5
7CF
100
AcDbEntity
  8
Acrylic_0_Top
  6
ByLayer
 62
  256
370
   -1
100
AcDbPolyline
 90
    4
 70
    1
 43
0
 10
90.1641287792653
 20
-112.1005255508816
 10
84.80562749069986
 20
-114.3200894585991
 10
83.88718725302363
 20
-112.102778580572
 10
89.24568854158909
 20
-109.8832146728545
  0
LWPOLYLINE
  5
7D0
100
AcDbEntity
  8
Acrylic_0_Top
  6
ByLayer
 62
  256
370
   -1
100
AcDbPolyline
 90
    4
 70
    1
 43
0
 10
87.15010460205264
 20
-106.7469516727951
 10
83.04888527117068
 20
-110.848171003677
 10
81.35182899632295
 20
-109.1511147288293
 10
85.45304832720493
 20
-105.0498953979474
  0
LWPOLYLINE
  5
7D1
100
AcDbEntity
  8
Acrylic_0_Top
  6
ByLayer
 62
  256
370
   -1
100
AcDbPolyline
 90
    4
 70
    1
 43
0
 10
82.31678532714545
 20
-102.9543114584109
 10
80.09722141942794
 20
-108.3128127469764
 10
77.87991054140085
 20
-107.3943725093002
 10
80.09947444911836
 20
-102.0358712207347
  0
LWPOLYLINE
  5
7D2
100
AcDbEntity
  8
Acrylic_0_Top
  6
ByLayer
 62
  256
370
   -1
100
AcDbPolyline
 90
    4
 70
    1
 43
0
 10
76.39999999999999
 20
-101.3
 10
76.39999999999999
 20
-107.1
 10
73.99999999999999
 20
-107.1
 10
73.99999999999999
 20
-101.3
  0
LWPOLYLINE
  5
7D3
100
AcDbEntity
  8
Acrylic_0_Top
  6
ByLayer
 62
  256
370
   -1
100
AcDbPolyline
 90
    4
 70
    1
 43
0
 10
70.30052555088163
 20
-102.0358712207347
 10
72.52008945859914
 20
-107.3943725093002
 10
70.30277858057205
 20
-108.3128127469764
 10
68.08321467285454
 20
-102.9543114584109
  0
LWPOLYLINE
  5
7D4
100
AcDbEntity
  8
Acrylic_0_Top
  6
ByLayer
 62
  256
370
   -1
100
AcDbPolyline
 90
    4
 70
    1
 43
0
 10
64.94695167279507
 20
-105.0498953979474
 10
69.04817100367703
 20
-109.1511147288293
 10
67.35111472882932
 20
-110.8481710036771
 10
63.24989539794735
 20
-106.7469516727951
  0
LWPOLYLINE
  5
7D5
100
AcDbEntity
  8
Acrylic_0_Top
  6
ByLayer
 62
  256
370
   -1
100
AcDbPolyline
 90
    4
 70
    1
 43
0
 10
61.15431145841092
 20
-109.8832146728546
 10
66.51281274697637
 20
-112.1027785805721
 10
65.59437250930014
 20
-114.3200894585992
 10
60.2358712207347
 20
-112.1005255508817
  0
LWPOLYLINE
  5
7D6
100
AcDbEntity
  8
Acrylic_0_Top
  6
ByLayer
 62
  256
370
   -1
100
AcDbPolyline
 90
    4
 70
    1
 43
0
 10
59.50000000000001
 20
-115.8
 10
65.3
 20
-115.8
 10
65.3
 20
-118.2
 10
59.50000000000001
 20
-118.2
  0
LWPOLYLINE
  5
7D7
100
AcDbEntity
  8
Acrylic_0_Top
  6
ByLayer
 62
  256
370
   -1
100
AcDbPolyline
 90
    4
 70
    1
 43
0
 10
68.919
 20
-126.9
 10
71.319
 20
-126.9
 10
71.319
 20
-132.7
 10
68.919
 20
-132.7
  0
LWPOLYLINE
  5
7D8
100
AcDbEntity
  8
Acrylic_0_Top
  6
ByLayer
 62
  256
370
   -1
100
AcDbPolyline
 90
    4
 70
    1
 43
0
 10
79.07900000000002
 20
-126.9
 10
81.47900000000003
 20
-126.9
 10
81.47900000000003
 20
-132.7
 10
79.07900000000002
 20
-132.7
  0
LWPOLYLINE
  5
7D9
100
AcDbEntity
  8
Acrylic_0_Top
  6
ByLayer
 62
  256
370
   -1
100
AcDbPolyline
 90
    4
 70
    1
 43
0
 10
97.60000000000002
 20
-115.8
 10
103.4
 20
-115.8
 10
103.4
 20
-118.2
 10
97.60000000000002
 20
-118.2
  0
LWPOLYLINE
  5
7DA
100
AcDbEntity
  8
Acrylic_0_Top
  6
ByLayer
 62
  256
370
   -1
100
AcDbPolyline
 90
    4
 70
    1
 43
0
 10
98.3358712207347
 20
-121.8994744491184
 10
103.6943725093002
 20
-119.6799105414009
 10
104.6128127469764
 20
-121.897221419428
 10
99.25431145841094
 20
-124.1167853271455
  0
LWPOLYLINE
  5
7DB
100
AcDbEntity
  8
Acrylic_0_Top
  6
ByLayer
 62
  256
370
   -1
100
AcDbPolyline
 90
    4
 70
    1
 43
0
 10
101.3498953979474
 20
-127.2530483272049
 10
105.4511147288293
 20
-123.151828996323
 10
107.148171003677
 20
-124.8488852711707
 10
103.0469516727951
 20
-128.9501046020526
  0
LWPOLYLINE
  5
7DC
100
AcDbEntity
  8
Acrylic_0_Top
  6
ByLayer
 62
  256
370
   -1
100
AcDbPolyline
 90
    4
 70
    1
 43
0
 10
112.1
 20
-132.7
 10
112.1
 20
-126.9
 10
114.5
 20
-126.9
 10
114.5
 20
-132.7
  0
LWPOLYLINE
  5
7DD
100
AcDbEntity
  8
Acrylic_0_Top
  6
ByLayer
 62
  256
370
   -1
100
AcDbPolyline
 90
    4
 70
    1
 43
0
 10
123.5530483272049
 20
-128.9501046020526
 10
119.451828996323
 20
-124.8488852711707
 10
121.1488852711707
 20
-123.151828996323
 10
125.2501046020527
 20
-127.2530483272049
  0
LWPOLYLINE
  5
7DE
100
AcDbEntity
  8
Acrylic_0_Top
  6
ByLayer
 62
  256
370
   -1
100
AcDbPolyline
 90
    4
 70
    1
 43
0
 10
127.3456885415891
 20
-124.1167853271455
 10
121.9871872530236
 20
-121.8972214194279
 10
122.9056274906999
 20
-119.6799105414008
 10
128.2641287792653
 20
-121.8994744491184
  0
LWPOLYLINE
  5
7DF
100
AcDbEntity
  8
Acrylic_0_Top
  6
ByLayer
 62
  256
370
   -1
100
AcDbPolyline
 90
    4
 70
    1
 43
0
 10
129
 20
-118.2
 10
123.2
 20
-118.2
 10
123.2
 20
-115.8
 10
129
 20
-115.8
  0
LWPOLYLINE
  5
7E0
100
AcDbEntity
  8
Acrylic_0_Top
  6
ByLayer
 62
  256
370
   -1
100
AcDbPolyline
 90
    4
 70
    1
 43
0
 10
128.2641287792653
 20
-112.1005255508816
 10
122.9056274906999
 20
-114.3200894585991
 10
121.9871872530236
 20
-112.102778580572
 10
127.3456885415891
 20
-109.8832146728545
  0
LWPOLYLINE
  5
7E1
100
AcDbEntity
  8
Acrylic_0_Top
  6
ByLayer
 62
  256
370
   -1
100
AcDbPolyline
 90
    4
 70
    1
 43
0
 10
125.2501046020526
 20
-106.7469516727951
 10
121.1488852711707
 20
-110.848171003677
 10
119.4518289963229
 20
-109.1511147288293
 10
123.5530483272049
 20
-105.0498953979474
  0
LWPOLYLINE
  5
7E2
100
AcDbEntity
  8
Acrylic_0_Top
  6
ByLayer
 62
  256
370
   -1
100
AcDbPolyline
 90
    4
 70
    1
 43
0
 10
120.4167853271454
 20
-102.9543114584109
 10
118.1972214194279
 20
-108.3128127469764
 10
115.9799105414008
 20
-107.3943725093002
 10
118.1994744491184
 20
-102.0358712207347
  0
LWPOLYLINE
  5
7E3
100
AcDbEntity
  8
Acrylic_0_Top
  6
ByLayer
 62
  256
370
   -1
100
AcDbPolyline
 90
    4
 70
    1
 43
0
 10
114.5
 20
-101.3
 10
114.5
 20
-107.1
 10
112.1
 20
-107.1
 10
112.1
 20
-101.3
  0
LWPOLYLINE
  5
7E4
100
AcDbEntity
  8
Acrylic_0_Top
  6
ByLayer
 62
  256
370
   -1
100
AcDbPolyline
 90
    4
 70
    1
 43
0
 10
108.4005255508816
 20
-102.0358712207347
 10
110.6200894585992
 20
-107.3943725093002
 10
108.4027785805721
 20
-108.3128127469764
 10
106.1832146728545
 20
-102.9543114584109
  0
LWPOLYLINE
  5
7E5
100
AcDbEntity
  8
Acrylic_0_Top
  6
ByLayer
 62
  256
370
   -1
100
AcDbPolyline
 90
    4
 70
    1
 43
0
 10
103.0469516727951
 20
-105.0498953979474
 10
107.148171003677
 20
-109.1511147288293
 10
105.4511147288293
 20
-110.8481710036771
 10
101.3498953979473
 20
-106.7469516727951
  0
LWPOLYLINE
  5
7E6
100
AcDbEntity
  8
Acrylic_0_Top
  6
ByLayer
 62
  256
370
   -1
100
AcDbPolyline
 90
    4
 70
    1
 43
0
 10
99.25431145841091
 20
-109.8832146728546
 10
104.6128127469764
 20
-112.1027785805721
 10
103.6943725093001
 20
-114.3200894585992
 10
98.3358712207347
 20
-112.1005255508817
  0
LWPOLYLINE
  5
7E7
100
AcDbEntity
  8
Acrylic_0_Top
  6
ByLayer
 62
  256
370
   -1
100
AcDbPolyline
 90
    4
 70
    1
 43
0
 10
97.60000000000002
 20
-115.8
 10
103.4
 20
-115.8
 10
103.4
 20
-118.2
 10
97.60000000000002
 20
-118.2
  0
LWPOLYLINE
  5
7E8
100
AcDbEntity
  8
Acrylic_0_Top
  6
ByLayer
 62
  256
370
   -1
100
AcDbPolyline
 90
    4
 70
    1
 43
0
 10
107.019
 20
-126.9
 10
109.419
 20
-126.9
 10
109.419
 20
-132.7
 10
107.019
 20
-132.7
  0
LWPOLYLINE
  5
7E9
100
AcDbEntity
  8
Acrylic_0_Top
  6
ByLayer
 62
  256
370
   -1
100
AcDbPolyline
 90
    4
 70
    1
 43
0
 10
117.179
 20
-126.9
 10
119.579
 20
-126.9
 10
119.579
 20
-132.7
 10
117.179
 20
-132.7
  0
CIRCLE
  5
7EA
100
AcDbEntity
  8
Acrylic_0_Top
  6
ByLayer
 62
  256
370
   -1
100
AcDbCircle
 10
-0.9999999999999991
 20
0.9999999999999858
 40
3.5
  0
CIRCLE
  5
7EB
100
AcDbEntity
  8
Acrylic_0_Top
  6
ByLayer
 62
  256
370
   -1
100
AcDbCircle
 10
37.10000000000002
 20
0.9999999999999858
 40
3.5
  0
CIRCLE
  5
7EC
100
AcDbEntity
  8
Acrylic_0_Top
  6
ByLayer
 62
  256
370
   -1
100
AcDbCircle
 10
75.2
 20
1
 40
3.5
  0
CIRCLE
  5
7ED
100
AcDbEntity
  8
Acrylic_0_Top
  6
ByLayer
 62
  256
370
   -1
100
AcDbCircle
 10
113.3
 20
1
 40
3.5
  0
CIRCLE
  5
7EE
100
AcDbEntity
  8
Acrylic_0_Top
  6
ByLayer
 62
  256
370
   -1
100
AcDbCircle
 10
113.3
 20
-37.1
 40
3.5
  0
CIRCLE
  5
7EF
100
AcDbEntity
  8
Acrylic_0_Top
  6
ByLayer
 62
  256
370
   -1
100
AcDbCircle
 10
75.2
 20
-37.1
 40
3.5
  0
CIRCLE
  5
7F0
100
AcDbEntity
  8
Acrylic_0_Top
  6
ByLayer
 62
  256
370
   -1
100
AcDbCircle
 10
37.10000000000002
 20
-37.10000000000001
 40
3.5
  0
CIRCLE
  5
7F1
100
AcDbEntity
  8
Acrylic_0_Top
  6
ByLayer
 62
  256
370
   -1
100
AcDbCircle
 10
-1.000000000000002
 20
-37.1
 40
3.5
  0
CIRCLE
  5
7F2
100
AcDbEntity
  8
Acrylic_0_Top
  6
ByLayer
 62
  256
370
   -1
100
AcDbCircle
 10
-1.000000000000005
 20
-78.8795789022405
 40
3.5
  0
CIRCLE
  5
7F3
100
AcDbEntity
  8
Acrylic_0_Top
  6
ByLayer
 62
  256
370
   -1
100
AcDbCircle
 10
37.1
 20
-78.8795789022405
 40
3.5
  0
CIRCLE
  5
7F4
100
AcDbEntity
  8
Acrylic_0_Top
  6
ByLayer
 62
  256
370
   -1
100
AcDbCircle
 10
75.2
 20
-78.8795789022405
 40
3.5
  0
CIRCLE
  5
7F5
100
AcDbEntity
  8
Acrylic_0_Top
  6
ByLayer
 62
  256
370
   -1
100
AcDbCircle
 10
113.3
 20
-78.8795789022405
 40
3.5
  0
CIRCLE
  5
7F6
100
AcDbEntity
  8
Acrylic_0_Top
  6
ByLayer
 62
  256
370
   -1
100
AcDbCircle
 10
113.3
 20
-117
 40
3.5
  0
CIRCLE
  5
7F7
100
AcDbEntity
  8
Acrylic_0_Top
  6
ByLayer
 62
  256
370
   -1
100
AcDbCircle
 10
75.2
 20
-117
 40
3.5
  0
CIRCLE
  5
7F8
100
AcDbEntity
  8
Acrylic_0_Top
  6
ByLayer
 62
  256
370
   -1
100
AcDbCircle
 10
37.1
 20
-117
 40
3.5
  0
CIRCLE
  5
7F9
100
AcDbEntity
  8
Acrylic_0_Top
  6
ByLayer
 62
  256
370
   -1
100
AcDbCircle
 10
-1.000000000000008
 20
-117
 40
3.5
  0
LINE
  5
7FA
100
AcDbEntity
  8
Grid_Holes
  6
ByLayer
 62
  256
370
   -1
100
AcDbLine
 10
-50
 20
-215
 11
-50
 21
-205
  0
LINE
  5
7FB
100
AcDbEntity
  8
Grid_Holes
  6
ByLayer
 62
  256
370
   -1
100
AcDbLine
 10
-21.84969999999451
 20
-151.735
 11
-21.84969999999451
 21
-141.735
  0
LINE
  5
7FC
100
AcDbEntity
  8
Grid_Holes
  6
ByLayer
 62
  256
370
   -1
100
AcDbLine
 10
55.62030000000549
 20
-151.735
 11
55.62030000000549
 21
-141.735
  0
LINE
  5
7FD
100
AcDbEntity
  8
Grid_Holes
  6
ByLayer
 62
  256
370
   -1
100
AcDbLine
 10
133.0903000000055
 20
-151.735
 11
133.0903000000055
 21
-141.735
  0
INSERT
  5
7FE
100
AcDbEntity
  8
PCB_LED_KEYPAD
  6
ByLayer
 62
  256
370
   -1
100
AcDbBlockReference
  2
KEYPADLED_PCB2
 10
210.1270000000631
 20
-43.4799999999999
 30
0
 41
1
 42
1
 43
0
 50
0
 70
    1
 71
    1
 44
0
 45
0
  0
LINE
  5
7FF
100
AcDbEntity
  8
Grids_Cut
  6
ByLayer
 62
  256
370
   -1
100
AcDbLine
 10
7.978100000005515
 20
-151.7518
 11
7.978100000005516
 21
-141.7518
  0
LINE
  5
800
100
AcDbEntity
  8
Grids_Cut
  6
ByLayer
 62
  256
370
   -1
100
AcDbLine
 10
27.02810000000553
 20
-151.7518
 11
27.02810000000553
 21
-141.7518
  0
LINE
  5
801
100
AcDbEntity
  8
Grids_Cut
  6
ByLayer
 62
  256
370
   -1
100
AcDbLine
 10
46.07810000000553
 20
-151.7518
 11
46.07810000000553
 21
-141.7518
  0
LINE
  5
802
100
AcDbEntity
  8
Grids_Cut
  6
ByLayer
 62
  256
370
   -1
100
AcDbLine
 10
65.12810000000549
 20
-151.7518
 11
65.12810000000549
 21
-141.7518
  0
LINE
  5
803
100
AcDbEntity
  8
Grids_Cut
  6
ByLayer
 62
  256
370
   -1
100
AcDbLine
 10
84.1781000000055
 20
-151.7518
 11
84.1781000000055
 21
-141.7518
  0
LINE
  5
804
100
AcDbEntity
  8
Grids_Cut
  6
ByLayer
 62
  256
370
   -1
100
AcDbLine
 10
103.2453000000055
 20
-151.735
 11
103.2453000000055
 21
-141.735
  0
LINE
  5
805
100
AcDbEntity
  8
Grids_Cut
  6
ByLayer
 62
  256
370
   -1
100
AcDbLine
 10
122.2781000000055
 20
-151.7518
 11
122.2781000000055
 21
-141.7518
  0
INSERT
  5
806
100
AcDbEntity
  8
PCB_KEYBPAD
  6
ByLayer
 62
  256
370
   -1
100
AcDbBlockReference
  2
PCB_Keypad2
 10
136.8502999999914
 20
-212.2815000000087
 30
0
 41
1
 42
1
 43
0
 50
0
 70
    1
 71
    1
 44
0
 45
0
  0
LINE
  5
807
100
AcDbEntity
  8
Grid_Holes
  6
ByLayer
 62
  256
370
   -1
100
AcDbLine
 10
7.928099999991389
 20
-151.4018000000086
 11
17.92809999999139
 21
-151.4018000000086
  0
LINE
  5
808
100
AcDbEntity
  8
Grid_Holes
  6
ByLayer
 62
  256
370
   -1
100
AcDbLine
 10
-21.89970000000864
 20
-174.8800000000086
 11
-11.89970000000864
 21
-174.8800000000086
  0
LINE
  5
809
100
AcDbEntity
  8
Grid_Holes
  6
ByLayer
 62
  256
370
   -1
100
AcDbLine
 10
-21.89970000000864
 20
-193.9300000000086
 11
-11.89970000000864
 21
-193.9300000000086
  0
LINE
  5
80A
100
AcDbEntity
  8
Grid_Holes
  6
ByLayer
 62
  256
370
   -1
100
AcDbLine
 10
-21.89970000000864
 20
-207.2650000000086
 11
-11.89970000000864
 21
-207.2650000000086
  0
LINE
  5
80B
100
AcDbEntity
  8
Grids_Cut
  6
ByLayer
 62
  256
370
   -1
100
AcDbLine
 10
-15.0718999999945
 20
-151.7518
 11
-15.0718999999945
 21
-141.7518
  0
LINE
  5
80C
100
AcDbEntity
  8
Grids_Cut
  6
ByLayer
 62
  256
370
   -1
100
AcDbLine
 10
-11.0718999999945
 20
-151.7518
 11
-11.0718999999945
 21
-141.7518
  0
LINE
  5
80D
100
AcDbEntity
  8
Grids_Cut
  6
ByLayer
 62
  256
370
   -1
100
AcDbLine
 10
-7.071899999994496
 20
-151.7518
 11
-7.071899999994496
 21
-141.7518
  0
LINE
  5
80E
100
AcDbEntity
  8
Grid_Holes
  6
ByLayer
 62
  256
370
   -1
100
AcDbLine
 10
7.928099999991389
 20
-152.4018000000086
 11
17.92809999999139
 21
-152.4018000000086
  0
LINE
  5
80F
100
AcDbEntity
  8
Grid_Holes
  6
ByLayer
 62
  256
370
   -1
100
AcDbLine
 10
7.928099999991389
 20
-150.4018000000086
 11
17.92809999999139
 21
-150.4018000000086
  0
INSERT
  5
810
100
AcDbEntity
  8
PCB_LED_KEYPAD
  6
ByLayer
 62
  256
370
   -1
100
AcDbBlockReference
  2
KEYPADLED_PCB2
 10
-25.64620000000863
 20
-214.8850000000085
 30
0
 41
1
 42
1
 43
0
 50
0
 70
    1
 71
    1
 44
0
 45
0
  0
LWPOLYLINE
  5
811
100
AcDbEntity
  8
Acrylic_0_Top
  6
ByLayer
 62
  256
370
   -1
100
AcDbPolyline
 90
    4
 70
    1
 43
0
 10
-15.12190000000862
 20
-206.2818000000086
 10
-7.121900000008623
 20
-206.2818000000086
 10
-7.121900000008623
 20
-208.2818000000086
 10
-15.12190000000862
 20
-208.2818000000086
  0
LWPOLYLINE
  5
812
100
AcDbEntity
  8
Acrylic_0_Top
  6
ByLayer
 62
  256
370
   -1
100
AcDbPolyline
 90
    4
 70
    1
 43
0
 10
3.928099999991389
 20
-206.2818000000086
 10
11.92809999999139
 20
-206.2818000000086
 10
11.92809999999139
 20
-208.2818000000086
 10
3.928099999991389
 20
-208.2818000000086
  0
LWPOLYLINE
  5
813
100
AcDbEntity
  8
Acrylic_0_Top
  6
ByLayer
 62
  256
370
   -1
100
AcDbPolyline
 90
    4
 70
    1
 43
0
 10
22.9780999999914
 20
-206.2818000000086
 10
30.9780999999914
 20
-206.2818000000086
 10
30.9780999999914
 20
-208.2818000000086
 10
22.9780999999914
 20
-208.2818000000086
  0
LWPOLYLINE
  5
814
100
AcDbEntity
  8
Acrylic_0_Top
  6
ByLayer
 62
  256
370
   -1
100
AcDbPolyline
 90
    4
 70
    1
 43
0
 10
42.02809999999141
 20
-206.2818000000086
 10
50.02809999999141
 20
-206.2818000000086
 10
50.02809999999141
 20
-208.2818000000086
 10
42.02809999999141
 20
-208.2818000000086
  0
LWPOLYLINE
  5
815
100
AcDbEntity
  8
Acrylic_0_Top
  6
ByLayer
 62
  256
370
   -1
100
AcDbPolyline
 90
    4
 70
    1
 43
0
 10
61.07809999999142
 20
-206.2818000000086
 10
69.07809999999142
 20
-206.2818000000086
 10
69.07809999999142
 20
-208.2818000000086
 10
61.07809999999142
 20
-208.2818000000086
  0
LWPOLYLINE
  5
816
100
AcDbEntity
  8
Acrylic_0_Top
  6
ByLayer
 62
  256
370
   -1
100
AcDbPolyline
 90
    4
 70
    1
 43
0
 10
80.12809999999143
 20
-206.2818000000086
 10
88.12809999999143
 20
-206.2818000000086
 10
88.12809999999143
 20
-208.2818000000086
 10
80.12809999999143
 20
-208.2818000000086
  0
LWPOLYLINE
  5
817
100
AcDbEntity
  8
Acrylic_0_Top
  6
ByLayer
 62
  256
370
   -1
100
AcDbPolyline
 90
    4
 70
    1
 43
0
 10
99.17809999999145
 20
-206.2818000000086
 10
107.1780999999914
 20
-206.2818000000086
 10
107.1780999999914
 20
-208.2818000000086
 10
99.17809999999145
 20
-208.2818000000086
  0
LWPOLYLINE
  5
818
100
AcDbEntity
  8
Acrylic_0_Top
  6
ByLayer
 62
  256
370
   -1
100
AcDbPolyline
 90
    4
 70
    1
 43
0
 10
118.2280999999915
 20
-206.2818000000086
 10
126.2280999999915
 20
-206.2818000000086
 10
126.2280999999915
 20
-208.2818000000086
 10
118.2280999999915
 20
-208.2818000000086
  0
INSERT
  5
819
100
AcDbEntity
  8
PCB_LED_KEYPAD
  6
ByLayer
 62
  256
370
   -1
100
AcDbBlockReference
  2
KEYPADLED_PCB2
 10
136.8368000000054
 20
-143.7818000000088
 30
0
 41
1
 42
1
 43
0
 50
180
 70
    1
 71
    1
 44
0
 45
0
  0
LWPOLYLINE
  5
81A
100
AcDbEntity
  8
Acrylic_0_Top
  6
ByLayer
 62
  256
370
   -1
100
AcDbPolyline
 90
    4
 70
    1
 43
0
 10
-15.08750000000869
 20
-150.4018000000086
 10
-7.087500000008693
 20
-150.4018000000086
 10
-7.087500000008693
 20
-152.4018000000086
 10
-15.08750000000869
 20
-152.4018000000086
  0
LWPOLYLINE
  5
81B
100
AcDbEntity
  8
Acrylic_0_Top
  6
ByLayer
 62
  256
370
   -1
100
AcDbPolyline
 90
    4
 70
    1
 43
0
 10
3.962499999991319
 20
-150.4018000000086
 10
11.96249999999132
 20
-150.4018000000086
 10
11.96249999999132
 20
-152.4018000000086
 10
3.962499999991319
 20
-152.4018000000086
  0
LWPOLYLINE
  5
81C
100
AcDbEntity
  8
Acrylic_0_Top
  6
ByLayer
 62
  256
370
   -1
100
AcDbPolyline
 90
    4
 70
    1
 43
0
 10
23.01249999999133
 20
-150.4018000000086
 10
31.01249999999133
 20
-150.4018000000086
 10
31.01249999999133
 20
-152.4018000000086
 10
23.01249999999133
 20
-152.4018000000086
  0
LWPOLYLINE
  5
81D
100
AcDbEntity
  8
Acrylic_0_Top
  6
ByLayer
 62
  256
370
   -1
100
AcDbPolyline
 90
    4
 70
    1
 43
0
 10
42.06249999999135
 20
-150.4018000000086
 10
50.06249999999135
 20
-150.4018000000086
 10
50.06249999999135
 20
-152.4018000000086
 10
42.06249999999135
 20
-152.4018000000086
  0
LWPOLYLINE
  5
81E
100
AcDbEntity
  8
Acrylic_0_Top
  6
ByLayer
 62
  256
370
   -1
100
AcDbPolyline
 90
    4
 70
    1
 43
0
 10
61.11249999999136
 20
-150.4018000000086
 10
69.11249999999136
 20
-150.4018000000086
 10
69.11249999999136
 20
-152.4018000000086
 10
61.11249999999136
 20
-152.4018000000086
  0
LWPOLYLINE
  5
81F
100
AcDbEntity
  8
Acrylic_0_Top
  6
ByLayer
 62
  256
370
   -1
100
AcDbPolyline
 90
    4
 70
    1
 43
0
 10
80.16249999999137
 20
-150.4018000000086
 10
88.16249999999137
 20
-150.4018000000086
 10
88.16249999999137
 20
-152.4018000000086
 10
80.16249999999137
 20
-152.4018000000086
  0
LWPOLYLINE
  5
820
100
AcDbEntity
  8
Acrylic_0_Top
  6
ByLayer
 62
  256
370
   -1
100
AcDbPolyline
 90
    4
 70
    1
 43
0
 10
99.21249999999138
 20
-150.4018000000086
 10
107.2124999999914
 20
-150.4018000000086
 10
107.2124999999914
 20
-152.4018000000086
 10
99.21249999999138
 20
-152.4018000000086
  0
LWPOLYLINE
  5
821
100
AcDbEntity
  8
Acrylic_0_Top
  6
ByLayer
 62
  256
370
   -1
100
AcDbPolyline
 90
    4
 70
    1
 43
0
 10
118.2624999999914
 20
-150.4018000000086
 10
126.2624999999914
 20
-150.4018000000086
 10
126.2624999999914
 20
-152.4018000000086
 10
118.2624999999914
 20
-152.4018000000086
  0
LWPOLYLINE
  5
822
100
AcDbEntity
  8
Board
  6
ByLayer
 62
  256
370
   -1
100
AcDbPolyline
 90
    4
 70
    1
 43
0
 10
-25.72319999987849
 20
-143.7818000000087
 10
136.8368000000054
 20
-143.7818000000087
 10
136.8368000000054
 20
-156.4818000000087
 10
-25.72319999987849
 20
-156.4818000000087
  0
LWPOLYLINE
  5
823
100
AcDbEntity
  8
Board
  6
ByLayer
 62
  256
370
   -1
100
AcDbPolyline
 90
    4
 70
    1
 43
0
 10
-25.70970000000864
 20
-146.3685000000098
 10
136.8502999999914
 20
-146.3685000000098
 10
136.8502999999914
 20
-212.2815000000087
 10
-25.70970000000864
 20
-212.2815000000087
  0
LWPOLYLINE
  5
824
100
AcDbEntity
  8
Board
  6
ByLayer
 62
  256
370
   -1
100
AcDbPolyline
 90
    4
 70
    1
 43
0
 10
-25.64620000000863
 20
-202.1850000000086
 10
136.9137999998753
 20
-202.1850000000086
 10
136.9137999998753
 20
-214.8850000000085
 10
-25.64620000000863
 20
-214.8850000000085
  0
CIRCLE
  5
825
100
AcDbEntity
  8
PCB_TeensyController
  6
ByLayer
 62
  256
370
   -1
100
AcDbCircle
 10
830
 20
460
 40
1.5
  0
LINE
  5
826
100
AcDbEntity
  8
Grids_Top
  6
ByLayer
 62
  256
370
   -1
100
AcDbLine
 10
-68.09999999999999
 20
0
 11
-68.09999999999999
 21
10
  0
LINE
  5
827
100
AcDbEntity
  8
Grids_Top
  6
ByLayer
 62
  256
370
   -1
100
AcDbLine
 10
-91
 20
-137
 11
-81
 21
-137
  0
DIMENSION
  5
828
100
AcDbEntity
  8
TopMeasurement
  6
ByLayer
 62
  256
370
   -1
100
AcDbDimension
  2
*D22
 10
-350
 20
-165
 30
0
 11
-370.5
 21
-163.125
 31
0
 70
   33
 71
    5
  3
Standard
 53
0
210
0
220
0
230
1
100
AcDbAlignedDimension
 13
-391
 23
-170
 33
0
 14
-350
 24
-170
 34
0
  0
LWPOLYLINE
  5
829
100
AcDbEntity
  8
Acrylic_0_Top
  6
ByLayer
 62
  256
370
   -1
100
AcDbPolyline
 90
    4
 70
    1
 43
0
 10
-88.10000000000002
 20
-137
 10
-88.10000000000002
 20
17
 10
-47.10000000000002
 20
17
 10
-47.10000000000002
 20
-137
  0
LWPOLYLINE
  5
82A
100
AcDbEntity
  8
Acrylic_0_Top
  6
ByLayer
 62
  256
370
   -1
100
AcDbPolyline
 90
    4
 70
    1
 43
0
 10
-40.81819999999141
 20
-131.1219000000086
 10
-40.81819999999141
 20
-123.1219000000086
 10
-38.81819999999141
 20
-123.1219000000086
 10
-38.81819999999141
 20
-131.1219000000086
  0
LWPOLYLINE
  5
82B
100
AcDbEntity
  8
Acrylic_0_Top
  6
ByLayer
 62
  256
370
   -1
100
AcDbPolyline
 90
    4
 70
    1
 43
0
 10
-40.81819999999141
 20
-112.0719000000086
 10
-40.81819999999141
 20
-104.0719000000086
 10
-38.81819999999141
 20
-104.0719000000086
 10
-38.81819999999141
 20
-112.0719000000086
  0
LWPOLYLINE
  5
82C
100
AcDbEntity
  8
Acrylic_0_Top
  6
ByLayer
 62
  256
370
   -1
100
AcDbPolyline
 90
    4
 70
    1
 43
0
 10
-40.81819999999141
 20
-93.0219000000086
 10
-40.81819999999141
 20
-85.0219000000086
 10
-38.81819999999141
 20
-85.0219000000086
 10
-38.81819999999141
 20
-93.0219000000086
  0
LWPOLYLINE
  5
82D
100
AcDbEntity
  8
Acrylic_0_Top
  6
ByLayer
 62
  256
370
   -1
100
AcDbPolyline
 90
    4
 70
    1
 43
0
 10
-40.81819999999141
 20
-73.97190000000859
 10
-40.81819999999141
 20
-65.97190000000859
 10
-38.81819999999141
 20
-65.97190000000859
 10
-38.81819999999141
 20
-73.97190000000859
  0
LWPOLYLINE
  5
82E
100
AcDbEntity
  8
Acrylic_0_Top
  6
ByLayer
 62
  256
370
   -1
100
AcDbPolyline
 90
    4
 70
    1
 43
0
 10
-40.81819999999141
 20
-54.92190000000858
 10
-40.81819999999141
 20
-46.92190000000858
 10
-38.81819999999141
 20
-46.92190000000858
 10
-38.81819999999141
 20
-54.92190000000858
  0
LWPOLYLINE
  5
82F
100
AcDbEntity
  8
Acrylic_0_Top
  6
ByLayer
 62
  256
370
   -1
100
AcDbPolyline
 90
    4
 70
    1
 43
0
 10
-40.81819999999141
 20
-35.87190000000857
 10
-40.81819999999141
 20
-27.87190000000857
 10
-38.81819999999141
 20
-27.87190000000857
 10
-38.81819999999141
 20
-35.87190000000857
  0
LWPOLYLINE
  5
830
100
AcDbEntity
  8
Acrylic_0_Top
  6
ByLayer
 62
  256
370
   -1
100
AcDbPolyline
 90
    4
 70
    1
 43
0
 10
-40.81819999999141
 20
-16.82190000000855
 10
-40.81819999999141
 20
-8.821900000008611
 10
-38.81819999999141
 20
-8.821900000008611
 10
-38.81819999999141
 20
-16.82190000000855
  0
LWPOLYLINE
  5
831
100
AcDbEntity
  8
Acrylic_0_Top
  6
ByLayer
 62
  256
370
   -1
100
AcDbPolyline
 90
    4
 70
    1
 43
0
 10
-40.81819999999141
 20
2.228099999991514
 10
-40.81819999999141
 20
10.22809999999151
 10
-38.81819999999141
 20
10.22809999999151
 10
-38.81819999999141
 20
2.228099999991514
  0
LWPOLYLINE
  5
832
100
AcDbEntity
  8
Acrylic_0_Top
  6
ByLayer
 62
  256
370
   -1
100
AcDbPolyline
 90
    4
 70
    1
 43
0
 10
-96.6981999999914
 20
-131.0875000000087
 10
-96.6981999999914
 20
-123.0875000000087
 10
-94.6981999999914
 20
-123.0875000000087
 10
-94.6981999999914
 20
-131.0875000000087
  0
LWPOLYLINE
  5
833
100
AcDbEntity
  8
Acrylic_0_Top
  6
ByLayer
 62
  256
370
   -1
100
AcDbPolyline
 90
    4
 70
    1
 43
0
 10
-96.6981999999914
 20
-112.0375000000087
 10
-96.6981999999914
 20
-104.0375000000087
 10
-94.6981999999914
 20
-104.0375000000087
 10
-94.6981999999914
 20
-112.0375000000087
  0
LWPOLYLINE
  5
834
100
AcDbEntity
  8
Acrylic_0_Top
  6
ByLayer
 62
  256
370
   -1
100
AcDbPolyline
 90
    4
 70
    1
 43
0
 10
-96.6981999999914
 20
-92.98750000000865
 10
-96.6981999999914
 20
-84.98750000000865
 10
-94.6981999999914
 20
-84.98750000000865
 10
-94.6981999999914
 20
-92.98750000000865
  0
LWPOLYLINE
  5
835
100
AcDbEntity
  8
Acrylic_0_Top
  6
ByLayer
 62
  256
370
   -1
100
AcDbPolyline
 90
    4
 70
    1
 43
0
 10
-96.6981999999914
 20
-73.93750000000864
 10
-96.6981999999914
 20
-65.93750000000864
 10
-94.6981999999914
 20
-65.93750000000864
 10
-94.6981999999914
 20
-73.93750000000864
  0
LWPOLYLINE
  5
836
100
AcDbEntity
  8
Acrylic_0_Top
  6
ByLayer
 62
  256
370
   -1
100
AcDbPolyline
 90
    4
 70
    1
 43
0
 10
-96.6981999999914
 20
-54.88750000000863
 10
-96.6981999999914
 20
-46.88750000000863
 10
-94.6981999999914
 20
-46.88750000000863
 10
-94.6981999999914
 20
-54.88750000000863
  0
LWPOLYLINE
  5
837
100
AcDbEntity
  8
Acrylic_0_Top
  6
ByLayer
 62
  256
370
   -1
100
AcDbPolyline
 90
    4
 70
    1
 43
0
 10
-96.6981999999914
 20
-35.83750000000862
 10
-96.6981999999914
 20
-27.83750000000862
 10
-94.6981999999914
 20
-27.83750000000862
 10
-94.6981999999914
 20
-35.83750000000862
  0
LWPOLYLINE
  5
838
100
AcDbEntity
  8
Acrylic_0_Top
  6
ByLayer
 62
  256
370
   -1
100
AcDbPolyline
 90
    4
 70
    1
 43
0
 10
-96.6981999999914
 20
-16.78750000000861
 10
-96.6981999999914
 20
-8.787500000008606
 10
-94.6981999999914
 20
-8.787500000008606
 10
-94.6981999999914
 20
-16.78750000000861
  0
LWPOLYLINE
  5
839
100
AcDbEntity
  8
Acrylic_0_Top
  6
ByLayer
 62
  256
370
   -1
100
AcDbPolyline
 90
    4
 70
    1
 43
0
 10
-96.6981999999914
 20
2.262499999991405
 10
-96.6981999999914
 20
10.26249999999141
 10
-94.6981999999914
 20
10.26249999999141
 10
-94.6981999999914
 20
2.262499999991405
  0
LWPOLYLINE
  5
83A
100
AcDbEntity
  8
Board
  6
ByLayer
 62
  256
370
   -1
100
AcDbPolyline
 90
    4
 70
    1
 43
0
 10
-103.3181999999913
 20
-141.7231999998785
 10
-103.3181999999913
 20
20.83680000000541
 10
-90.6181999999913
 20
20.83680000000541
 10
-90.61819999999136
 20
-141.7231999998785
  0
LWPOLYLINE
  5
83B
100
AcDbEntity
  8
Board
  6
ByLayer
 62
  256
370
   -1
100
AcDbPolyline
 90
    4
 70
    1
 43
0
 10
-100.7314999999902
 20
-141.7097000000086
 10
-100.7314999999902
 20
20.85029999999139
 10
-34.81849999999133
 20
20.85029999999139
 10
-34.81849999999133
 20
-141.7097000000086
  0
LWPOLYLINE
  5
83C
100
AcDbEntity
  8
Board
  6
ByLayer
 62
  256
370
   -1
100
AcDbPolyline
 90
    4
 70
    1
 43
0
 10
-44.91499999999144
 20
-141.6462000000086
 10
-44.91499999999138
 20
20.91379999987529
 10
-32.21499999999151
 20
20.91379999987529
 10
-32.21499999999151
 20
-141.6462000000086
  0
LINE
  5
83D
100
AcDbEntity
  8
Grids_Top
  6
ByLayer
 62
  256
370
   -1
100
AcDbLine
 10
-47.10000000000002
 20
-137
 11
-47.10000000000002
 21
-127
  0
LINE
  5
83E
100
AcDbEntity
  8
Grids_Top
  6
ByLayer
 62
  256
370
   -1
100
AcDbLine
 10
-68.10000000000002
 20
-137
 11
-68.10000000000002
 21
-127
  0
DIMENSION
  5
83F
100
AcDbEntity
  8
TopMeasurement
  6
ByLayer
 62
  256
370
   -1
100
AcDbDimension
  2
*D23
 10
-47.10000000000002
 20
-130
 30
0
 11
-67.60000000000002
 21
-128.125
 31
0
 70
   33
 71
    5
  3
Standard
 53
0
210
0
220
0
230
1
100
AcDbAlignedDimension
 13
-88.10000000000002
 23
-137
 33
0
 14
-47.10000000000002
 24
-137
 34
0
  0
DIMENSION
  5
840
100
AcDbEntity
  8
TopMeasurement
  6
ByLayer
 62
  256
370
   -1
100
AcDbDimension
  2
*D24
 10
-68.10000000000002
 20
-130
 30
0
 11
-78.10000000000002
 21
-128.125
 31
0
 70
   33
 71
    5
  3
Standard
 53
0
210
0
220
0
230
1
100
AcDbAlignedDimension
 13
-88.10000000000002
 23
-137
 33
0
 14
-68.10000000000002
 24
-137
 34
0
  0
INSERT
  5
841
100
AcDbEntity
  8
PCB_KEYBPAD
  6
ByLayer
 62
  256
370
   -1
100
AcDbBlockReference
  2
PCB_Keypad2
 10
-34.81849999999127
 20
20.85029999999139
 30
0
 41
1
 42
1
 43
0
 50
90
 70
    1
 71
    1
 44
0
 45
0
  0
INSERT
  5
842
100
AcDbEntity
  8
PCB_LED_KEYPAD
  6
ByLayer
 62
  256
370
   -1
100
AcDbBlockReference
  2
KEYPADLED_PCB2
 10
-32.21499999999151
 20
-141.6462000000086
 30
0
 41
1
 42
1
 43
0
 50
90
 70
    1
 71
    1
 44
0
 45
0
  0
INSERT
  5
843
100
AcDbEntity
  8
PCB_LED_KEYPAD
  6
ByLayer
 62
  256
370
   -1
100
AcDbBlockReference
  2
KEYPADLED_PCB2
 10
-103.3181999999912
 20
20.83680000000541
 30
0
 41
1
 42
1
 43
0
 50
270
 70
    1
 71
    1
 44
0
 45
0
  0
LINE
  5
844
100
AcDbEntity
  8
Grids_Teensy
  6
ByLayer
 62
  256
370
   -1
100
AcDbLine
 10
-110
 20
40
 11
-110
 21
50
  0
LINE
  5
845
100
AcDbEntity
  8
Grids_Teensy
  6
ByLayer
 62
  256
370
   -1
100
AcDbLine
 10
90.66000000000003
 20
40
 11
90.66000000000003
 21
50
  0
LINE
  5
846
100
AcDbEntity
  8
Acrylic_Sides
  6
ByLayer
 62
  256
370
   -1
100
AcDbLine
 10
100
 20
245
 11
60
 21
245
  0
LINE
  5
847
100
AcDbEntity
  8
Acrylic_Sides
  6
ByLayer
 62
  256
370
   -1
100
AcDbLine
 10
30
 20
245
 11
6.735557395310443e-15
 21
245
  0
LINE
  5
848
100
AcDbEntity
  8
Acrylic_Sides
  6
ByLayer
 62
  256
370
   -1
100
AcDbLine
 10
-30
 20
245
 11
-70
 21
245
  0
LINE
  5
849
100
AcDbEntity
  8
Acrylic_Sides
  6
ByLayer
 62
  256
370
   -1
100
AcDbLine
 10
-100
 20
245
 11
-100
 21
248
  0
LINE
  5
84A
100
AcDbEntity
  8
Acrylic_Sides
  6
ByLayer
 62
  256
370
   -1
100
AcDbLine
 10
-100
 20
248
 11
-70
 21
248
  0
LINE
  5
84B
100
AcDbEntity
  8
Acrylic_Sides
  6
ByLayer
 62
  256
370
   -1
100
AcDbLine
 10
-70
 20
248
 11
-70
 21
245
  0
LINE
  5
84C
100
AcDbEntity
  8
Acrylic_Sides
  6
ByLayer
 62
  256
370
   -1
100
AcDbLine
 10
-30
 20
245
 11
-30
 21
248
  0
LINE
  5
84D
100
AcDbEntity
  8
Acrylic_Sides
  6
ByLayer
 62
  256
370
   -1
100
AcDbLine
 10
-30
 20
248
 11
6.919254415182545e-15
 21
248
  0
LINE
  5
84E
100
AcDbEntity
  8
Acrylic_Sides
  6
ByLayer
 62
  256
370
   -1
100
AcDbLine
 10
6.919254415182545e-15
 20
248
 11
6.735557395310443e-15
 21
245
  0
LINE
  5
84F
100
AcDbEntity
  8
Acrylic_Sides
  6
ByLayer
 62
  256
370
   -1
100
AcDbLine
 10
30
 20
245
 11
30
 21
248
  0
LINE
  5
850
100
AcDbEntity
  8
Acrylic_Sides
  6
ByLayer
 62
  256
370
   -1
100
AcDbLine
 10
30
 20
248
 11
60
 21
248
  0
LINE
  5
851
100
AcDbEntity
  8
Acrylic_Sides
  6
ByLayer
 62
  256
370
   -1
100
AcDbLine
 10
60
 20
248
 11
60
 21
245
  0
LINE
  5
852
100
AcDbEntity
  8
Acrylic_Sides
  6
ByLayer
 62
  256
370
   -1
100
AcDbLine
 10
100
 20
245
 11
100
 21
248
  0
LINE
  5
853
100
AcDbEntity
  8
Acrylic_Sides
  6
ByLayer
 62
  256
370
   -1
100
AcDbLine
 10
100
 20
248
 11
130
 21
248
  0
LINE
  5
854
100
AcDbEntity
  8
Acrylic_Sides
  6
ByLayer
 62
  256
370
   -1
100
AcDbLine
 10
130
 20
248
 11
130
 21
245
  0
LINE
  5
855
100
AcDbEntity
  8
Grids_Teensy
  6
ByLayer
 62
  256
370
   -1
100
AcDbLine
 10
-120
 20
100
 11
-110
 21
100
  0
LINE
  5
856
100
AcDbEntity
  8
Grids_Teensy
  6
ByLayer
 62
  256
370
   -1
100
AcDbLine
 10
-120
 20
102
 11
-110
 21
102
  0
LINE
  5
857
100
AcDbEntity
  8
Grids_Teensy
  6
ByLayer
 62
  256
370
   -1
100
AcDbLine
 10
-120
 20
104
 11
-110
 21
104
  0
LINE
  5
858
100
AcDbEntity
  8
Acrylic_Sides
  6
ByLayer
 62
  256
370
   -1
100
AcDbLine
 10
100
 20
150
 11
60
 21
150
  0
LINE
  5
859
100
AcDbEntity
  8
Acrylic_Sides
  6
ByLayer
 62
  256
370
   -1
100
AcDbLine
 10
30
 20
150
 11
6.735557395310443e-15
 21
150
  0
LINE
  5
85A
100
AcDbEntity
  8
Acrylic_Sides
  6
ByLayer
 62
  256
370
   -1
100
AcDbLine
 10
-30
 20
150
 11
-70
 21
150
  0
LINE
  5
85B
100
AcDbEntity
  8
Acrylic_Sides
  6
ByLayer
 62
  256
370
   -1
100
AcDbLine
 10
-100
 20
150
 11
-100
 21
153
  0
LINE
  5
85C
100
AcDbEntity
  8
Acrylic_Sides
  6
ByLayer
 62
  256
370
   -1
100
AcDbLine
 10
-100
 20
153
 11
-70
 21
153
  0
LINE
  5
85D
100
AcDbEntity
  8
Acrylic_Sides
  6
ByLayer
 62
  256
370
   -1
100
AcDbLine
 10
-70
 20
153
 11
-70
 21
150
  0
LINE
  5
85E
100
AcDbEntity
  8
Acrylic_Sides
  6
ByLayer
 62
  256
370
   -1
100
AcDbLine
 10
-30
 20
150
 11
-30
 21
153
  0
LINE
  5
85F
100
AcDbEntity
  8
Acrylic_Sides
  6
ByLayer
 62
  256
370
   -1
100
AcDbLine
 10
-30
 20
153
 11
6.919254415182545e-15
 21
153
  0
LINE
  5
860
100
AcDbEntity
  8
Acrylic_Sides
  6
ByLayer
 62
  256
370
   -1
100
AcDbLine
 10
6.919254415182545e-15
 20
153
 11
6.735557395310443e-15
 21
150
  0
LINE
  5
861
100
AcDbEntity
  8
Acrylic_Sides
  6
ByLayer
 62
  256
370
   -1
100
AcDbLine
 10
30
 20
150
 11
30
 21
153
  0
LINE
  5
862
100
AcDbEntity
  8
Acrylic_Sides
  6
ByLayer
 62
  256
370
   -1
100
AcDbLine
 10
30
 20
153
 11
60
 21
153
  0
LINE
  5
863
100
AcDbEntity
  8
Acrylic_Sides
  6
ByLayer
 62
  256
370
   -1
100
AcDbLine
 10
60
 20
153
 11
60
 21
150
  0
LINE
  5
864
100
AcDbEntity
  8
Acrylic_Sides
  6
ByLayer
 62
  256
370
   -1
100
AcDbLine
 10
100
 20
150
 11
100
 21
153
  0
LINE
  5
865
100
AcDbEntity
  8
Acrylic_Sides
  6
ByLayer
 62
  256
370
   -1
100
AcDbLine
 10
100
 20
153
 11
130
 21
153
  0
LINE
  5
866
100
AcDbEntity
  8
Acrylic_Sides
  6
ByLayer
 62
  256
370
   -1
100
AcDbLine
 10
130
 20
153
 11
130
 21
150
  0
LINE
  5
867
100
AcDbEntity
  8
Grids_Teensy
  6
ByLayer
 62
  256
370
   -1
100
AcDbLine
 10
-120
 20
124
 11
-110
 21
124
  0
LINE
  5
868
100
AcDbEntity
  8
Grids_Teensy
  6
ByLayer
 62
  256
370
   -1
100
AcDbLine
 10
-100
 20
150
 11
-90
 21
150
  0
LINE
  5
869
100
AcDbEntity
  8
Grids_Teensy
  6
ByLayer
 62
  256
370
   -1
100
AcDbLine
 10
-100
 20
130
 11
-90
 21
130
  0
LINE
  5
86A
100
AcDbEntity
  8
Grids_Teensy
  6
ByLayer
 62
  256
370
   -1
100
AcDbLine
 10
-120
 20
116
 11
-110
 21
116
  0
LINE
  5
86B
100
AcDbEntity
  8
Grids_Teensy
  6
ByLayer
 62
  256
370
   -1
100
AcDbLine
 10
-120
 20
111
 11
-110
 21
111
  0
MTEXT
  5
86C
100
AcDbEntity
  8
Board
  6
ByLayer
 62
  256
370
   -1
100
AcDbMText
 10
10
 20
140
 30
0
 40
1
 41
15.25000051428736
 71
    1
 72
    1
  1
Encoder & LED Boards
  7
STANDARD
210
0
220
0
230
1
 50
0
 73
    2
 44
1
  0
LINE
  5
86D
100
AcDbEntity
  8
Grids_Top
  6
ByLayer
 62
  256
370
   -1
100
AcDbLine
 10
-100.7314999999902
 20
20.8502999999914
 11
-100.7314999999902
 21
30.8502999999914
  0
LINE
  5
86E
100
AcDbEntity
  8
Grids_Top
  6
ByLayer
 62
  256
370
   -1
100
AcDbLine
 10
-35
 20
21
 11
-35
 21
31
  0
LWPOLYLINE
  5
86F
100
AcDbEntity
  8
Board
  6
ByLayer
 62
  256
370
   -1
100
AcDbPolyline
 90
    4
 70
    1
 43
0
 10
-20
 20
150
 10
132.3
 20
150
 10
132.3
 20
130
 10
-20
 20
130
  0
LWPOLYLINE
  5
870
100
AcDbEntity
  8
Board
  6
ByLayer
 62
  256
370
   -1
100
AcDbPolyline
 90
    4
 70
    1
 43
0
 10
-100.7314999999902
 20
150
 10
-35
 20
150
 10
-35
 20
124
 10
-100.7314999999902
 20
124
  0
MTEXT
  5
871
100
AcDbEntity
  8
Board
  6
ByLayer
 62
  256
370
   -1
100
AcDbMText
 10
-80
 20
140
 30
0
 40
1
 41
11.97222222222236
 71
    1
 72
    1
  1
Vertical Keyboard
  7
STANDARD
210
0
220
0
230
1
 50
0
 73
    2
 44
1
  0
LINE
  5
872
100
AcDbEntity
  8
Grids_Top
  6
ByLayer
 62
  256
370
   -1
100
AcDbLine
 10
-145
 20
60
 11
-145
 21
70
  0
LINE
  5
873
100
AcDbEntity
  8
Grids_Top
  6
ByLayer
 62
  256
370
   -1
100
AcDbLine
 10
-120
 20
70
 11
-110
 21
70
  0
LINE
  5
874
100
AcDbEntity
  8
Grids_Top
  6
ByLayer
 62
  256
370
   -1
100
AcDbLine
 10
-130
 20
-250
 11
-120
 21
-250
  0
LINE
  5
875
100
AcDbEntity
  8
Grids_Top
  6
ByLayer
 62
  256
370
   -1
100
AcDbLine
 10
175
 20
60
 11
175
 21
70
  0
DIMENSION
  5
876
100
AcDbEntity
  8
TopMeasurement
  6
ByLayer
 62
  256
370
   -1
100
AcDbDimension
  2
*D25
 10
175
 20
80
 30
0
 11
15
 21
81.875
 31
0
 70
   33
 71
    5
  3
Standard
 53
0
210
0
220
0
230
1
100
AcDbAlignedDimension
 13
-145
 23
70
 33
0
 14
175
 24
70
 34
0
  0
DIMENSION
  5
877
100
AcDbEntity
  8
TopMeasurement
  6
ByLayer
 62
  256
370
   -1
100
AcDbDimension
  2
*D26
 10
190
 20
-250
 30
0
 11
188.125
 21
-90
 31
0
 70
   33
 71
    5
  3
Standard
 53
0
210
0
220
0
230
1
100
AcDbAlignedDimension
 13
175
 23
70
 33
0
 14
175
 24
-250
 34
0
  0
LWPOLYLINE
  5
878
100
AcDbEntity
  8
Acrylic_0_Top
  6
ByLayer
 62
  256
370
   -1
100
AcDbPolyline
 90
    4
 70
    1
 43
0
 10
-145
 20
70
 10
175
 20
70
 10
175
 20
-250
 10
-145
 20
-250
  0
LINE
  5
879
100
AcDbEntity
  8
Grids_Cut
  6
ByLayer
 62
  256
370
   -1
100
AcDbLine
 10
-70
 20
55
 11
-60
 21
55
  0
LINE
  5
87A
100
AcDbEntity
  8
Grids_Cut
  6
ByLayer
 62
  256
370
   -1
100
AcDbLine
 10
-70
 20
50
 11
-60
 21
50
  0
LINE
  5
87B
100
AcDbEntity
  8
Grids_Cut
  6
ByLayer
 62
  256
370
   -1
100
AcDbLine
 10
-130
 20
20
 11
-130
 21
30
  0
CIRCLE
  5
87C
100
AcDbEntity
  8
Acrylic_0_Top
  6
ByLayer
 62
  256
370
   -1
100
AcDbCircle
 10
-120
 20
-85
 40
1.5
  0
CIRCLE
  5
87D
100
AcDbEntity
  8
Acrylic_0_Top
  6
ByLayer
 62
  256
370
   -1
100
AcDbCircle
 10
-120
 20
45
 40
1.5
  0
LINE
  5
87E
100
AcDbEntity
  8
Grids_Cut
  6
ByLayer
 62
  256
370
   -1
100
AcDbLine
 10
155
 20
40
 11
155
 21
50
  0
LINE
  5
87F
100
AcDbEntity
  8
Grids_Cut
  6
ByLayer
 62
  256
370
   -1
100
AcDbLine
 10
160
 20
20
 11
160
 21
30
  0
CIRCLE
  5
880
100
AcDbEntity
  8
Acrylic_0_Top
  6
ByLayer
 62
  256
370
   -1
100
AcDbCircle
 10
150
 20
-85
 40
1.5
  0
CIRCLE
  5
881
100
AcDbEntity
  8
Acrylic_0_Top
  6
ByLayer
 62
  256
370
   -1
100
AcDbCircle
 10
150
 20
45
 40
1.5
  0
LINE
  5
882
100
AcDbEntity
  8
Grids_Cut
  6
ByLayer
 62
  256
370
   -1
100
AcDbLine
 10
130
 20
-230
 11
140
 21
-230
  0
LINE
  5
883
100
AcDbEntity
  8
Grids_Cut
  6
ByLayer
 62
  256
370
   -1
100
AcDbLine
 10
130
 20
-235
 11
140
 21
-235
  0
CIRCLE
  5
884
100
AcDbEntity
  8
Acrylic_0_Top
  6
ByLayer
 62
  256
370
   -1
100
AcDbCircle
 10
-120
 20
-225
 40
1.5
  0
CIRCLE
  5
885
100
AcDbEntity
  8
Acrylic_0_Top
  6
ByLayer
 62
  256
370
   -1
100
AcDbCircle
 10
150
 20
-225
 40
1.5
  0
CIRCLE
  5
886
100
AcDbEntity
  8
Board
  6
ByLayer
 62
  256
370
   -1
100
AcDbCircle
 10
-50
 20
-225
 40
1.5
  0
CIRCLE
  5
887
100
AcDbEntity
  8
Board
  6
ByLayer
 62
  256
370
   -1
100
AcDbCircle
 10
80
 20
-225
 40
1.5
  0
CIRCLE
  5
888
100
AcDbEntity
  8
Board
  6
ByLayer
 62
  256
370
   -1
100
AcDbCircle
 10
20
 20
-225
 40
1.5
  0
LINE
  5
889
100
AcDbEntity
  8
Grid_Holes
  6
ByLayer
 62
  256
370
   -1
100
AcDbLine
 10
-120
 20
-225
 11
-110
 21
-225
  0
CIRCLE
  5
88A
100
AcDbEntity
  8
Acrylic_0_Top
  6
ByLayer
 62
  256
370
   -1
100
AcDbCircle
 10
-50
 20
-225
 40
1.5
  0
CIRCLE
  5
88B
100
AcDbEntity
  8
Acrylic_0_Top
  6
ByLayer
 62
  256
370
   -1
100
AcDbCircle
 10
15
 20
-225
 40
1.5
  0
CIRCLE
  5
88C
100
AcDbEntity
  8
Acrylic_0_Top
  6
ByLayer
 62
  256
370
   -1
100
AcDbCircle
 10
81
 20
-225
 40
1.5
  0
CIRCLE
  5
88D
100
AcDbEntity
  8
Acrylic_0_Top
  6
ByLayer
 62
  256
370
   -1
100
AcDbCircle
 10
-21.10000000000002
 20
46.12649999966288
 40
1.5
  0
CIRCLE
  5
88E
100
AcDbEntity
  8
Acrylic_0_Top
  6
ByLayer
 62
  256
370
   -1
100
AcDbCircle
 10
86.85000000000002
 20
46.12649999966288
 40
1.5
  0
CIRCLE
  5
88F
100
AcDbEntity
  8
Acrylic_05_MM_0_TOP
  6
ByLayer
 62
  256
370
   -1
100
AcDbCircle
 10
-109
 20
-157
 40
1.5
  0
CIRCLE
  5
890
100
AcDbEntity
  8
Acrylic_05_MM_0_TOP
  6
ByLayer
 62
  256
370
   -1
100
AcDbCircle
 10
-109
 20
-201
 40
1.5
  0
CIRCLE
  5
891
100
AcDbEntity
  8
Acrylic_05_MM_0_TOP
  6
ByLayer
 62
  256
370
   -1
100
AcDbCircle
 10
-33
 20
-201
 40
1.5
  0
CIRCLE
  5
892
100
AcDbEntity
  8
Acrylic_05_MM_0_TOP
  6
ByLayer
 62
  256
370
   -1
100
AcDbCircle
 10
-33
 20
-157
 40
1.5
  0
CIRCLE
  5
893
100
AcDbEntity
  8
Acrylic_05_MM_0_TOP
  6
ByLayer
 62
  256
370
   -1
100
AcDbCircle
 10
-109
 20
-157
 40
1.5
  0
CIRCLE
  5
894
100
AcDbEntity
  8
Acrylic_05_MM_0_TOP
  6
ByLayer
 62
  256
370
   -1
100
AcDbCircle
 10
-109
 20
-201
 40
1.5
  0
CIRCLE
  5
895
100
AcDbEntity
  8
Acrylic_05_MM_0_TOP
  6
ByLayer
 62
  256
370
   -1
100
AcDbCircle
 10
-33
 20
-201
 40
1.5
  0
CIRCLE
  5
896
100
AcDbEntity
  8
Acrylic_05_MM_0_TOP
  6
ByLayer
 62
  256
370
   -1
100
AcDbCircle
 10
-33
 20
-157
 40
1.5
  0
CIRCLE
  5
897
100
AcDbEntity
  8
Acrylic_05_MM_0_TOP
  6
ByLayer
 62
  256
370
   -1
100
AcDbCircle
 10
-109
 20
-157
 40
1.5
  0
CIRCLE
  5
898
100
AcDbEntity
  8
Acrylic_05_MM_0_TOP
  6
ByLayer
 62
  256
370
   -1
100
AcDbCircle
 10
-109
 20
-201
 40
1.5
  0
CIRCLE
  5
899
100
AcDbEntity
  8
Acrylic_05_MM_0_TOP
  6
ByLayer
 62
  256
370
   -1
100
AcDbCircle
 10
-33
 20
-201
 40
1.5
  0
CIRCLE
  5
89A
100
AcDbEntity
  8
Acrylic_05_MM_0_TOP
  6
ByLayer
 62
  256
370
   -1
100
AcDbCircle
 10
-33
 20
-157
 40
1.5
  0
LWPOLYLINE
  5
89B
100
AcDbEntity
  8
Acrylic_05_MM_0_TOP
  6
ByLayer
 62
  256
370
   -1
100
AcDbPolyline
 90
    4
 70
    1
 43
0
 10
-16.69999999999999
 20
2.199999999999989
 10
-10.90000000000001
 20
2.199999999999989
 10
-10.90000000000001
 20
-0.200000000000017
 10
-16.69999999999999
 20
-0.200000000000017
  0
LWPOLYLINE
  5
89C
100
AcDbEntity
  8
Acrylic_05_MM_0_TOP
  6
ByLayer
 62
  256
370
   -1
100
AcDbPolyline
 90
    4
 70
    1
 43
0
 10
-15.96412877926529
 20
-3.899474449118371
 10
-10.60562749069985
 20
-1.679910541400858
 10
-9.687187253023628
 20
-3.897221419427951
 10
-15.04568854158908
 20
-6.116785327145465
  0
LWPOLYLINE
  5
89D
100
AcDbEntity
  8
Acrylic_05_MM_0_TOP
  6
ByLayer
 62
  256
370
   -1
100
AcDbPolyline
 90
    4
 70
    1
 43
0
 10
-12.95010460205264
 20
-9.253048327204938
 10
-8.848885271170674
 20
-5.151828996322974
 10
-7.151828996322957
 20
-6.848885271170692
 10
-11.25304832720492
 20
-10.95010460205266
  0
LWPOLYLINE
  5
89E
100
AcDbEntity
  8
Acrylic_05_MM_0_TOP
  6
ByLayer
 62
  256
370
   -1
100
AcDbPolyline
 90
    4
 70
    1
 43
0
 10
-2.19999999999999
 20
-14.69999999999999
 10
-2.199999999999989
 20
-8.900000000000006
 10
0.2000000000000165
 20
-8.900000000000006
 10
0.2000000000000163
 20
-14.69999999999999
  0
LWPOLYLINE
  5
89F
100
AcDbEntity
  8
Acrylic_05_MM_0_TOP
  6
ByLayer
 62
  256
370
   -1
100
AcDbPolyline
 90
    4
 70
    1
 43
0
 10
9.253048327204938
 20
-10.95010460205264
 10
5.151828996322974
 20
-6.848885271170674
 10
6.848885271170692
 20
-5.151828996322957
 10
10.95010460205266
 20
-9.253048327204919
  0
LWPOLYLINE
  5
8A0
100
AcDbEntity
  8
Acrylic_05_MM_0_TOP
  6
ByLayer
 62
  256
370
   -1
100
AcDbPolyline
 90
    4
 70
    1
 43
0
 10
13.04568854158909
 20
-6.116785327145441
 10
7.687187253023639
 20
-3.897221419427925
 10
8.605627490699858
 20
-1.679910541400832
 10
13.96412877926531
 20
-3.899474449118348
  0
LWPOLYLINE
  5
8A1
100
AcDbEntity
  8
Acrylic_05_MM_0_TOP
  6
ByLayer
 62
  256
370
   -1
100
AcDbPolyline
 90
    4
 70
    1
 43
0
 10
14.69999999999999
 20
-0.1999999999999906
 10
8.900000000000006
 20
-0.1999999999999897
 10
8.900000000000006
 20
2.200000000000016
 10
14.69999999999999
 20
2.200000000000015
  0
LWPOLYLINE
  5
8A2
100
AcDbEntity
  8
Acrylic_05_MM_0_TOP
  6
ByLayer
 62
  256
370
   -1
100
AcDbPolyline
 90
    4
 70
    1
 43
0
 10
13.9641287792653
 20
5.89947444911837
 10
8.605627490699849
 20
3.679910541400856
 10
7.68718725302363
 20
5.89722141942795
 10
13.04568854158908
 20
8.116785327145463
  0
LWPOLYLINE
  5
8A3
100
AcDbEntity
  8
Acrylic_05_MM_0_TOP
  6
ByLayer
 62
  256
370
   -1
100
AcDbPolyline
 90
    4
 70
    1
 43
0
 10
10.95010460205264
 20
11.25304832720494
 10
6.848885271170675
 20
7.151828996322974
 10
5.151828996322958
 20
8.848885271170694
 10
9.253048327204921
 20
12.95010460205266
  0
LWPOLYLINE
  5
8A4
100
AcDbEntity
  8
Acrylic_05_MM_0_TOP
  6
ByLayer
 62
  256
370
   -1
100
AcDbPolyline
 90
    4
 70
    1
 43
0
 10
6.116785327145447
 20
15.04568854158908
 10
3.89722141942793
 20
9.687187253023637
 10
1.679910541400837
 20
10.60562749069986
 10
3.899474449118355
 20
15.9641287792653
  0
LWPOLYLINE
  5
8A5
100
AcDbEntity
  8
Acrylic_05_MM_0_TOP
  6
ByLayer
 62
  256
370
   -1
100
AcDbPolyline
 90
    4
 70
    1
 43
0
 10
0.1999999999999916
 20
16.69999999999999
 10
0.1999999999999905
 20
10.90000000000001
 10
-2.200000000000015
 20
10.90000000000001
 10
-2.200000000000014
 20
16.69999999999999
  0
LWPOLYLINE
  5
8A6
100
AcDbEntity
  8
Acrylic_05_MM_0_TOP
  6
ByLayer
 62
  256
370
   -1
100
AcDbPolyline
 90
    4
 70
    1
 43
0
 10
-5.899474449118375
 20
15.96412877926529
 10
-3.67991054140086
 20
10.60562749069985
 10
-5.897221419427953
 20
9.687187253023628
 10
-8.116785327145468
 20
15.04568854158907
  0
LWPOLYLINE
  5
8A7
100
AcDbEntity
  8
Acrylic_05_MM_0_TOP
  6
ByLayer
 62
  256
370
   -1
100
AcDbPolyline
 90
    4
 70
    1
 43
0
 10
-11.25304832720494
 20
12.95010460205264
 10
-7.151828996322974
 20
8.848885271170676
 10
-8.848885271170692
 20
7.151828996322958
 10
-12.95010460205265
 20
11.25304832720492
  0
LWPOLYLINE
  5
8A8
100
AcDbEntity
  8
Acrylic_05_MM_0_TOP
  6
ByLayer
 62
  256
370
   -1
100
AcDbPolyline
 90
    4
 70
    1
 43
0
 10
-15.04568854158908
 20
8.116785327145449
 10
-9.687187253023637
 20
5.897221419427931
 10
-10.60562749069986
 20
3.679910541400838
 10
-15.9641287792653
 20
5.899474449118356
  0
LWPOLYLINE
  5
8A9
100
AcDbEntity
  8
Acrylic_05_MM_0_TOP
  6
ByLayer
 62
  256
370
   -1
100
AcDbPolyline
 90
    4
 70
    1
 43
0
 10
-16.69999999999999
 20
2.199999999999992
 10
-10.90000000000001
 20
2.199999999999991
 10
-10.90000000000001
 20
-0.2000000000000146
 10
-16.69999999999999
 20
-0.2000000000000133
  0
LWPOLYLINE
  5
8AA
100
AcDbEntity
  8
Acrylic_05_MM_0_TOP
  6
ByLayer
 62
  256
370
   -1
100
AcDbPolyline
 90
    4
 70
    1
 43
0
 10
-7.281000000000006
 20
-8.90000000000002
 10
-4.880999999999999
 20
-8.90000000000002
 10
-4.880999999999999
 20
-14.70000000000002
 10
-7.281000000000006
 20
-14.70000000000002
  0
LWPOLYLINE
  5
8AB
100
AcDbEntity
  8
Acrylic_05_MM_0_TOP
  6
ByLayer
 62
  256
370
   -1
100
AcDbPolyline
 90
    4
 70
    1
 43
0
 10
2.87900000000002
 20
-8.90000000000002
 10
5.279000000000026
 20
-8.90000000000002
 10
5.279000000000026
 20
-14.70000000000002
 10
2.87900000000002
 20
-14.70000000000002
  0
CIRCLE
  5
8AC
100
AcDbEntity
  8
Acrylic_05_MM_0_TOP
  6
ByLayer
 62
  256
370
   -1
100
AcDbCircle
 10
-16.30000000000001
 20
16.29999999999997
 40
1.6
  0
CIRCLE
  5
8AD
100
AcDbEntity
  8
Acrylic_05_MM_0_TOP
  6
ByLayer
 62
  256
370
   -1
100
AcDbCircle
 10
52.27999999999997
 20
16.29999999999997
 40
1.6
  0
CIRCLE
  5
8AE
100
AcDbEntity
  8
Acrylic_05_MM_0_TOP
  6
ByLayer
 62
  256
370
   -1
100
AcDbCircle
 10
59.95999999999998
 20
16.30099999999995
 40
1.6
  0
CIRCLE
  5
8AF
100
AcDbEntity
  8
Acrylic_05_MM_0_TOP
  6
ByLayer
 62
  256
370
   -1
100
AcDbCircle
 10
128.48
 20
16.29999999999997
 40
1.6
  0
CIRCLE
  5
8B0
100
AcDbEntity
  8
Acrylic_05_MM_0_TOP
  6
ByLayer
 62
  256
370
   -1
100
AcDbCircle
 10
-16.30000000000001
 20
-52.28000000000002
 40
1.6
  0
CIRCLE
  5
8B1
100
AcDbEntity
  8
Acrylic_05_MM_0_TOP
  6
ByLayer
 62
  256
370
   -1
100
AcDbCircle
 10
52.27999999999997
 20
-52.28000000000002
 40
1.6
  0
CIRCLE
  5
8B2
100
AcDbEntity
  8
Acrylic_05_MM_0_TOP
  6
ByLayer
 62
  256
370
   -1
100
AcDbCircle
 10
59.95999999999998
 20
-52.28000000000002
 40
1.6
  0
CIRCLE
  5
8B3
100
AcDbEntity
  8
Acrylic_05_MM_0_TOP
  6
ByLayer
 62
  256
370
   -1
100
AcDbCircle
 10
128.48
 20
-52.28000000000002
 40
1.6
  0
LWPOLYLINE
  5
8B4
100
AcDbEntity
  8
Acrylic_05_MM_0_TOP
  6
ByLayer
 62
  256
370
   -1
100
AcDbPolyline
 90
    4
 70
    1
 43
0
 10
21.40000000000001
 20
2.199999999999989
 10
27.2
 20
2.199999999999989
 10
27.2
 20
-0.200000000000017
 10
21.40000000000001
 20
-0.200000000000017
  0
LWPOLYLINE
  5
8B5
100
AcDbEntity
  8
Acrylic_05_MM_0_TOP
  6
ByLayer
 62
  256
370
   -1
100
AcDbPolyline
 90
    4
 70
    1
 43
0
 10
22.13587122073471
 20
-3.899474449118371
 10
27.49437250930016
 20
-1.679910541400858
 10
28.41281274697637
 20
-3.897221419427951
 10
23.05431145841093
 20
-6.116785327145465
  0
LWPOLYLINE
  5
8B6
100
AcDbEntity
  8
Acrylic_05_MM_0_TOP
  6
ByLayer
 62
  256
370
   -1
100
AcDbPolyline
 90
    4
 70
    1
 43
0
 10
25.14989539794736
 20
-9.253048327204938
 10
29.25111472882933
 20
-5.151828996322974
 10
30.94817100367705
 20
-6.848885271170692
 10
26.84695167279508
 20
-10.95010460205266
  0
LWPOLYLINE
  5
8B7
100
AcDbEntity
  8
Acrylic_05_MM_0_TOP
  6
ByLayer
 62
  256
370
   -1
100
AcDbPolyline
 90
    4
 70
    1
 43
0
 10
35.90000000000001
 20
-14.69999999999999
 10
35.90000000000001
 20
-8.900000000000006
 10
38.30000000000002
 20
-8.900000000000006
 10
38.30000000000002
 20
-14.69999999999999
  0
LWPOLYLINE
  5
8B8
100
AcDbEntity
  8
Acrylic_05_MM_0_TOP
  6
ByLayer
 62
  256
370
   -1
100
AcDbPolyline
 90
    4
 70
    1
 43
0
 10
47.35304832720494
 20
-10.95010460205264
 10
43.25182899632298
 20
-6.848885271170674
 10
44.9488852711707
 20
-5.151828996322957
 10
49.05010460205266
 20
-9.253048327204919
  0
LWPOLYLINE
  5
8B9
100
AcDbEntity
  8
Acrylic_05_MM_0_TOP
  6
ByLayer
 62
  256
370
   -1
100
AcDbPolyline
 90
    4
 70
    1
 43
0
 10
51.14568854158909
 20
-6.116785327145441
 10
45.78718725302364
 20
-3.897221419427925
 10
46.70562749069986
 20
-1.679910541400832
 10
52.0641287792653
 20
-3.899474449118348
  0
LWPOLYLINE
  5
8BA
100
AcDbEntity
  8
Acrylic_05_MM_0_TOP
  6
ByLayer
 62
  256
370
   -1
100
AcDbPolyline
 90
    4
 70
    1
 43
0
 10
52.79999999999999
 20
-0.1999999999999906
 10
47.00000000000001
 20
-0.1999999999999897
 10
47.00000000000001
 20
2.200000000000016
 10
52.79999999999999
 20
2.200000000000015
  0
LWPOLYLINE
  5
8BB
100
AcDbEntity
  8
Acrylic_05_MM_0_TOP
  6
ByLayer
 62
  256
370
   -1
100
AcDbPolyline
 90
    4
 70
    1
 43
0
 10
52.0641287792653
 20
5.89947444911837
 10
46.70562749069985
 20
3.679910541400856
 10
45.78718725302363
 20
5.89722141942795
 10
51.14568854158908
 20
8.116785327145463
  0
LWPOLYLINE
  5
8BC
100
AcDbEntity
  8
Acrylic_05_MM_0_TOP
  6
ByLayer
 62
  256
370
   -1
100
AcDbPolyline
 90
    4
 70
    1
 43
0
 10
49.05010460205264
 20
11.25304832720494
 10
44.94888527117067
 20
7.151828996322974
 10
43.25182899632296
 20
8.848885271170694
 10
47.35304832720492
 20
12.95010460205266
  0
LWPOLYLINE
  5
8BD
100
AcDbEntity
  8
Acrylic_05_MM_0_TOP
  6
ByLayer
 62
  256
370
   -1
100
AcDbPolyline
 90
    4
 70
    1
 43
0
 10
44.21678532714544
 20
15.04568854158908
 10
41.99722141942793
 20
9.687187253023637
 10
39.77991054140084
 20
10.60562749069986
 10
41.99947444911835
 20
15.9641287792653
  0
LWPOLYLINE
  5
8BE
100
AcDbEntity
  8
Acrylic_05_MM_0_TOP
  6
ByLayer
 62
  256
370
   -1
100
AcDbPolyline
 90
    4
 70
    1
 43
0
 10
38.29999999999999
 20
16.69999999999999
 10
38.29999999999999
 20
10.90000000000001
 10
35.89999999999998
 20
10.90000000000001
 10
35.89999999999998
 20
16.69999999999999
  0
LWPOLYLINE
  5
8BF
100
AcDbEntity
  8
Acrylic_05_MM_0_TOP
  6
ByLayer
 62
  256
370
   -1
100
AcDbPolyline
 90
    4
 70
    1
 43
0
 10
32.20052555088163
 20
15.96412877926529
 10
34.42008945859914
 20
10.60562749069985
 10
32.20277858057205
 20
9.687187253023628
 10
29.98321467285453
 20
15.04568854158907
  0
LWPOLYLINE
  5
8C0
100
AcDbEntity
  8
Acrylic_05_MM_0_TOP
  6
ByLayer
 62
  256
370
   -1
100
AcDbPolyline
 90
    4
 70
    1
 43
0
 10
26.84695167279506
 20
12.95010460205264
 10
30.94817100367703
 20
8.848885271170676
 10
29.25111472882931
 20
7.151828996322958
 10
25.14989539794735
 20
11.25304832720492
  0
LWPOLYLINE
  5
8C1
100
AcDbEntity
  8
Acrylic_05_MM_0_TOP
  6
ByLayer
 62
  256
370
   -1
100
AcDbPolyline
 90
    4
 70
    1
 43
0
 10
23.05431145841092
 20
8.116785327145449
 10
28.41281274697636
 20
5.897221419427931
 10
27.49437250930015
 20
3.679910541400838
 10
22.1358712207347
 20
5.899474449118356
  0
LWPOLYLINE
  5
8C2
100
AcDbEntity
  8
Acrylic_05_MM_0_TOP
  6
ByLayer
 62
  256
370
   -1
100
AcDbPolyline
 90
    4
 70
    1
 43
0
 10
21.40000000000001
 20
2.199999999999992
 10
27.2
 20
2.199999999999991
 10
27.2
 20
-0.2000000000000146
 10
21.40000000000001
 20
-0.2000000000000133
  0
LWPOLYLINE
  5
8C3
100
AcDbEntity
  8
Acrylic_05_MM_0_TOP
  6
ByLayer
 62
  256
370
   -1
100
AcDbPolyline
 90
    4
 70
    1
 43
0
 10
30.819
 20
-8.90000000000002
 10
33.219
 20
-8.90000000000002
 10
33.219
 20
-14.70000000000002
 10
30.819
 20
-14.70000000000002
  0
LWPOLYLINE
  5
8C4
100
AcDbEntity
  8
Acrylic_05_MM_0_TOP
  6
ByLayer
 62
  256
370
   -1
100
AcDbPolyline
 90
    4
 70
    1
 43
0
 10
40.97900000000002
 20
-8.90000000000002
 10
43.37900000000003
 20
-8.90000000000002
 10
43.37900000000003
 20
-14.70000000000002
 10
40.97900000000002
 20
-14.70000000000002
  0
LWPOLYLINE
  5
8C5
100
AcDbEntity
  8
Acrylic_05_MM_0_TOP
  6
ByLayer
 62
  256
370
   -1
100
AcDbPolyline
 90
    4
 70
    1
 43
0
 10
59.50000000000001
 20
2.199999999999989
 10
65.3
 20
2.199999999999989
 10
65.3
 20
-0.200000000000017
 10
59.50000000000001
 20
-0.200000000000017
  0
LWPOLYLINE
  5
8C6
100
AcDbEntity
  8
Acrylic_05_MM_0_TOP
  6
ByLayer
 62
  256
370
   -1
100
AcDbPolyline
 90
    4
 70
    1
 43
0
 10
60.23587122073471
 20
-3.899474449118371
 10
65.59437250930016
 20
-1.679910541400858
 10
66.51281274697638
 20
-3.897221419427951
 10
61.15431145841093
 20
-6.116785327145465
  0
LWPOLYLINE
  5
8C7
100
AcDbEntity
  8
Acrylic_05_MM_0_TOP
  6
ByLayer
 62
  256
370
   -1
100
AcDbPolyline
 90
    4
 70
    1
 43
0
 10
63.24989539794737
 20
-9.253048327204938
 10
67.35111472882933
 20
-5.151828996322974
 10
69.04817100367706
 20
-6.848885271170692
 10
64.94695167279508
 20
-10.95010460205266
  0
LWPOLYLINE
  5
8C8
100
AcDbEntity
  8
Acrylic_05_MM_0_TOP
  6
ByLayer
 62
  256
370
   -1
100
AcDbPolyline
 90
    4
 70
    1
 43
0
 10
74.00000000000001
 20
-14.69999999999999
 10
74.00000000000001
 20
-8.900000000000006
 10
76.40000000000002
 20
-8.900000000000006
 10
76.40000000000002
 20
-14.69999999999999
  0
LWPOLYLINE
  5
8C9
100
AcDbEntity
  8
Acrylic_05_MM_0_TOP
  6
ByLayer
 62
  256
370
   -1
100
AcDbPolyline
 90
    4
 70
    1
 43
0
 10
85.45304832720494
 20
-10.95010460205264
 10
81.35182899632298
 20
-6.848885271170674
 10
83.04888527117069
 20
-5.151828996322957
 10
87.15010460205266
 20
-9.253048327204919
  0
LWPOLYLINE
  5
8CA
100
AcDbEntity
  8
Acrylic_05_MM_0_TOP
  6
ByLayer
 62
  256
370
   -1
100
AcDbPolyline
 90
    4
 70
    1
 43
0
 10
89.24568854158909
 20
-6.116785327145441
 10
83.88718725302364
 20
-3.897221419427925
 10
84.80562749069986
 20
-1.679910541400832
 10
90.1641287792653
 20
-3.899474449118348
  0
LWPOLYLINE
  5
8CB
100
AcDbEntity
  8
Acrylic_05_MM_0_TOP
  6
ByLayer
 62
  256
370
   -1
100
AcDbPolyline
 90
    4
 70
    1
 43
0
 10
90.89999999999999
 20
-0.1999999999999906
 10
85.10000000000001
 20
-0.1999999999999897
 10
85.10000000000001
 20
2.200000000000016
 10
90.89999999999999
 20
2.200000000000015
  0
LWPOLYLINE
  5
8CC
100
AcDbEntity
  8
Acrylic_05_MM_0_TOP
  6
ByLayer
 62
  256
370
   -1
100
AcDbPolyline
 90
    4
 70
    1
 43
0
 10
90.1641287792653
 20
5.89947444911837
 10
84.80562749069986
 20
3.679910541400856
 10
83.88718725302363
 20
5.89722141942795
 10
89.24568854158909
 20
8.116785327145463
  0
LWPOLYLINE
  5
8CD
100
AcDbEntity
  8
Acrylic_05_MM_0_TOP
  6
ByLayer
 62
  256
370
   -1
100
AcDbPolyline
 90
    4
 70
    1
 43
0
 10
87.15010460205264
 20
11.25304832720494
 10
83.04888527117068
 20
7.151828996322974
 10
81.35182899632295
 20
8.848885271170694
 10
85.45304832720493
 20
12.95010460205266
  0
LWPOLYLINE
  5
8CE
100
AcDbEntity
  8
Acrylic_05_MM_0_TOP
  6
ByLayer
 62
  256
370
   -1
100
AcDbPolyline
 90
    4
 70
    1
 43
0
 10
82.31678532714545
 20
15.04568854158908
 10
80.09722141942794
 20
9.687187253023637
 10
77.87991054140085
 20
10.60562749069986
 10
80.09947444911836
 20
15.9641287792653
  0
LWPOLYLINE
  5
8CF
100
AcDbEntity
  8
Acrylic_05_MM_0_TOP
  6
ByLayer
 62
  256
370
   -1
100
AcDbPolyline
 90
    4
 70
    1
 43
0
 10
76.39999999999999
 20
16.69999999999999
 10
76.39999999999999
 20
10.90000000000001
 10
73.99999999999999
 20
10.90000000000001
 10
73.99999999999999
 20
16.69999999999999
  0
LWPOLYLINE
  5
8D0
100
AcDbEntity
  8
Acrylic_05_MM_0_TOP
  6
ByLayer
 62
  256
370
   -1
100
AcDbPolyline
 90
    4
 70
    1
 43
0
 10
70.30052555088163
 20
15.96412877926529
 10
72.52008945859914
 20
10.60562749069985
 10
70.30277858057205
 20
9.687187253023628
 10
68.08321467285454
 20
15.04568854158907
  0
LWPOLYLINE
  5
8D1
100
AcDbEntity
  8
Acrylic_05_MM_0_TOP
  6
ByLayer
 62
  256
370
   -1
100
AcDbPolyline
 90
    4
 70
    1
 43
0
 10
64.94695167279507
 20
12.95010460205264
 10
69.04817100367703
 20
8.848885271170676
 10
67.35111472882932
 20
7.151828996322958
 10
63.24989539794735
 20
11.25304832720492
  0
LWPOLYLINE
  5
8D2
100
AcDbEntity
  8
Acrylic_05_MM_0_TOP
  6
ByLayer
 62
  256
370
   -1
100
AcDbPolyline
 90
    4
 70
    1
 43
0
 10
61.15431145841092
 20
8.116785327145449
 10
66.51281274697637
 20
5.897221419427931
 10
65.59437250930014
 20
3.679910541400838
 10
60.2358712207347
 20
5.899474449118356
  0
LWPOLYLINE
  5
8D3
100
AcDbEntity
  8
Acrylic_05_MM_0_TOP
  6
ByLayer
 62
  256
370
   -1
100
AcDbPolyline
 90
    4
 70
    1
 43
0
 10
59.50000000000001
 20
2.199999999999992
 10
65.3
 20
2.199999999999991
 10
65.3
 20
-0.2000000000000146
 10
59.50000000000001
 20
-0.2000000000000133
  0
LWPOLYLINE
  5
8D4
100
AcDbEntity
  8
Acrylic_05_MM_0_TOP
  6
ByLayer
 62
  256
370
   -1
100
AcDbPolyline
 90
    4
 70
    1
 43
0
 10
68.919
 20
-8.90000000000002
 10
71.319
 20
-8.90000000000002
 10
71.319
 20
-14.70000000000002
 10
68.919
 20
-14.70000000000002
  0
LWPOLYLINE
  5
8D5
100
AcDbEntity
  8
Acrylic_05_MM_0_TOP
  6
ByLayer
 62
  256
370
   -1
100
AcDbPolyline
 90
    4
 70
    1
 43
0
 10
79.07900000000002
 20
-8.90000000000002
 10
81.47900000000003
 20
-8.90000000000002
 10
81.47900000000003
 20
-14.70000000000002
 10
79.07900000000002
 20
-14.70000000000002
  0
LWPOLYLINE
  5
8D6
100
AcDbEntity
  8
Acrylic_05_MM_0_TOP
  6
ByLayer
 62
  256
370
   -1
100
AcDbPolyline
 90
    4
 70
    1
 43
0
 10
97.60000000000002
 20
2.199999999999989
 10
103.4
 20
2.199999999999989
 10
103.4
 20
-0.200000000000017
 10
97.60000000000002
 20
-0.200000000000017
  0
LWPOLYLINE
  5
8D7
100
AcDbEntity
  8
Acrylic_05_MM_0_TOP
  6
ByLayer
 62
  256
370
   -1
100
AcDbPolyline
 90
    4
 70
    1
 43
0
 10
98.3358712207347
 20
-3.899474449118371
 10
103.6943725093002
 20
-1.679910541400858
 10
104.6128127469764
 20
-3.897221419427951
 10
99.25431145841094
 20
-6.116785327145465
  0
LWPOLYLINE
  5
8D8
100
AcDbEntity
  8
Acrylic_05_MM_0_TOP
  6
ByLayer
 62
  256
370
   -1
100
AcDbPolyline
 90
    4
 70
    1
 43
0
 10
101.3498953979474
 20
-9.253048327204938
 10
105.4511147288293
 20
-5.151828996322974
 10
107.148171003677
 20
-6.848885271170692
 10
103.0469516727951
 20
-10.95010460205266
  0
LWPOLYLINE
  5
8D9
100
AcDbEntity
  8
Acrylic_05_MM_0_TOP
  6
ByLayer
 62
  256
370
   -1
100
AcDbPolyline
 90
    4
 70
    1
 43
0
 10
112.1
 20
-14.69999999999999
 10
112.1
 20
-8.900000000000006
 10
114.5
 20
-8.900000000000006
 10
114.5
 20
-14.69999999999999
  0
LWPOLYLINE
  5
8DA
100
AcDbEntity
  8
Acrylic_05_MM_0_TOP
  6
ByLayer
 62
  256
370
   -1
100
AcDbPolyline
 90
    4
 70
    1
 43
0
 10
123.5530483272049
 20
-10.95010460205264
 10
119.451828996323
 20
-6.848885271170674
 10
121.1488852711707
 20
-5.151828996322957
 10
125.2501046020527
 20
-9.253048327204919
  0
LWPOLYLINE
  5
8DB
100
AcDbEntity
  8
Acrylic_05_MM_0_TOP
  6
ByLayer
 62
  256
370
   -1
100
AcDbPolyline
 90
    4
 70
    1
 43
0
 10
127.3456885415891
 20
-6.116785327145441
 10
121.9871872530236
 20
-3.897221419427925
 10
122.9056274906999
 20
-1.679910541400832
 10
128.2641287792653
 20
-3.899474449118348
  0
LWPOLYLINE
  5
8DC
100
AcDbEntity
  8
Acrylic_05_MM_0_TOP
  6
ByLayer
 62
  256
370
   -1
100
AcDbPolyline
 90
    4
 70
    1
 43
0
 10
129
 20
-0.1999999999999906
 10
123.2
 20
-0.1999999999999897
 10
123.2
 20
2.200000000000016
 10
129
 20
2.200000000000015
  0
LWPOLYLINE
  5
8DD
100
AcDbEntity
  8
Acrylic_05_MM_0_TOP
  6
ByLayer
 62
  256
370
   -1
100
AcDbPolyline
 90
    4
 70
    1
 43
0
 10
128.2641287792653
 20
5.89947444911837
 10
122.9056274906999
 20
3.679910541400856
 10
121.9871872530236
 20
5.89722141942795
 10
127.3456885415891
 20
8.116785327145463
  0
LWPOLYLINE
  5
8DE
100
AcDbEntity
  8
Acrylic_05_MM_0_TOP
  6
ByLayer
 62
  256
370
   -1
100
AcDbPolyline
 90
    4
 70
    1
 43
0
 10
125.2501046020526
 20
11.25304832720494
 10
121.1488852711707
 20
7.151828996322974
 10
119.4518289963229
 20
8.848885271170694
 10
123.5530483272049
 20
12.95010460205266
  0
LWPOLYLINE
  5
8DF
100
AcDbEntity
  8
Acrylic_05_MM_0_TOP
  6
ByLayer
 62
  256
370
   -1
100
AcDbPolyline
 90
    4
 70
    1
 43
0
 10
120.4167853271454
 20
15.04568854158908
 10
118.1972214194279
 20
9.687187253023637
 10
115.9799105414008
 20
10.60562749069986
 10
118.1994744491184
 20
15.9641287792653
  0
LWPOLYLINE
  5
8E0
100
AcDbEntity
  8
Acrylic_05_MM_0_TOP
  6
ByLayer
 62
  256
370
   -1
100
AcDbPolyline
 90
    4
 70
    1
 43
0
 10
114.5
 20
16.69999999999999
 10
114.5
 20
10.90000000000001
 10
112.1
 20
10.90000000000001
 10
112.1
 20
16.69999999999999
  0
LWPOLYLINE
  5
8E1
100
AcDbEntity
  8
Acrylic_05_MM_0_TOP
  6
ByLayer
 62
  256
370
   -1
100
AcDbPolyline
 90
    4
 70
    1
 43
0
 10
108.4005255508816
 20
15.96412877926529
 10
110.6200894585992
 20
10.60562749069985
 10
108.4027785805721
 20
9.687187253023628
 10
106.1832146728545
 20
15.04568854158907
  0
LWPOLYLINE
  5
8E2
100
AcDbEntity
  8
Acrylic_05_MM_0_TOP
  6
ByLayer
 62
  256
370
   -1
100
AcDbPolyline
 90
    4
 70
    1
 43
0
 10
103.0469516727951
 20
12.95010460205264
 10
107.148171003677
 20
8.848885271170676
 10
105.4511147288293
 20
7.151828996322958
 10
101.3498953979473
 20
11.25304832720492
  0
LWPOLYLINE
  5
8E3
100
AcDbEntity
  8
Acrylic_05_MM_0_TOP
  6
ByLayer
 62
  256
370
   -1
100
AcDbPolyline
 90
    4
 70
    1
 43
0
 10
99.25431145841091
 20
8.116785327145449
 10
104.6128127469764
 20
5.897221419427931
 10
103.6943725093001
 20
3.679910541400838
 10
98.3358712207347
 20
5.899474449118356
  0
LWPOLYLINE
  5
8E4
100
AcDbEntity
  8
Acrylic_05_MM_0_TOP
  6
ByLayer
 62
  256
370
   -1
100
AcDbPolyline
 90
    4
 70
    1
 43
0
 10
97.60000000000002
 20
2.199999999999992
 10
103.4
 20
2.199999999999991
 10
103.4
 20
-0.2000000000000146
 10
97.60000000000002
 20
-0.2000000000000133
  0
LWPOLYLINE
  5
8E5
100
AcDbEntity
  8
Acrylic_05_MM_0_TOP
  6
ByLayer
 62
  256
370
   -1
100
AcDbPolyline
 90
    4
 70
    1
 43
0
 10
107.019
 20
-8.90000000000002
 10
109.419
 20
-8.90000000000002
 10
109.419
 20
-14.70000000000002
 10
107.019
 20
-14.70000000000002
  0
LWPOLYLINE
  5
8E6
100
AcDbEntity
  8
Acrylic_05_MM_0_TOP
  6
ByLayer
 62
  256
370
   -1
100
AcDbPolyline
 90
    4
 70
    1
 43
0
 10
117.179
 20
-8.90000000000002
 10
119.579
 20
-8.90000000000002
 10
119.579
 20
-14.70000000000002
 10
117.179
 20
-14.70000000000002
  0
LWPOLYLINE
  5
8E7
100
AcDbEntity
  8
Acrylic_05_MM_0_TOP
  6
ByLayer
 62
  256
370
   -1
100
AcDbPolyline
 90
    4
 70
    1
 43
0
 10
-16.69999999999999
 20
-35.90000000000001
 10
-10.90000000000001
 20
-35.90000000000001
 10
-10.90000000000001
 20
-38.30000000000002
 10
-16.69999999999999
 20
-38.30000000000002
  0
LWPOLYLINE
  5
8E8
100
AcDbEntity
  8
Acrylic_05_MM_0_TOP
  6
ByLayer
 62
  256
370
   -1
100
AcDbPolyline
 90
    4
 70
    1
 43
0
 10
-15.96412877926529
 20
-41.99947444911837
 10
-10.60562749069985
 20
-39.77991054140086
 10
-9.687187253023628
 20
-41.99722141942795
 10
-15.04568854158908
 20
-44.21678532714547
  0
LWPOLYLINE
  5
8E9
100
AcDbEntity
  8
Acrylic_05_MM_0_TOP
  6
ByLayer
 62
  256
370
   -1
100
AcDbPolyline
 90
    4
 70
    1
 43
0
 10
-12.95010460205264
 20
-47.35304832720494
 10
-8.848885271170674
 20
-43.25182899632298
 10
-7.151828996322957
 20
-44.9488852711707
 10
-11.25304832720492
 20
-49.05010460205266
  0
LWPOLYLINE
  5
8EA
100
AcDbEntity
  8
Acrylic_05_MM_0_TOP
  6
ByLayer
 62
  256
370
   -1
100
AcDbPolyline
 90
    4
 70
    1
 43
0
 10
-2.19999999999999
 20
-52.79999999999999
 10
-2.199999999999989
 20
-47.00000000000001
 10
0.2000000000000165
 20
-47.00000000000001
 10
0.2000000000000163
 20
-52.79999999999999
  0
LWPOLYLINE
  5
8EB
100
AcDbEntity
  8
Acrylic_05_MM_0_TOP
  6
ByLayer
 62
  256
370
   -1
100
AcDbPolyline
 90
    4
 70
    1
 43
0
 10
9.253048327204938
 20
-49.05010460205264
 10
5.151828996322974
 20
-44.94888527117067
 10
6.848885271170692
 20
-43.25182899632296
 10
10.95010460205266
 20
-47.35304832720492
  0
LWPOLYLINE
  5
8EC
100
AcDbEntity
  8
Acrylic_05_MM_0_TOP
  6
ByLayer
 62
  256
370
   -1
100
AcDbPolyline
 90
    4
 70
    1
 43
0
 10
13.04568854158909
 20
-44.21678532714544
 10
7.687187253023639
 20
-41.99722141942793
 10
8.605627490699858
 20
-39.77991054140083
 10
13.96412877926531
 20
-41.99947444911835
  0
LWPOLYLINE
  5
8ED
100
AcDbEntity
  8
Acrylic_05_MM_0_TOP
  6
ByLayer
 62
  256
370
   -1
100
AcDbPolyline
 90
    4
 70
    1
 43
0
 10
14.69999999999999
 20
-38.29999999999999
 10
8.900000000000006
 20
-38.29999999999999
 10
8.900000000000006
 20
-35.89999999999998
 10
14.69999999999999
 20
-35.89999999999998
  0
LWPOLYLINE
  5
8EE
100
AcDbEntity
  8
Acrylic_05_MM_0_TOP
  6
ByLayer
 62
  256
370
   -1
100
AcDbPolyline
 90
    4
 70
    1
 43
0
 10
13.9641287792653
 20
-32.20052555088163
 10
8.605627490699849
 20
-34.42008945859914
 10
7.68718725302363
 20
-32.20277858057205
 10
13.04568854158908
 20
-29.98321467285454
  0
LWPOLYLINE
  5
8EF
100
AcDbEntity
  8
Acrylic_05_MM_0_TOP
  6
ByLayer
 62
  256
370
   -1
100
AcDbPolyline
 90
    4
 70
    1
 43
0
 10
10.95010460205264
 20
-26.84695167279506
 10
6.848885271170675
 20
-30.94817100367703
 10
5.151828996322958
 20
-29.25111472882931
 10
9.253048327204921
 20
-25.14989539794735
  0
LWPOLYLINE
  5
8F0
100
AcDbEntity
  8
Acrylic_05_MM_0_TOP
  6
ByLayer
 62
  256
370
   -1
100
AcDbPolyline
 90
    4
 70
    1
 43
0
 10
6.116785327145447
 20
-23.05431145841092
 10
3.89722141942793
 20
-28.41281274697636
 10
1.679910541400837
 20
-27.49437250930015
 10
3.899474449118355
 20
-22.1358712207347
  0
LWPOLYLINE
  5
8F1
100
AcDbEntity
  8
Acrylic_05_MM_0_TOP
  6
ByLayer
 62
  256
370
   -1
100
AcDbPolyline
 90
    4
 70
    1
 43
0
 10
0.1999999999999916
 20
-21.40000000000001
 10
0.1999999999999905
 20
-27.2
 10
-2.200000000000015
 20
-27.2
 10
-2.200000000000014
 20
-21.40000000000001
  0
LWPOLYLINE
  5
8F2
100
AcDbEntity
  8
Acrylic_05_MM_0_TOP
  6
ByLayer
 62
  256
370
   -1
100
AcDbPolyline
 90
    4
 70
    1
 43
0
 10
-5.899474449118375
 20
-22.13587122073471
 10
-3.67991054140086
 20
-27.49437250930016
 10
-5.897221419427953
 20
-28.41281274697637
 10
-8.116785327145468
 20
-23.05431145841093
  0
LWPOLYLINE
  5
8F3
100
AcDbEntity
  8
Acrylic_05_MM_0_TOP
  6
ByLayer
 62
  256
370
   -1
100
AcDbPolyline
 90
    4
 70
    1
 43
0
 10
-11.25304832720494
 20
-25.14989539794736
 10
-7.151828996322974
 20
-29.25111472882933
 10
-8.848885271170692
 20
-30.94817100367704
 10
-12.95010460205265
 20
-26.84695167279508
  0
LWPOLYLINE
  5
8F4
100
AcDbEntity
  8
Acrylic_05_MM_0_TOP
  6
ByLayer
 62
  256
370
   -1
100
AcDbPolyline
 90
    4
 70
    1
 43
0
 10
-15.04568854158908
 20
-29.98321467285455
 10
-9.687187253023637
 20
-32.20277858057207
 10
-10.60562749069986
 20
-34.42008945859916
 10
-15.9641287792653
 20
-32.20052555088164
  0
LWPOLYLINE
  5
8F5
100
AcDbEntity
  8
Acrylic_05_MM_0_TOP
  6
ByLayer
 62
  256
370
   -1
100
AcDbPolyline
 90
    4
 70
    1
 43
0
 10
-16.69999999999999
 20
-35.90000000000001
 10
-10.90000000000001
 20
-35.90000000000001
 10
-10.90000000000001
 20
-38.30000000000002
 10
-16.69999999999999
 20
-38.30000000000001
  0
LWPOLYLINE
  5
8F6
100
AcDbEntity
  8
Acrylic_05_MM_0_TOP
  6
ByLayer
 62
  256
370
   -1
100
AcDbPolyline
 90
    4
 70
    1
 43
0
 10
-7.281000000000006
 20
-47.00000000000002
 10
-4.880999999999999
 20
-47.00000000000002
 10
-4.880999999999999
 20
-52.80000000000002
 10
-7.281000000000006
 20
-52.80000000000002
  0
LWPOLYLINE
  5
8F7
100
AcDbEntity
  8
Acrylic_05_MM_0_TOP
  6
ByLayer
 62
  256
370
   -1
100
AcDbPolyline
 90
    4
 70
    1
 43
0
 10
2.87900000000002
 20
-47.00000000000002
 10
5.279000000000026
 20
-47.00000000000002
 10
5.279000000000026
 20
-52.80000000000002
 10
2.87900000000002
 20
-52.80000000000002
  0
LWPOLYLINE
  5
8F8
100
AcDbEntity
  8
Acrylic_05_MM_0_TOP
  6
ByLayer
 62
  256
370
   -1
100
AcDbPolyline
 90
    4
 70
    1
 43
0
 10
21.40000000000001
 20
-35.90000000000001
 10
27.2
 20
-35.90000000000001
 10
27.2
 20
-38.30000000000002
 10
21.40000000000001
 20
-38.30000000000002
  0
LWPOLYLINE
  5
8F9
100
AcDbEntity
  8
Acrylic_05_MM_0_TOP
  6
ByLayer
 62
  256
370
   -1
100
AcDbPolyline
 90
    4
 70
    1
 43
0
 10
22.13587122073471
 20
-41.99947444911837
 10
27.49437250930016
 20
-39.77991054140086
 10
28.41281274697637
 20
-41.99722141942795
 10
23.05431145841093
 20
-44.21678532714547
  0
LWPOLYLINE
  5
8FA
100
AcDbEntity
  8
Acrylic_05_MM_0_TOP
  6
ByLayer
 62
  256
370
   -1
100
AcDbPolyline
 90
    4
 70
    1
 43
0
 10
25.14989539794736
 20
-47.35304832720494
 10
29.25111472882933
 20
-43.25182899632298
 10
30.94817100367705
 20
-44.9488852711707
 10
26.84695167279508
 20
-49.05010460205266
  0
LWPOLYLINE
  5
8FB
100
AcDbEntity
  8
Acrylic_05_MM_0_TOP
  6
ByLayer
 62
  256
370
   -1
100
AcDbPolyline
 90
    4
 70
    1
 43
0
 10
35.90000000000001
 20
-52.79999999999999
 10
35.90000000000001
 20
-47.00000000000001
 10
38.30000000000002
 20
-47.00000000000001
 10
38.30000000000002
 20
-52.79999999999999
  0
LWPOLYLINE
  5
8FC
100
AcDbEntity
  8
Acrylic_05_MM_0_TOP
  6
ByLayer
 62
  256
370
   -1
100
AcDbPolyline
 90
    4
 70
    1
 43
0
 10
47.35304832720494
 20
-49.05010460205264
 10
43.25182899632298
 20
-44.94888527117067
 10
44.9488852711707
 20
-43.25182899632296
 10
49.05010460205266
 20
-47.35304832720492
  0
LWPOLYLINE
  5
8FD
100
AcDbEntity
  8
Acrylic_05_MM_0_TOP
  6
ByLayer
 62
  256
370
   -1
100
AcDbPolyline
 90
    4
 70
    1
 43
0
 10
51.14568854158909
 20
-44.21678532714544
 10
45.78718725302364
 20
-41.99722141942793
 10
46.70562749069986
 20
-39.77991054140083
 10
52.0641287792653
 20
-41.99947444911835
  0
LWPOLYLINE
  5
8FE
100
AcDbEntity
  8
Acrylic_05_MM_0_TOP
  6
ByLayer
 62
  256
370
   -1
100
AcDbPolyline
 90
    4
 70
    1
 43
0
 10
52.79999999999999
 20
-38.29999999999999
 10
47.00000000000001
 20
-38.29999999999999
 10
47.00000000000001
 20
-35.89999999999998
 10
52.79999999999999
 20
-35.89999999999998
  0
LWPOLYLINE
  5
8FF
100
AcDbEntity
  8
Acrylic_05_MM_0_TOP
  6
ByLayer
 62
  256
370
   -1
100
AcDbPolyline
 90
    4
 70
    1
 43
0
 10
52.0641287792653
 20
-32.20052555088163
 10
46.70562749069985
 20
-34.42008945859914
 10
45.78718725302363
 20
-32.20277858057205
 10
51.14568854158908
 20
-29.98321467285454
  0
LWPOLYLINE
  5
900
100
AcDbEntity
  8
Acrylic_05_MM_0_TOP
  6
ByLayer
 62
  256
370
   -1
100
AcDbPolyline
 90
    4
 70
    1
 43
0
 10
49.05010460205264
 20
-26.84695167279506
 10
44.94888527117067
 20
-30.94817100367703
 10
43.25182899632296
 20
-29.25111472882931
 10
47.35304832720492
 20
-25.14989539794735
  0
LWPOLYLINE
  5
901
100
AcDbEntity
  8
Acrylic_05_MM_0_TOP
  6
ByLayer
 62
  256
370
   -1
100
AcDbPolyline
 90
    4
 70
    1
 43
0
 10
44.21678532714544
 20
-23.05431145841092
 10
41.99722141942793
 20
-28.41281274697636
 10
39.77991054140084
 20
-27.49437250930015
 10
41.99947444911835
 20
-22.1358712207347
  0
LWPOLYLINE
  5
902
100
AcDbEntity
  8
Acrylic_05_MM_0_TOP
  6
ByLayer
 62
  256
370
   -1
100
AcDbPolyline
 90
    4
 70
    1
 43
0
 10
38.29999999999999
 20
-21.40000000000001
 10
38.29999999999999
 20
-27.2
 10
35.89999999999998
 20
-27.2
 10
35.89999999999998
 20
-21.40000000000001
  0
LWPOLYLINE
  5
903
100
AcDbEntity
  8
Acrylic_05_MM_0_TOP
  6
ByLayer
 62
  256
370
   -1
100
AcDbPolyline
 90
    4
 70
    1
 43
0
 10
32.20052555088163
 20
-22.13587122073471
 10
34.42008945859914
 20
-27.49437250930016
 10
32.20277858057205
 20
-28.41281274697637
 10
29.98321467285453
 20
-23.05431145841093
  0
LWPOLYLINE
  5
904
100
AcDbEntity
  8
Acrylic_05_MM_0_TOP
  6
ByLayer
 62
  256
370
   -1
100
AcDbPolyline
 90
    4
 70
    1
 43
0
 10
26.84695167279506
 20
-25.14989539794736
 10
30.94817100367703
 20
-29.25111472882933
 10
29.25111472882931
 20
-30.94817100367704
 10
25.14989539794735
 20
-26.84695167279508
  0
LWPOLYLINE
  5
905
100
AcDbEntity
  8
Acrylic_05_MM_0_TOP
  6
ByLayer
 62
  256
370
   -1
100
AcDbPolyline
 90
    4
 70
    1
 43
0
 10
23.05431145841092
 20
-29.98321467285455
 10
28.41281274697636
 20
-32.20277858057207
 10
27.49437250930015
 20
-34.42008945859916
 10
22.1358712207347
 20
-32.20052555088164
  0
LWPOLYLINE
  5
906
100
AcDbEntity
  8
Acrylic_05_MM_0_TOP
  6
ByLayer
 62
  256
370
   -1
100
AcDbPolyline
 90
    4
 70
    1
 43
0
 10
21.40000000000001
 20
-35.90000000000001
 10
27.2
 20
-35.90000000000001
 10
27.2
 20
-38.30000000000002
 10
21.40000000000001
 20
-38.30000000000001
  0
LWPOLYLINE
  5
907
100
AcDbEntity
  8
Acrylic_05_MM_0_TOP
  6
ByLayer
 62
  256
370
   -1
100
AcDbPolyline
 90
    4
 70
    1
 43
0
 10
30.819
 20
-47.00000000000002
 10
33.219
 20
-47.00000000000002
 10
33.219
 20
-52.80000000000002
 10
30.819
 20
-52.80000000000002
  0
LWPOLYLINE
  5
908
100
AcDbEntity
  8
Acrylic_05_MM_0_TOP
  6
ByLayer
 62
  256
370
   -1
100
AcDbPolyline
 90
    4
 70
    1
 43
0
 10
40.97900000000002
 20
-47.00000000000002
 10
43.37900000000003
 20
-47.00000000000002
 10
43.37900000000003
 20
-52.80000000000002
 10
40.97900000000002
 20
-52.80000000000002
  0
LWPOLYLINE
  5
909
100
AcDbEntity
  8
Acrylic_05_MM_0_TOP
  6
ByLayer
 62
  256
370
   -1
100
AcDbPolyline
 90
    4
 70
    1
 43
0
 10
59.50000000000001
 20
-35.90000000000001
 10
65.3
 20
-35.90000000000001
 10
65.3
 20
-38.30000000000002
 10
59.50000000000001
 20
-38.30000000000002
  0
LWPOLYLINE
  5
90A
100
AcDbEntity
  8
Acrylic_05_MM_0_TOP
  6
ByLayer
 62
  256
370
   -1
100
AcDbPolyline
 90
    4
 70
    1
 43
0
 10
60.23587122073471
 20
-41.99947444911837
 10
65.59437250930016
 20
-39.77991054140086
 10
66.51281274697638
 20
-41.99722141942795
 10
61.15431145841093
 20
-44.21678532714547
  0
LWPOLYLINE
  5
90B
100
AcDbEntity
  8
Acrylic_05_MM_0_TOP
  6
ByLayer
 62
  256
370
   -1
100
AcDbPolyline
 90
    4
 70
    1
 43
0
 10
63.24989539794737
 20
-47.35304832720494
 10
67.35111472882933
 20
-43.25182899632298
 10
69.04817100367706
 20
-44.9488852711707
 10
64.94695167279508
 20
-49.05010460205266
  0
LWPOLYLINE
  5
90C
100
AcDbEntity
  8
Acrylic_05_MM_0_TOP
  6
ByLayer
 62
  256
370
   -1
100
AcDbPolyline
 90
    4
 70
    1
 43
0
 10
74.00000000000001
 20
-52.79999999999999
 10
74.00000000000001
 20
-47.00000000000001
 10
76.40000000000002
 20
-47.00000000000001
 10
76.40000000000002
 20
-52.79999999999999
  0
LWPOLYLINE
  5
90D
100
AcDbEntity
  8
Acrylic_05_MM_0_TOP
  6
ByLayer
 62
  256
370
   -1
100
AcDbPolyline
 90
    4
 70
    1
 43
0
 10
85.45304832720494
 20
-49.05010460205264
 10
81.35182899632298
 20
-44.94888527117067
 10
83.04888527117069
 20
-43.25182899632296
 10
87.15010460205266
 20
-47.35304832720492
  0
LWPOLYLINE
  5
90E
100
AcDbEntity
  8
Acrylic_05_MM_0_TOP
  6
ByLayer
 62
  256
370
   -1
100
AcDbPolyline
 90
    4
 70
    1
 43
0
 10
89.24568854158909
 20
-44.21678532714544
 10
83.88718725302364
 20
-41.99722141942793
 10
84.80562749069986
 20
-39.77991054140083
 10
90.1641287792653
 20
-41.99947444911835
  0
LWPOLYLINE
  5
90F
100
AcDbEntity
  8
Acrylic_05_MM_0_TOP
  6
ByLayer
 62
  256
370
   -1
100
AcDbPolyline
 90
    4
 70
    1
 43
0
 10
90.89999999999999
 20
-38.29999999999999
 10
85.10000000000001
 20
-38.29999999999999
 10
85.10000000000001
 20
-35.89999999999998
 10
90.89999999999999
 20
-35.89999999999998
  0
LWPOLYLINE
  5
910
100
AcDbEntity
  8
Acrylic_05_MM_0_TOP
  6
ByLayer
 62
  256
370
   -1
100
AcDbPolyline
 90
    4
 70
    1
 43
0
 10
90.1641287792653
 20
-32.20052555088163
 10
84.80562749069986
 20
-34.42008945859914
 10
83.88718725302363
 20
-32.20277858057205
 10
89.24568854158909
 20
-29.98321467285454
  0
LWPOLYLINE
  5
911
100
AcDbEntity
  8
Acrylic_05_MM_0_TOP
  6
ByLayer
 62
  256
370
   -1
100
AcDbPolyline
 90
    4
 70
    1
 43
0
 10
87.15010460205264
 20
-26.84695167279506
 10
83.04888527117068
 20
-30.94817100367703
 10
81.35182899632295
 20
-29.25111472882931
 10
85.45304832720493
 20
-25.14989539794735
  0
LWPOLYLINE
  5
912
100
AcDbEntity
  8
Acrylic_05_MM_0_TOP
  6
ByLayer
 62
  256
370
   -1
100
AcDbPolyline
 90
    4
 70
    1
 43
0
 10
82.31678532714545
 20
-23.05431145841092
 10
80.09722141942794
 20
-28.41281274697636
 10
77.87991054140085
 20
-27.49437250930015
 10
80.09947444911836
 20
-22.1358712207347
  0
LWPOLYLINE
  5
913
100
AcDbEntity
  8
Acrylic_05_MM_0_TOP
  6
ByLayer
 62
  256
370
   -1
100
AcDbPolyline
 90
    4
 70
    1
 43
0
 10
76.39999999999999
 20
-21.40000000000001
 10
76.39999999999999
 20
-27.2
 10
73.99999999999999
 20
-27.2
 10
73.99999999999999
 20
-21.40000000000001
  0
LWPOLYLINE
  5
914
100
AcDbEntity
  8
Acrylic_05_MM_0_TOP
  6
ByLayer
 62
  256
370
   -1
100
AcDbPolyline
 90
    4
 70
    1
 43
0
 10
70.30052555088163
 20
-22.13587122073471
 10
72.52008945859914
 20
-27.49437250930016
 10
70.30277858057205
 20
-28.41281274697637
 10
68.08321467285454
 20
-23.05431145841093
  0
LWPOLYLINE
  5
915
100
AcDbEntity
  8
Acrylic_05_MM_0_TOP
  6
ByLayer
 62
  256
370
   -1
100
AcDbPolyline
 90
    4
 70
    1
 43
0
 10
64.94695167279507
 20
-25.14989539794736
 10
69.04817100367703
 20
-29.25111472882933
 10
67.35111472882932
 20
-30.94817100367704
 10
63.24989539794735
 20
-26.84695167279508
  0
LWPOLYLINE
  5
916
100
AcDbEntity
  8
Acrylic_05_MM_0_TOP
  6
ByLayer
 62
  256
370
   -1
100
AcDbPolyline
 90
    4
 70
    1
 43
0
 10
61.15431145841092
 20
-29.98321467285455
 10
66.51281274697637
 20
-32.20277858057207
 10
65.59437250930014
 20
-34.42008945859916
 10
60.2358712207347
 20
-32.20052555088164
  0
LWPOLYLINE
  5
917
100
AcDbEntity
  8
Acrylic_05_MM_0_TOP
  6
ByLayer
 62
  256
370
   -1
100
AcDbPolyline
 90
    4
 70
    1
 43
0
 10
59.50000000000001
 20
-35.90000000000001
 10
65.3
 20
-35.90000000000001
 10
65.3
 20
-38.30000000000002
 10
59.50000000000001
 20
-38.30000000000001
  0
LWPOLYLINE
  5
918
100
AcDbEntity
  8
Acrylic_05_MM_0_TOP
  6
ByLayer
 62
  256
370
   -1
100
AcDbPolyline
 90
    4
 70
    1
 43
0
 10
68.919
 20
-47.00000000000002
 10
71.319
 20
-47.00000000000002
 10
71.319
 20
-52.80000000000002
 10
68.919
 20
-52.80000000000002
  0
LWPOLYLINE
  5
919
100
AcDbEntity
  8
Acrylic_05_MM_0_TOP
  6
ByLayer
 62
  256
370
   -1
100
AcDbPolyline
 90
    4
 70
    1
 43
0
 10
79.07900000000002
 20
-47.00000000000002
 10
81.47900000000003
 20
-47.00000000000002
 10
81.47900000000003
 20
-52.80000000000002
 10
79.07900000000002
 20
-52.80000000000002
  0
LWPOLYLINE
  5
91A
100
AcDbEntity
  8
Acrylic_05_MM_0_TOP
  6
ByLayer
 62
  256
370
   -1
100
AcDbPolyline
 90
    4
 70
    1
 43
0
 10
97.60000000000002
 20
-35.90000000000001
 10
103.4
 20
-35.90000000000001
 10
103.4
 20
-38.30000000000002
 10
97.60000000000002
 20
-38.30000000000002
  0
LWPOLYLINE
  5
91B
100
AcDbEntity
  8
Acrylic_05_MM_0_TOP
  6
ByLayer
 62
  256
370
   -1
100
AcDbPolyline
 90
    4
 70
    1
 43
0
 10
98.3358712207347
 20
-41.99947444911837
 10
103.6943725093002
 20
-39.77991054140086
 10
104.6128127469764
 20
-41.99722141942795
 10
99.25431145841094
 20
-44.21678532714547
  0
LWPOLYLINE
  5
91C
100
AcDbEntity
  8
Acrylic_05_MM_0_TOP
  6
ByLayer
 62
  256
370
   -1
100
AcDbPolyline
 90
    4
 70
    1
 43
0
 10
101.3498953979474
 20
-47.35304832720494
 10
105.4511147288293
 20
-43.25182899632298
 10
107.148171003677
 20
-44.9488852711707
 10
103.0469516727951
 20
-49.05010460205266
  0
LWPOLYLINE
  5
91D
100
AcDbEntity
  8
Acrylic_05_MM_0_TOP
  6
ByLayer
 62
  256
370
   -1
100
AcDbPolyline
 90
    4
 70
    1
 43
0
 10
112.1
 20
-52.79999999999999
 10
112.1
 20
-47.00000000000001
 10
114.5
 20
-47.00000000000001
 10
114.5
 20
-52.79999999999999
  0
LWPOLYLINE
  5
91E
100
AcDbEntity
  8
Acrylic_05_MM_0_TOP
  6
ByLayer
 62
  256
370
   -1
100
AcDbPolyline
 90
    4
 70
    1
 43
0
 10
123.5530483272049
 20
-49.05010460205264
 10
119.451828996323
 20
-44.94888527117067
 10
121.1488852711707
 20
-43.25182899632296
 10
125.2501046020527
 20
-47.35304832720492
  0
LWPOLYLINE
  5
91F
100
AcDbEntity
  8
Acrylic_05_MM_0_TOP
  6
ByLayer
 62
  256
370
   -1
100
AcDbPolyline
 90
    4
 70
    1
 43
0
 10
127.3456885415891
 20
-44.21678532714544
 10
121.9871872530236
 20
-41.99722141942793
 10
122.9056274906999
 20
-39.77991054140083
 10
128.2641287792653
 20
-41.99947444911835
  0
LWPOLYLINE
  5
920
100
AcDbEntity
  8
Acrylic_05_MM_0_TOP
  6
ByLayer
 62
  256
370
   -1
100
AcDbPolyline
 90
    4
 70
    1
 43
0
 10
129
 20
-38.29999999999999
 10
123.2
 20
-38.29999999999999
 10
123.2
 20
-35.89999999999998
 10
129
 20
-35.89999999999998
  0
LWPOLYLINE
  5
921
100
AcDbEntity
  8
Acrylic_05_MM_0_TOP
  6
ByLayer
 62
  256
370
   -1
100
AcDbPolyline
 90
    4
 70
    1
 43
0
 10
128.2641287792653
 20
-32.20052555088163
 10
122.9056274906999
 20
-34.42008945859914
 10
121.9871872530236
 20
-32.20277858057205
 10
127.3456885415891
 20
-29.98321467285454
  0
LWPOLYLINE
  5
922
100
AcDbEntity
  8
Acrylic_05_MM_0_TOP
  6
ByLayer
 62
  256
370
   -1
100
AcDbPolyline
 90
    4
 70
    1
 43
0
 10
125.2501046020526
 20
-26.84695167279506
 10
121.1488852711707
 20
-30.94817100367703
 10
119.4518289963229
 20
-29.25111472882931
 10
123.5530483272049
 20
-25.14989539794735
  0
LWPOLYLINE
  5
923
100
AcDbEntity
  8
Acrylic_05_MM_0_TOP
  6
ByLayer
 62
  256
370
   -1
100
AcDbPolyline
 90
    4
 70
    1
 43
0
 10
120.4167853271454
 20
-23.05431145841092
 10
118.1972214194279
 20
-28.41281274697636
 10
115.9799105414008
 20
-27.49437250930015
 10
118.1994744491184
 20
-22.1358712207347
  0
LWPOLYLINE
  5
924
100
AcDbEntity
  8
Acrylic_05_MM_0_TOP
  6
ByLayer
 62
  256
370
   -1
100
AcDbPolyline
 90
    4
 70
    1
 43
0
 10
114.5
 20
-21.40000000000001
 10
114.5
 20
-27.2
 10
112.1
 20
-27.2
 10
112.1
 20
-21.40000000000001
  0
LWPOLYLINE
  5
925
100
AcDbEntity
  8
Acrylic_05_MM_0_TOP
  6
ByLayer
 62
  256
370
   -1
100
AcDbPolyline
 90
    4
 70
    1
 43
0
 10
108.4005255508816
 20
-22.13587122073471
 10
110.6200894585992
 20
-27.49437250930016
 10
108.4027785805721
 20
-28.41281274697637
 10
106.1832146728545
 20
-23.05431145841093
  0
LWPOLYLINE
  5
926
100
AcDbEntity
  8
Acrylic_05_MM_0_TOP
  6
ByLayer
 62
  256
370
   -1
100
AcDbPolyline
 90
    4
 70
    1
 43
0
 10
103.0469516727951
 20
-25.14989539794736
 10
107.148171003677
 20
-29.25111472882933
 10
105.4511147288293
 20
-30.94817100367704
 10
101.3498953979473
 20
-26.84695167279508
  0
LWPOLYLINE
  5
927
100
AcDbEntity
  8
Acrylic_05_MM_0_TOP
  6
ByLayer
 62
  256
370
   -1
100
AcDbPolyline
 90
    4
 70
    1
 43
0
 10
99.25431145841091
 20
-29.98321467285455
 10
104.6128127469764
 20
-32.20277858057207
 10
103.6943725093001
 20
-34.42008945859916
 10
98.3358712207347
 20
-32.20052555088164
  0
LWPOLYLINE
  5
928
100
AcDbEntity
  8
Acrylic_05_MM_0_TOP
  6
ByLayer
 62
  256
370
   -1
100
AcDbPolyline
 90
    4
 70
    1
 43
0
 10
97.60000000000002
 20
-35.90000000000001
 10
103.4
 20
-35.90000000000001
 10
103.4
 20
-38.30000000000002
 10
97.60000000000002
 20
-38.30000000000001
  0
LWPOLYLINE
  5
929
100
AcDbEntity
  8
Acrylic_05_MM_0_TOP
  6
ByLayer
 62
  256
370
   -1
100
AcDbPolyline
 90
    4
 70
    1
 43
0
 10
107.019
 20
-47.00000000000002
 10
109.419
 20
-47.00000000000002
 10
109.419
 20
-52.80000000000002
 10
107.019
 20
-52.80000000000002
  0
LWPOLYLINE
  5
92A
100
AcDbEntity
  8
Acrylic_05_MM_0_TOP
  6
ByLayer
 62
  256
370
   -1
100
AcDbPolyline
 90
    4
 70
    1
 43
0
 10
117.179
 20
-47.00000000000002
 10
119.579
 20
-47.00000000000002
 10
119.579
 20
-52.80000000000002
 10
117.179
 20
-52.80000000000002
  0
LWPOLYLINE
  5
92B
100
AcDbEntity
  8
Acrylic_05_MM_0_TOP
  6
ByLayer
 62
  256
370
   -1
100
AcDbPolyline
 90
    4
 70
    1
 43
0
 10
-16.69999999999999
 20
-77.70000000000002
 10
-10.90000000000001
 20
-77.70000000000002
 10
-10.90000000000001
 20
-80.10000000000002
 10
-16.69999999999999
 20
-80.10000000000002
  0
LWPOLYLINE
  5
92C
100
AcDbEntity
  8
Acrylic_05_MM_0_TOP
  6
ByLayer
 62
  256
370
   -1
100
AcDbPolyline
 90
    4
 70
    1
 43
0
 10
-15.96412877926529
 20
-83.79947444911838
 10
-10.60562749069985
 20
-81.57991054140086
 10
-9.687187253023628
 20
-83.79722141942796
 10
-15.04568854158908
 20
-86.01678532714547
  0
LWPOLYLINE
  5
92D
100
AcDbEntity
  8
Acrylic_05_MM_0_TOP
  6
ByLayer
 62
  256
370
   -1
100
AcDbPolyline
 90
    4
 70
    1
 43
0
 10
-12.95010460205264
 20
-89.15304832720494
 10
-8.848885271170674
 20
-85.05182899632298
 10
-7.151828996322957
 20
-86.74888527117069
 10
-11.25304832720492
 20
-90.85010460205267
  0
LWPOLYLINE
  5
92E
100
AcDbEntity
  8
Acrylic_05_MM_0_TOP
  6
ByLayer
 62
  256
370
   -1
100
AcDbPolyline
 90
    4
 70
    1
 43
0
 10
-2.19999999999999
 20
-94.59999999999999
 10
-2.199999999999989
 20
-88.80000000000001
 10
0.2000000000000165
 20
-88.80000000000001
 10
0.2000000000000163
 20
-94.59999999999999
  0
LWPOLYLINE
  5
92F
100
AcDbEntity
  8
Acrylic_05_MM_0_TOP
  6
ByLayer
 62
  256
370
   -1
100
AcDbPolyline
 90
    4
 70
    1
 43
0
 10
9.253048327204938
 20
-90.85010460205264
 10
5.151828996322974
 20
-86.74888527117068
 10
6.848885271170692
 20
-85.05182899632297
 10
10.95010460205266
 20
-89.15304832720493
  0
LWPOLYLINE
  5
930
100
AcDbEntity
  8
Acrylic_05_MM_0_TOP
  6
ByLayer
 62
  256
370
   -1
100
AcDbPolyline
 90
    4
 70
    1
 43
0
 10
13.04568854158909
 20
-86.01678532714544
 10
7.687187253023639
 20
-83.79722141942793
 10
8.605627490699858
 20
-81.57991054140084
 10
13.96412877926531
 20
-83.79947444911835
  0
LWPOLYLINE
  5
931
100
AcDbEntity
  8
Acrylic_05_MM_0_TOP
  6
ByLayer
 62
  256
370
   -1
100
AcDbPolyline
 90
    4
 70
    1
 43
0
 10
14.69999999999999
 20
-80.09999999999999
 10
8.900000000000006
 20
-80.09999999999999
 10
8.900000000000006
 20
-77.69999999999999
 10
14.69999999999999
 20
-77.69999999999999
  0
LWPOLYLINE
  5
932
100
AcDbEntity
  8
Acrylic_05_MM_0_TOP
  6
ByLayer
 62
  256
370
   -1
100
AcDbPolyline
 90
    4
 70
    1
 43
0
 10
13.9641287792653
 20
-74.00052555088163
 10
8.605627490699849
 20
-76.22008945859915
 10
7.68718725302363
 20
-74.00277858057206
 10
13.04568854158908
 20
-71.78321467285454
  0
LWPOLYLINE
  5
933
100
AcDbEntity
  8
Acrylic_05_MM_0_TOP
  6
ByLayer
 62
  256
370
   -1
100
AcDbPolyline
 90
    4
 70
    1
 43
0
 10
10.95010460205264
 20
-68.64695167279507
 10
6.848885271170675
 20
-72.74817100367703
 10
5.151828996322958
 20
-71.0511147288293
 10
9.253048327204921
 20
-66.94989539794734
  0
LWPOLYLINE
  5
934
100
AcDbEntity
  8
Acrylic_05_MM_0_TOP
  6
ByLayer
 62
  256
370
   -1
100
AcDbPolyline
 90
    4
 70
    1
 43
0
 10
6.116785327145447
 20
-64.85431145841092
 10
3.89722141942793
 20
-70.21281274697637
 10
1.679910541400837
 20
-69.29437250930015
 10
3.899474449118355
 20
-63.9358712207347
  0
LWPOLYLINE
  5
935
100
AcDbEntity
  8
Acrylic_05_MM_0_TOP
  6
ByLayer
 62
  256
370
   -1
100
AcDbPolyline
 90
    4
 70
    1
 43
0
 10
0.1999999999999916
 20
-63.20000000000002
 10
0.1999999999999905
 20
-69
 10
-2.200000000000015
 20
-69
 10
-2.200000000000014
 20
-63.20000000000002
  0
LWPOLYLINE
  5
936
100
AcDbEntity
  8
Acrylic_05_MM_0_TOP
  6
ByLayer
 62
  256
370
   -1
100
AcDbPolyline
 90
    4
 70
    1
 43
0
 10
-5.899474449118375
 20
-63.93587122073471
 10
-3.67991054140086
 20
-69.29437250930016
 10
-5.897221419427953
 20
-70.21281274697638
 10
-8.116785327145468
 20
-64.85431145841093
  0
LWPOLYLINE
  5
937
100
AcDbEntity
  8
Acrylic_05_MM_0_TOP
  6
ByLayer
 62
  256
370
   -1
100
AcDbPolyline
 90
    4
 70
    1
 43
0
 10
-11.25304832720494
 20
-66.94989539794737
 10
-7.151828996322974
 20
-71.05111472882933
 10
-8.848885271170692
 20
-72.74817100367704
 10
-12.95010460205265
 20
-68.64695167279508
  0
LWPOLYLINE
  5
938
100
AcDbEntity
  8
Acrylic_05_MM_0_TOP
  6
ByLayer
 62
  256
370
   -1
100
AcDbPolyline
 90
    4
 70
    1
 43
0
 10
-15.04568854158908
 20
-71.78321467285456
 10
-9.687187253023637
 20
-74.00277858057207
 10
-10.60562749069986
 20
-76.22008945859916
 10
-15.9641287792653
 20
-74.00052555088165
  0
LWPOLYLINE
  5
939
100
AcDbEntity
  8
Acrylic_05_MM_0_TOP
  6
ByLayer
 62
  256
370
   -1
100
AcDbPolyline
 90
    4
 70
    1
 43
0
 10
-16.69999999999999
 20
-77.70000000000002
 10
-10.90000000000001
 20
-77.70000000000002
 10
-10.90000000000001
 20
-80.10000000000002
 10
-16.69999999999999
 20
-80.10000000000002
  0
LWPOLYLINE
  5
93A
100
AcDbEntity
  8
Acrylic_05_MM_0_TOP
  6
ByLayer
 62
  256
370
   -1
100
AcDbPolyline
 90
    4
 70
    1
 43
0
 10
-7.281000000000006
 20
-88.80000000000003
 10
-4.880999999999999
 20
-88.80000000000003
 10
-4.880999999999999
 20
-94.60000000000002
 10
-7.281000000000006
 20
-94.60000000000002
  0
LWPOLYLINE
  5
93B
100
AcDbEntity
  8
Acrylic_05_MM_0_TOP
  6
ByLayer
 62
  256
370
   -1
100
AcDbPolyline
 90
    4
 70
    1
 43
0
 10
2.87900000000002
 20
-88.80000000000003
 10
5.279000000000026
 20
-88.80000000000003
 10
5.279000000000026
 20
-94.60000000000002
 10
2.87900000000002
 20
-94.60000000000002
  0
CIRCLE
  5
93C
100
AcDbEntity
  8
Acrylic_05_MM_0_TOP
  6
ByLayer
 62
  256
370
   -1
100
AcDbCircle
 10
-16.30000000000001
 20
-63.60000000000004
 40
1.6
  0
CIRCLE
  5
93D
100
AcDbEntity
  8
Acrylic_05_MM_0_TOP
  6
ByLayer
 62
  256
370
   -1
100
AcDbCircle
 10
52.27999999999997
 20
-63.60000000000004
 40
1.6
  0
CIRCLE
  5
93E
100
AcDbEntity
  8
Acrylic_05_MM_0_TOP
  6
ByLayer
 62
  256
370
   -1
100
AcDbCircle
 10
59.95999999999998
 20
-63.59900000000006
 40
1.6
  0
CIRCLE
  5
93F
100
AcDbEntity
  8
Acrylic_05_MM_0_TOP
  6
ByLayer
 62
  256
370
   -1
100
AcDbCircle
 10
128.48
 20
-63.60000000000004
 40
1.6
  0
CIRCLE
  5
940
100
AcDbEntity
  8
Acrylic_05_MM_0_TOP
  6
ByLayer
 62
  256
370
   -1
100
AcDbCircle
 10
-16.30000000000001
 20
-132.18
 40
1.6
  0
CIRCLE
  5
941
100
AcDbEntity
  8
Acrylic_05_MM_0_TOP
  6
ByLayer
 62
  256
370
   -1
100
AcDbCircle
 10
52.27999999999997
 20
-132.18
 40
1.6
  0
CIRCLE
  5
942
100
AcDbEntity
  8
Acrylic_05_MM_0_TOP
  6
ByLayer
 62
  256
370
   -1
100
AcDbCircle
 10
59.95999999999998
 20
-132.18
 40
1.6
  0
CIRCLE
  5
943
100
AcDbEntity
  8
Acrylic_05_MM_0_TOP
  6
ByLayer
 62
  256
370
   -1
100
AcDbCircle
 10
128.48
 20
-132.18
 40
1.6
  0
LWPOLYLINE
  5
944
100
AcDbEntity
  8
Acrylic_05_MM_0_TOP
  6
ByLayer
 62
  256
370
   -1
100
AcDbPolyline
 90
    4
 70
    1
 43
0
 10
21.40000000000001
 20
-77.70000000000002
 10
27.2
 20
-77.70000000000002
 10
27.2
 20
-80.10000000000002
 10
21.40000000000001
 20
-80.10000000000002
  0
LWPOLYLINE
  5
945
100
AcDbEntity
  8
Acrylic_05_MM_0_TOP
  6
ByLayer
 62
  256
370
   -1
100
AcDbPolyline
 90
    4
 70
    1
 43
0
 10
22.13587122073471
 20
-83.79947444911838
 10
27.49437250930016
 20
-81.57991054140086
 10
28.41281274697637
 20
-83.79722141942796
 10
23.05431145841093
 20
-86.01678532714547
  0
LWPOLYLINE
  5
946
100
AcDbEntity
  8
Acrylic_05_MM_0_TOP
  6
ByLayer
 62
  256
370
   -1
100
AcDbPolyline
 90
    4
 70
    1
 43
0
 10
25.14989539794736
 20
-89.15304832720494
 10
29.25111472882933
 20
-85.05182899632298
 10
30.94817100367705
 20
-86.74888527117069
 10
26.84695167279508
 20
-90.85010460205267
  0
LWPOLYLINE
  5
947
100
AcDbEntity
  8
Acrylic_05_MM_0_TOP
  6
ByLayer
 62
  256
370
   -1
100
AcDbPolyline
 90
    4
 70
    1
 43
0
 10
35.90000000000001
 20
-94.59999999999999
 10
35.90000000000001
 20
-88.80000000000001
 10
38.30000000000002
 20
-88.80000000000001
 10
38.30000000000002
 20
-94.59999999999999
  0
LWPOLYLINE
  5
948
100
AcDbEntity
  8
Acrylic_05_MM_0_TOP
  6
ByLayer
 62
  256
370
   -1
100
AcDbPolyline
 90
    4
 70
    1
 43
0
 10
47.35304832720494
 20
-90.85010460205264
 10
43.25182899632298
 20
-86.74888527117068
 10
44.9488852711707
 20
-85.05182899632297
 10
49.05010460205266
 20
-89.15304832720493
  0
LWPOLYLINE
  5
949
100
AcDbEntity
  8
Acrylic_05_MM_0_TOP
  6
ByLayer
 62
  256
370
   -1
100
AcDbPolyline
 90
    4
 70
    1
 43
0
 10
51.14568854158909
 20
-86.01678532714544
 10
45.78718725302364
 20
-83.79722141942793
 10
46.70562749069986
 20
-81.57991054140084
 10
52.0641287792653
 20
-83.79947444911835
  0
LWPOLYLINE
  5
94A
100
AcDbEntity
  8
Acrylic_05_MM_0_TOP
  6
ByLayer
 62
  256
370
   -1
100
AcDbPolyline
 90
    4
 70
    1
 43
0
 10
52.79999999999999
 20
-80.09999999999999
 10
47.00000000000001
 20
-80.09999999999999
 10
47.00000000000001
 20
-77.69999999999999
 10
52.79999999999999
 20
-77.69999999999999
  0
LWPOLYLINE
  5
94B
100
AcDbEntity
  8
Acrylic_05_MM_0_TOP
  6
ByLayer
 62
  256
370
   -1
100
AcDbPolyline
 90
    4
 70
    1
 43
0
 10
52.0641287792653
 20
-74.00052555088163
 10
46.70562749069985
 20
-76.22008945859915
 10
45.78718725302363
 20
-74.00277858057206
 10
51.14568854158908
 20
-71.78321467285454
  0
LWPOLYLINE
  5
94C
100
AcDbEntity
  8
Acrylic_05_MM_0_TOP
  6
ByLayer
 62
  256
370
   -1
100
AcDbPolyline
 90
    4
 70
    1
 43
0
 10
49.05010460205264
 20
-68.64695167279507
 10
44.94888527117067
 20
-72.74817100367703
 10
43.25182899632296
 20
-71.0511147288293
 10
47.35304832720492
 20
-66.94989539794734
  0
LWPOLYLINE
  5
94D
100
AcDbEntity
  8
Acrylic_05_MM_0_TOP
  6
ByLayer
 62
  256
370
   -1
100
AcDbPolyline
 90
    4
 70
    1
 43
0
 10
44.21678532714544
 20
-64.85431145841092
 10
41.99722141942793
 20
-70.21281274697637
 10
39.77991054140084
 20
-69.29437250930015
 10
41.99947444911835
 20
-63.9358712207347
  0
LWPOLYLINE
  5
94E
100
AcDbEntity
  8
Acrylic_05_MM_0_TOP
  6
ByLayer
 62
  256
370
   -1
100
AcDbPolyline
 90
    4
 70
    1
 43
0
 10
38.29999999999999
 20
-63.20000000000002
 10
38.29999999999999
 20
-69
 10
35.89999999999998
 20
-69
 10
35.89999999999998
 20
-63.20000000000002
  0
LWPOLYLINE
  5
94F
100
AcDbEntity
  8
Acrylic_05_MM_0_TOP
  6
ByLayer
 62
  256
370
   -1
100
AcDbPolyline
 90
    4
 70
    1
 43
0
 10
32.20052555088163
 20
-63.93587122073471
 10
34.42008945859914
 20
-69.29437250930016
 10
32.20277858057205
 20
-70.21281274697638
 10
29.98321467285453
 20
-64.85431145841093
  0
LWPOLYLINE
  5
950
100
AcDbEntity
  8
Acrylic_05_MM_0_TOP
  6
ByLayer
 62
  256
370
   -1
100
AcDbPolyline
 90
    4
 70
    1
 43
0
 10
26.84695167279506
 20
-66.94989539794737
 10
30.94817100367703
 20
-71.05111472882933
 10
29.25111472882931
 20
-72.74817100367704
 10
25.14989539794735
 20
-68.64695167279508
  0
LWPOLYLINE
  5
951
100
AcDbEntity
  8
Acrylic_05_MM_0_TOP
  6
ByLayer
 62
  256
370
   -1
100
AcDbPolyline
 90
    4
 70
    1
 43
0
 10
23.05431145841092
 20
-71.78321467285456
 10
28.41281274697636
 20
-74.00277858057207
 10
27.49437250930015
 20
-76.22008945859916
 10
22.1358712207347
 20
-74.00052555088165
  0
LWPOLYLINE
  5
952
100
AcDbEntity
  8
Acrylic_05_MM_0_TOP
  6
ByLayer
 62
  256
370
   -1
100
AcDbPolyline
 90
    4
 70
    1
 43
0
 10
21.40000000000001
 20
-77.70000000000002
 10
27.2
 20
-77.70000000000002
 10
27.2
 20
-80.10000000000002
 10
21.40000000000001
 20
-80.10000000000002
  0
LWPOLYLINE
  5
953
100
AcDbEntity
  8
Acrylic_05_MM_0_TOP
  6
ByLayer
 62
  256
370
   -1
100
AcDbPolyline
 90
    4
 70
    1
 43
0
 10
30.819
 20
-88.80000000000003
 10
33.219
 20
-88.80000000000003
 10
33.219
 20
-94.60000000000002
 10
30.819
 20
-94.60000000000002
  0
LWPOLYLINE
  5
954
100
AcDbEntity
  8
Acrylic_05_MM_0_TOP
  6
ByLayer
 62
  256
370
   -1
100
AcDbPolyline
 90
    4
 70
    1
 43
0
 10
40.97900000000002
 20
-88.80000000000003
 10
43.37900000000003
 20
-88.80000000000003
 10
43.37900000000003
 20
-94.60000000000002
 10
40.97900000000002
 20
-94.60000000000002
  0
LWPOLYLINE
  5
955
100
AcDbEntity
  8
Acrylic_05_MM_0_TOP
  6
ByLayer
 62
  256
370
   -1
100
AcDbPolyline
 90
    4
 70
    1
 43
0
 10
59.50000000000001
 20
-77.70000000000002
 10
65.3
 20
-77.70000000000002
 10
65.3
 20
-80.10000000000002
 10
59.50000000000001
 20
-80.10000000000002
  0
LWPOLYLINE
  5
956
100
AcDbEntity
  8
Acrylic_05_MM_0_TOP
  6
ByLayer
 62
  256
370
   -1
100
AcDbPolyline
 90
    4
 70
    1
 43
0
 10
60.23587122073471
 20
-83.79947444911838
 10
65.59437250930016
 20
-81.57991054140086
 10
66.51281274697638
 20
-83.79722141942796
 10
61.15431145841093
 20
-86.01678532714547
  0
LWPOLYLINE
  5
957
100
AcDbEntity
  8
Acrylic_05_MM_0_TOP
  6
ByLayer
 62
  256
370
   -1
100
AcDbPolyline
 90
    4
 70
    1
 43
0
 10
63.24989539794737
 20
-89.15304832720494
 10
67.35111472882933
 20
-85.05182899632298
 10
69.04817100367706
 20
-86.74888527117069
 10
64.94695167279508
 20
-90.85010460205267
  0
LWPOLYLINE
  5
958
100
AcDbEntity
  8
Acrylic_05_MM_0_TOP
  6
ByLayer
 62
  256
370
   -1
100
AcDbPolyline
 90
    4
 70
    1
 43
0
 10
74.00000000000001
 20
-94.59999999999999
 10
74.00000000000001
 20
-88.80000000000001
 10
76.40000000000002
 20
-88.80000000000001
 10
76.40000000000002
 20
-94.59999999999999
  0
LWPOLYLINE
  5
959
100
AcDbEntity
  8
Acrylic_05_MM_0_TOP
  6
ByLayer
 62
  256
370
   -1
100
AcDbPolyline
 90
    4
 70
    1
 43
0
 10
85.45304832720494
 20
-90.85010460205264
 10
81.35182899632298
 20
-86.74888527117068
 10
83.04888527117069
 20
-85.05182899632297
 10
87.15010460205266
 20
-89.15304832720493
  0
LWPOLYLINE
  5
95A
100
AcDbEntity
  8
Acrylic_05_MM_0_TOP
  6
ByLayer
 62
  256
370
   -1
100
AcDbPolyline
 90
    4
 70
    1
 43
0
 10
89.24568854158909
 20
-86.01678532714544
 10
83.88718725302364
 20
-83.79722141942793
 10
84.80562749069986
 20
-81.57991054140084
 10
90.1641287792653
 20
-83.79947444911835
  0
LWPOLYLINE
  5
95B
100
AcDbEntity
  8
Acrylic_05_MM_0_TOP
  6
ByLayer
 62
  256
370
   -1
100
AcDbPolyline
 90
    4
 70
    1
 43
0
 10
90.89999999999999
 20
-80.09999999999999
 10
85.10000000000001
 20
-80.09999999999999
 10
85.10000000000001
 20
-77.69999999999999
 10
90.89999999999999
 20
-77.69999999999999
  0
LWPOLYLINE
  5
95C
100
AcDbEntity
  8
Acrylic_05_MM_0_TOP
  6
ByLayer
 62
  256
370
   -1
100
AcDbPolyline
 90
    4
 70
    1
 43
0
 10
90.1641287792653
 20
-74.00052555088163
 10
84.80562749069986
 20
-76.22008945859915
 10
83.88718725302363
 20
-74.00277858057206
 10
89.24568854158909
 20
-71.78321467285454
  0
LWPOLYLINE
  5
95D
100
AcDbEntity
  8
Acrylic_05_MM_0_TOP
  6
ByLayer
 62
  256
370
   -1
100
AcDbPolyline
 90
    4
 70
    1
 43
0
 10
87.15010460205264
 20
-68.64695167279507
 10
83.04888527117068
 20
-72.74817100367703
 10
81.35182899632295
 20
-71.0511147288293
 10
85.45304832720493
 20
-66.94989539794734
  0
LWPOLYLINE
  5
95E
100
AcDbEntity
  8
Acrylic_05_MM_0_TOP
  6
ByLayer
 62
  256
370
   -1
100
AcDbPolyline
 90
    4
 70
    1
 43
0
 10
82.31678532714545
 20
-64.85431145841092
 10
80.09722141942794
 20
-70.21281274697637
 10
77.87991054140085
 20
-69.29437250930015
 10
80.09947444911836
 20
-63.9358712207347
  0
LWPOLYLINE
  5
95F
100
AcDbEntity
  8
Acrylic_05_MM_0_TOP
  6
ByLayer
 62
  256
370
   -1
100
AcDbPolyline
 90
    4
 70
    1
 43
0
 10
76.39999999999999
 20
-63.20000000000002
 10
76.39999999999999
 20
-69
 10
73.99999999999999
 20
-69
 10
73.99999999999999
 20
-63.20000000000002
  0
LWPOLYLINE
  5
960
100
AcDbEntity
  8
Acrylic_05_MM_0_TOP
  6
ByLayer
 62
  256
370
   -1
100
AcDbPolyline
 90
    4
 70
    1
 43
0
 10
70.30052555088163
 20
-63.93587122073471
 10
72.52008945859914
 20
-69.29437250930016
 10
70.30277858057205
 20
-70.21281274697638
 10
68.08321467285454
 20
-64.85431145841093
  0
LWPOLYLINE
  5
961
100
AcDbEntity
  8
Acrylic_05_MM_0_TOP
  6
ByLayer
 62
  256
370
   -1
100
AcDbPolyline
 90
    4
 70
    1
 43
0
 10
64.94695167279507
 20
-66.94989539794737
 10
69.04817100367703
 20
-71.05111472882933
 10
67.35111472882932
 20
-72.74817100367704
 10
63.24989539794735
 20
-68.64695167279508
  0
LWPOLYLINE
  5
962
100
AcDbEntity
  8
Acrylic_05_MM_0_TOP
  6
ByLayer
 62
  256
370
   -1
100
AcDbPolyline
 90
    4
 70
    1
 43
0
 10
61.15431145841092
 20
-71.78321467285456
 10
66.51281274697637
 20
-74.00277858057207
 10
65.59437250930014
 20
-76.22008945859916
 10
60.2358712207347
 20
-74.00052555088165
  0
LWPOLYLINE
  5
963
100
AcDbEntity
  8
Acrylic_05_MM_0_TOP
  6
ByLayer
 62
  256
370
   -1
100
AcDbPolyline
 90
    4
 70
    1
 43
0
 10
59.50000000000001
 20
-77.70000000000002
 10
65.3
 20
-77.70000000000002
 10
65.3
 20
-80.10000000000002
 10
59.50000000000001
 20
-80.10000000000002
  0
LWPOLYLINE
  5
964
100
AcDbEntity
  8
Acrylic_05_MM_0_TOP
  6
ByLayer
 62
  256
370
   -1
100
AcDbPolyline
 90
    4
 70
    1
 43
0
 10
68.919
 20
-88.80000000000003
 10
71.319
 20
-88.80000000000003
 10
71.319
 20
-94.60000000000002
 10
68.919
 20
-94.60000000000002
  0
LWPOLYLINE
  5
965
100
AcDbEntity
  8
Acrylic_05_MM_0_TOP
  6
ByLayer
 62
  256
370
   -1
100
AcDbPolyline
 90
    4
 70
    1
 43
0
 10
79.07900000000002
 20
-88.80000000000003
 10
81.47900000000003
 20
-88.80000000000003
 10
81.47900000000003
 20
-94.60000000000002
 10
79.07900000000002
 20
-94.60000000000002
  0
LWPOLYLINE
  5
966
100
AcDbEntity
  8
Acrylic_05_MM_0_TOP
  6
ByLayer
 62
  256
370
   -1
100
AcDbPolyline
 90
    4
 70
    1
 43
0
 10
97.60000000000002
 20
-77.70000000000002
 10
103.4
 20
-77.70000000000002
 10
103.4
 20
-80.10000000000002
 10
97.60000000000002
 20
-80.10000000000002
  0
LWPOLYLINE
  5
967
100
AcDbEntity
  8
Acrylic_05_MM_0_TOP
  6
ByLayer
 62
  256
370
   -1
100
AcDbPolyline
 90
    4
 70
    1
 43
0
 10
98.3358712207347
 20
-83.79947444911838
 10
103.6943725093002
 20
-81.57991054140086
 10
104.6128127469764
 20
-83.79722141942796
 10
99.25431145841094
 20
-86.01678532714547
  0
LWPOLYLINE
  5
968
100
AcDbEntity
  8
Acrylic_05_MM_0_TOP
  6
ByLayer
 62
  256
370
   -1
100
AcDbPolyline
 90
    4
 70
    1
 43
0
 10
101.3498953979474
 20
-89.15304832720494
 10
105.4511147288293
 20
-85.05182899632298
 10
107.148171003677
 20
-86.74888527117069
 10
103.0469516727951
 20
-90.85010460205267
  0
LWPOLYLINE
  5
969
100
AcDbEntity
  8
Acrylic_05_MM_0_TOP
  6
ByLayer
 62
  256
370
   -1
100
AcDbPolyline
 90
    4
 70
    1
 43
0
 10
112.1
 20
-94.59999999999999
 10
112.1
 20
-88.80000000000001
 10
114.5
 20
-88.80000000000001
 10
114.5
 20
-94.59999999999999
  0
LWPOLYLINE
  5
96A
100
AcDbEntity
  8
Acrylic_05_MM_0_TOP
  6
ByLayer
 62
  256
370
   -1
100
AcDbPolyline
 90
    4
 70
    1
 43
0
 10
123.5530483272049
 20
-90.85010460205264
 10
119.451828996323
 20
-86.74888527117068
 10
121.1488852711707
 20
-85.05182899632297
 10
125.2501046020527
 20
-89.15304832720493
  0
LWPOLYLINE
  5
96B
100
AcDbEntity
  8
Acrylic_05_MM_0_TOP
  6
ByLayer
 62
  256
370
   -1
100
AcDbPolyline
 90
    4
 70
    1
 43
0
 10
127.3456885415891
 20
-86.01678532714544
 10
121.9871872530236
 20
-83.79722141942793
 10
122.9056274906999
 20
-81.57991054140084
 10
128.2641287792653
 20
-83.79947444911835
  0
LWPOLYLINE
  5
96C
100
AcDbEntity
  8
Acrylic_05_MM_0_TOP
  6
ByLayer
 62
  256
370
   -1
100
AcDbPolyline
 90
    4
 70
    1
 43
0
 10
129
 20
-80.09999999999999
 10
123.2
 20
-80.09999999999999
 10
123.2
 20
-77.69999999999999
 10
129
 20
-77.69999999999999
  0
LWPOLYLINE
  5
96D
100
AcDbEntity
  8
Acrylic_05_MM_0_TOP
  6
ByLayer
 62
  256
370
   -1
100
AcDbPolyline
 90
    4
 70
    1
 43
0
 10
128.2641287792653
 20
-74.00052555088163
 10
122.9056274906999
 20
-76.22008945859915
 10
121.9871872530236
 20
-74.00277858057206
 10
127.3456885415891
 20
-71.78321467285454
  0
LWPOLYLINE
  5
96E
100
AcDbEntity
  8
Acrylic_05_MM_0_TOP
  6
ByLayer
 62
  256
370
   -1
100
AcDbPolyline
 90
    4
 70
    1
 43
0
 10
125.2501046020526
 20
-68.64695167279507
 10
121.1488852711707
 20
-72.74817100367703
 10
119.4518289963229
 20
-71.0511147288293
 10
123.5530483272049
 20
-66.94989539794734
  0
LWPOLYLINE
  5
96F
100
AcDbEntity
  8
Acrylic_05_MM_0_TOP
  6
ByLayer
 62
  256
370
   -1
100
AcDbPolyline
 90
    4
 70
    1
 43
0
 10
120.4167853271454
 20
-64.85431145841092
 10
118.1972214194279
 20
-70.21281274697637
 10
115.9799105414008
 20
-69.29437250930015
 10
118.1994744491184
 20
-63.9358712207347
  0
LWPOLYLINE
  5
970
100
AcDbEntity
  8
Acrylic_05_MM_0_TOP
  6
ByLayer
 62
  256
370
   -1
100
AcDbPolyline
 90
    4
 70
    1
 43
0
 10
114.5
 20
-63.20000000000002
 10
114.5
 20
-69
 10
112.1
 20
-69
 10
112.1
 20
-63.20000000000002
  0
LWPOLYLINE
  5
971
100
AcDbEntity
  8
Acrylic_05_MM_0_TOP
  6
ByLayer
 62
  256
370
   -1
100
AcDbPolyline
 90
    4
 70
    1
 43
0
 10
108.4005255508816
 20
-63.93587122073471
 10
110.6200894585992
 20
-69.29437250930016
 10
108.4027785805721
 20
-70.21281274697638
 10
106.1832146728545
 20
-64.85431145841093
  0
LWPOLYLINE
  5
972
100
AcDbEntity
  8
Acrylic_05_MM_0_TOP
  6
ByLayer
 62
  256
370
   -1
100
AcDbPolyline
 90
    4
 70
    1
 43
0
 10
103.0469516727951
 20
-66.94989539794737
 10
107.148171003677
 20
-71.05111472882933
 10
105.4511147288293
 20
-72.74817100367704
 10
101.3498953979473
 20
-68.64695167279508
  0
LWPOLYLINE
  5
973
100
AcDbEntity
  8
Acrylic_05_MM_0_TOP
  6
ByLayer
 62
  256
370
   -1
100
AcDbPolyline
 90
    4
 70
    1
 43
0
 10
99.25431145841091
 20
-71.78321467285456
 10
104.6128127469764
 20
-74.00277858057207
 10
103.6943725093001
 20
-76.22008945859916
 10
98.3358712207347
 20
-74.00052555088165
  0
LWPOLYLINE
  5
974
100
AcDbEntity
  8
Acrylic_05_MM_0_TOP
  6
ByLayer
 62
  256
370
   -1
100
AcDbPolyline
 90
    4
 70
    1
 43
0
 10
97.60000000000002
 20
-77.70000000000002
 10
103.4
 20
-77.70000000000002
 10
103.4
 20
-80.10000000000002
 10
97.60000000000002
 20
-80.10000000000002
  0
LWPOLYLINE
  5
975
100
AcDbEntity
  8
Acrylic_05_MM_0_TOP
  6
ByLayer
 62
  256
370
   -1
100
AcDbPolyline
 90
    4
 70
    1
 43
0
 10
107.019
 20
-88.80000000000003
 10
109.419
 20
-88.80000000000003
 10
109.419
 20
-94.60000000000002
 10
107.019
 20
-94.60000000000002
  0
LWPOLYLINE
  5
976
100
AcDbEntity
  8
Acrylic_05_MM_0_TOP
  6
ByLayer
 62
  256
370
   -1
100
AcDbPolyline
 90
    4
 70
    1
 43
0
 10
117.179
 20
-88.80000000000003
 10
119.579
 20
-88.80000000000003
 10
119.579
 20
-94.60000000000002
 10
117.179
 20
-94.60000000000002
  0
LWPOLYLINE
  5
977
100
AcDbEntity
  8
Acrylic_05_MM_0_TOP
  6
ByLayer
 62
  256
370
   -1
100
AcDbPolyline
 90
    4
 70
    1
 43
0
 10
-16.69999999999999
 20
-115.8
 10
-10.90000000000001
 20
-115.8
 10
-10.90000000000001
 20
-118.2
 10
-16.69999999999999
 20
-118.2
  0
LWPOLYLINE
  5
978
100
AcDbEntity
  8
Acrylic_05_MM_0_TOP
  6
ByLayer
 62
  256
370
   -1
100
AcDbPolyline
 90
    4
 70
    1
 43
0
 10
-15.96412877926529
 20
-121.8994744491184
 10
-10.60562749069985
 20
-119.6799105414009
 10
-9.687187253023628
 20
-121.897221419428
 10
-15.04568854158908
 20
-124.1167853271455
  0
LWPOLYLINE
  5
979
100
AcDbEntity
  8
Acrylic_05_MM_0_TOP
  6
ByLayer
 62
  256
370
   -1
100
AcDbPolyline
 90
    4
 70
    1
 43
0
 10
-12.95010460205264
 20
-127.2530483272049
 10
-8.848885271170674
 20
-123.151828996323
 10
-7.151828996322957
 20
-124.8488852711707
 10
-11.25304832720492
 20
-128.9501046020526
  0
LWPOLYLINE
  5
97A
100
AcDbEntity
  8
Acrylic_05_MM_0_TOP
  6
ByLayer
 62
  256
370
   -1
100
AcDbPolyline
 90
    4
 70
    1
 43
0
 10
-2.19999999999999
 20
-132.7
 10
-2.199999999999989
 20
-126.9
 10
0.2000000000000165
 20
-126.9
 10
0.2000000000000163
 20
-132.7
  0
LWPOLYLINE
  5
97B
100
AcDbEntity
  8
Acrylic_05_MM_0_TOP
  6
ByLayer
 62
  256
370
   -1
100
AcDbPolyline
 90
    4
 70
    1
 43
0
 10
9.253048327204938
 20
-128.9501046020526
 10
5.151828996322974
 20
-124.8488852711707
 10
6.848885271170692
 20
-123.151828996323
 10
10.95010460205266
 20
-127.2530483272049
  0
LWPOLYLINE
  5
97C
100
AcDbEntity
  8
Acrylic_05_MM_0_TOP
  6
ByLayer
 62
  256
370
   -1
100
AcDbPolyline
 90
    4
 70
    1
 43
0
 10
13.04568854158909
 20
-124.1167853271455
 10
7.687187253023639
 20
-121.8972214194279
 10
8.605627490699858
 20
-119.6799105414008
 10
13.96412877926531
 20
-121.8994744491184
  0
LWPOLYLINE
  5
97D
100
AcDbEntity
  8
Acrylic_05_MM_0_TOP
  6
ByLayer
 62
  256
370
   -1
100
AcDbPolyline
 90
    4
 70
    1
 43
0
 10
14.69999999999999
 20
-118.2
 10
8.900000000000006
 20
-118.2
 10
8.900000000000006
 20
-115.8
 10
14.69999999999999
 20
-115.8
  0
LWPOLYLINE
  5
97E
100
AcDbEntity
  8
Acrylic_05_MM_0_TOP
  6
ByLayer
 62
  256
370
   -1
100
AcDbPolyline
 90
    4
 70
    1
 43
0
 10
13.9641287792653
 20
-112.1005255508816
 10
8.605627490699849
 20
-114.3200894585991
 10
7.68718725302363
 20
-112.102778580572
 10
13.04568854158908
 20
-109.8832146728545
  0
LWPOLYLINE
  5
97F
100
AcDbEntity
  8
Acrylic_05_MM_0_TOP
  6
ByLayer
 62
  256
370
   -1
100
AcDbPolyline
 90
    4
 70
    1
 43
0
 10
10.95010460205264
 20
-106.7469516727951
 10
6.848885271170675
 20
-110.848171003677
 10
5.151828996322958
 20
-109.1511147288293
 10
9.253048327204921
 20
-105.0498953979474
  0
LWPOLYLINE
  5
980
100
AcDbEntity
  8
Acrylic_05_MM_0_TOP
  6
ByLayer
 62
  256
370
   -1
100
AcDbPolyline
 90
    4
 70
    1
 43
0
 10
6.116785327145447
 20
-102.9543114584109
 10
3.89722141942793
 20
-108.3128127469764
 10
1.679910541400837
 20
-107.3943725093002
 10
3.899474449118355
 20
-102.0358712207347
  0
LWPOLYLINE
  5
981
100
AcDbEntity
  8
Acrylic_05_MM_0_TOP
  6
ByLayer
 62
  256
370
   -1
100
AcDbPolyline
 90
    4
 70
    1
 43
0
 10
0.1999999999999916
 20
-101.3
 10
0.1999999999999905
 20
-107.1
 10
-2.200000000000015
 20
-107.1
 10
-2.200000000000014
 20
-101.3
  0
LWPOLYLINE
  5
982
100
AcDbEntity
  8
Acrylic_05_MM_0_TOP
  6
ByLayer
 62
  256
370
   -1
100
AcDbPolyline
 90
    4
 70
    1
 43
0
 10
-5.899474449118375
 20
-102.0358712207347
 10
-3.67991054140086
 20
-107.3943725093002
 10
-5.897221419427953
 20
-108.3128127469764
 10
-8.116785327145468
 20
-102.9543114584109
  0
LWPOLYLINE
  5
983
100
AcDbEntity
  8
Acrylic_05_MM_0_TOP
  6
ByLayer
 62
  256
370
   -1
100
AcDbPolyline
 90
    4
 70
    1
 43
0
 10
-11.25304832720494
 20
-105.0498953979474
 10
-7.151828996322974
 20
-109.1511147288293
 10
-8.848885271170692
 20
-110.8481710036771
 10
-12.95010460205265
 20
-106.7469516727951
  0
LWPOLYLINE
  5
984
100
AcDbEntity
  8
Acrylic_05_MM_0_TOP
  6
ByLayer
 62
  256
370
   -1
100
AcDbPolyline
 90
    4
 70
    1
 43
0
 10
-15.04568854158908
 20
-109.8832146728546
 10
-9.687187253023637
 20
-112.1027785805721
 10
-10.60562749069986
 20
-114.3200894585992
 10
-15.9641287792653
 20
-112.1005255508817
  0
LWPOLYLINE
  5
985
100
AcDbEntity
  8
Acrylic_05_MM_0_TOP
  6
ByLayer
 62
  256
370
   -1
100
AcDbPolyline
 90
    4
 70
    1
 43
0
 10
-16.69999999999999
 20
-115.8
 10
-10.90000000000001
 20
-115.8
 10
-10.90000000000001
 20
-118.2
 10
-16.69999999999999
 20
-118.2
  0
LWPOLYLINE
  5
986
100
AcDbEntity
  8
Acrylic_05_MM_0_TOP
  6
ByLayer
 62
  256
370
   -1
100
AcDbPolyline
 90
    4
 70
    1
 43
0
 10
-7.281000000000006
 20
-126.9
 10
-4.880999999999999
 20
-126.9
 10
-4.880999999999999
 20
-132.7
 10
-7.281000000000006
 20
-132.7
  0
LWPOLYLINE
  5
987
100
AcDbEntity
  8
Acrylic_05_MM_0_TOP
  6
ByLayer
 62
  256
370
   -1
100
AcDbPolyline
 90
    4
 70
    1
 43
0
 10
2.87900000000002
 20
-126.9
 10
5.279000000000026
 20
-126.9
 10
5.279000000000026
 20
-132.7
 10
2.87900000000002
 20
-132.7
  0
LWPOLYLINE
  5
988
100
AcDbEntity
  8
Acrylic_05_MM_0_TOP
  6
ByLayer
 62
  256
370
   -1
100
AcDbPolyline
 90
    4
 70
    1
 43
0
 10
21.40000000000001
 20
-115.8
 10
27.2
 20
-115.8
 10
27.2
 20
-118.2
 10
21.40000000000001
 20
-118.2
  0
LWPOLYLINE
  5
989
100
AcDbEntity
  8
Acrylic_05_MM_0_TOP
  6
ByLayer
 62
  256
370
   -1
100
AcDbPolyline
 90
    4
 70
    1
 43
0
 10
22.13587122073471
 20
-121.8994744491184
 10
27.49437250930016
 20
-119.6799105414009
 10
28.41281274697637
 20
-121.897221419428
 10
23.05431145841093
 20
-124.1167853271455
  0
LWPOLYLINE
  5
98A
100
AcDbEntity
  8
Acrylic_05_MM_0_TOP
  6
ByLayer
 62
  256
370
   -1
100
AcDbPolyline
 90
    4
 70
    1
 43
0
 10
25.14989539794736
 20
-127.2530483272049
 10
29.25111472882933
 20
-123.151828996323
 10
30.94817100367705
 20
-124.8488852711707
 10
26.84695167279508
 20
-128.9501046020526
  0
LWPOLYLINE
  5
98B
100
AcDbEntity
  8
Acrylic_05_MM_0_TOP
  6
ByLayer
 62
  256
370
   -1
100
AcDbPolyline
 90
    4
 70
    1
 43
0
 10
35.90000000000001
 20
-132.7
 10
35.90000000000001
 20
-126.9
 10
38.30000000000002
 20
-126.9
 10
38.30000000000002
 20
-132.7
  0
LWPOLYLINE
  5
98C
100
AcDbEntity
  8
Acrylic_05_MM_0_TOP
  6
ByLayer
 62
  256
370
   -1
100
AcDbPolyline
 90
    4
 70
    1
 43
0
 10
47.35304832720494
 20
-128.9501046020526
 10
43.25182899632298
 20
-124.8488852711707
 10
44.9488852711707
 20
-123.151828996323
 10
49.05010460205266
 20
-127.2530483272049
  0
LWPOLYLINE
  5
98D
100
AcDbEntity
  8
Acrylic_05_MM_0_TOP
  6
ByLayer
 62
  256
370
   -1
100
AcDbPolyline
 90
    4
 70
    1
 43
0
 10
51.14568854158909
 20
-124.1167853271455
 10
45.78718725302364
 20
-121.8972214194279
 10
46.70562749069986
 20
-119.6799105414008
 10
52.0641287792653
 20
-121.8994744491184
  0
LWPOLYLINE
  5
98E
100
AcDbEntity
  8
Acrylic_05_MM_0_TOP
  6
ByLayer
 62
  256
370
   -1
100
AcDbPolyline
 90
    4
 70
    1
 43
0
 10
52.79999999999999
 20
-118.2
 10
47.00000000000001
 20
-118.2
 10
47.00000000000001
 20
-115.8
 10
52.79999999999999
 20
-115.8
  0
LWPOLYLINE
  5
98F
100
AcDbEntity
  8
Acrylic_05_MM_0_TOP
  6
ByLayer
 62
  256
370
   -1
100
AcDbPolyline
 90
    4
 70
    1
 43
0
 10
52.0641287792653
 20
-112.1005255508816
 10
46.70562749069985
 20
-114.3200894585991
 10
45.78718725302363
 20
-112.102778580572
 10
51.14568854158908
 20
-109.8832146728545
  0
LWPOLYLINE
  5
990
100
AcDbEntity
  8
Acrylic_05_MM_0_TOP
  6
ByLayer
 62
  256
370
   -1
100
AcDbPolyline
 90
    4
 70
    1
 43
0
 10
49.05010460205264
 20
-106.7469516727951
 10
44.94888527117067
 20
-110.848171003677
 10
43.25182899632296
 20
-109.1511147288293
 10
47.35304832720492
 20
-105.0498953979474
  0
LWPOLYLINE
  5
991
100
AcDbEntity
  8
Acrylic_05_MM_0_TOP
  6
ByLayer
 62
  256
370
   -1
100
AcDbPolyline
 90
    4
 70
    1
 43
0
 10
44.21678532714544
 20
-102.9543114584109
 10
41.99722141942793
 20
-108.3128127469764
 10
39.77991054140084
 20
-107.3943725093002
 10
41.99947444911835
 20
-102.0358712207347
  0
LWPOLYLINE
  5
992
100
AcDbEntity
  8
Acrylic_05_MM_0_TOP
  6
ByLayer
 62
  256
370
   -1
100
AcDbPolyline
 90
    4
 70
    1
 43
0
 10
38.29999999999999
 20
-101.3
 10
38.29999999999999
 20
-107.1
 10
35.89999999999998
 20
-107.1
 10
35.89999999999998
 20
-101.3
  0
LWPOLYLINE
  5
993
100
AcDbEntity
  8
Acrylic_05_MM_0_TOP
  6
ByLayer
 62
  256
370
   -1
100
AcDbPolyline
 90
    4
 70
    1
 43
0
 10
32.20052555088163
 20
-102.0358712207347
 10
34.42008945859914
 20
-107.3943725093002
 10
32.20277858057205
 20
-108.3128127469764
 10
29.98321467285453
 20
-102.9543114584109
  0
LWPOLYLINE
  5
994
100
AcDbEntity
  8
Acrylic_05_MM_0_TOP
  6
ByLayer
 62
  256
370
   -1
100
AcDbPolyline
 90
    4
 70
    1
 43
0
 10
26.84695167279506
 20
-105.0498953979474
 10
30.94817100367703
 20
-109.1511147288293
 10
29.25111472882931
 20
-110.8481710036771
 10
25.14989539794735
 20
-106.7469516727951
  0
LWPOLYLINE
  5
995
100
AcDbEntity
  8
Acrylic_05_MM_0_TOP
  6
ByLayer
 62
  256
370
   -1
100
AcDbPolyline
 90
    4
 70
    1
 43
0
 10
23.05431145841092
 20
-109.8832146728546
 10
28.41281274697636
 20
-112.1027785805721
 10
27.49437250930015
 20
-114.3200894585992
 10
22.1358712207347
 20
-112.1005255508817
  0
LWPOLYLINE
  5
996
100
AcDbEntity
  8
Acrylic_05_MM_0_TOP
  6
ByLayer
 62
  256
370
   -1
100
AcDbPolyline
 90
    4
 70
    1
 43
0
 10
21.40000000000001
 20
-115.8
 10
27.2
 20
-115.8
 10
27.2
 20
-118.2
 10
21.40000000000001
 20
-118.2
  0
LWPOLYLINE
  5
997
100
AcDbEntity
  8
Acrylic_05_MM_0_TOP
  6
ByLayer
 62
  256
370
   -1
100
AcDbPolyline
 90
    4
 70
    1
 43
0
 10
30.819
 20
-126.9
 10
33.219
 20
-126.9
 10
33.219
 20
-132.7
 10
30.819
 20
-132.7
  0
LWPOLYLINE
  5
998
100
AcDbEntity
  8
Acrylic_05_MM_0_TOP
  6
ByLayer
 62
  256
370
   -1
100
AcDbPolyline
 90
    4
 70
    1
 43
0
 10
40.97900000000002
 20
-126.9
 10
43.37900000000003
 20
-126.9
 10
43.37900000000003
 20
-132.7
 10
40.97900000000002
 20
-132.7
  0
LWPOLYLINE
  5
999
100
AcDbEntity
  8
Acrylic_05_MM_0_TOP
  6
ByLayer
 62
  256
370
   -1
100
AcDbPolyline
 90
    4
 70
    1
 43
0
 10
59.50000000000001
 20
-115.8
 10
65.3
 20
-115.8
 10
65.3
 20
-118.2
 10
59.50000000000001
 20
-118.2
  0
LWPOLYLINE
  5
99A
100
AcDbEntity
  8
Acrylic_05_MM_0_TOP
  6
ByLayer
 62
  256
370
   -1
100
AcDbPolyline
 90
    4
 70
    1
 43
0
 10
60.23587122073471
 20
-121.8994744491184
 10
65.59437250930016
 20
-119.6799105414009
 10
66.51281274697638
 20
-121.897221419428
 10
61.15431145841093
 20
-124.1167853271455
  0
LWPOLYLINE
  5
99B
100
AcDbEntity
  8
Acrylic_05_MM_0_TOP
  6
ByLayer
 62
  256
370
   -1
100
AcDbPolyline
 90
    4
 70
    1
 43
0
 10
63.24989539794737
 20
-127.2530483272049
 10
67.35111472882933
 20
-123.151828996323
 10
69.04817100367706
 20
-124.8488852711707
 10
64.94695167279508
 20
-128.9501046020526
  0
LWPOLYLINE
  5
99C
100
AcDbEntity
  8
Acrylic_05_MM_0_TOP
  6
ByLayer
 62
  256
370
   -1
100
AcDbPolyline
 90
    4
 70
    1
 43
0
 10
74.00000000000001
 20
-132.7
 10
74.00000000000001
 20
-126.9
 10
76.40000000000002
 20
-126.9
 10
76.40000000000002
 20
-132.7
  0
LWPOLYLINE
  5
99D
100
AcDbEntity
  8
Acrylic_05_MM_0_TOP
  6
ByLayer
 62
  256
370
   -1
100
AcDbPolyline
 90
    4
 70
    1
 43
0
 10
85.45304832720494
 20
-128.9501046020526
 10
81.35182899632298
 20
-124.8488852711707
 10
83.04888527117069
 20
-123.151828996323
 10
87.15010460205266
 20
-127.2530483272049
  0
LWPOLYLINE
  5
99E
100
AcDbEntity
  8
Acrylic_05_MM_0_TOP
  6
ByLayer
 62
  256
370
   -1
100
AcDbPolyline
 90
    4
 70
    1
 43
0
 10
89.24568854158909
 20
-124.1167853271455
 10
83.88718725302364
 20
-121.8972214194279
 10
84.80562749069986
 20
-119.6799105414008
 10
90.1641287792653
 20
-121.8994744491184
  0
LWPOLYLINE
  5
99F
100
AcDbEntity
  8
Acrylic_05_MM_0_TOP
  6
ByLayer
 62
  256
370
   -1
100
AcDbPolyline
 90
    4
 70
    1
 43
0
 10
90.89999999999999
 20
-118.2
 10
85.10000000000001
 20
-118.2
 10
85.10000000000001
 20
-115.8
 10
90.89999999999999
 20
-115.8
  0
LWPOLYLINE
  5
9A0
100
AcDbEntity
  8
Acrylic_05_MM_0_TOP
  6
ByLayer
 62
  256
370
   -1
100
AcDbPolyline
 90
    4
 70
    1
 43
0
 10
90.1641287792653
 20
-112.1005255508816
 10
84.80562749069986
 20
-114.3200894585991
 10
83.88718725302363
 20
-112.102778580572
 10
89.24568854158909
 20
-109.8832146728545
  0
LWPOLYLINE
  5
9A1
100
AcDbEntity
  8
Acrylic_05_MM_0_TOP
  6
ByLayer
 62
  256
370
   -1
100
AcDbPolyline
 90
    4
 70
    1
 43
0
 10
87.15010460205264
 20
-106.7469516727951
 10
83.04888527117068
 20
-110.848171003677
 10
81.35182899632295
 20
-109.1511147288293
 10
85.45304832720493
 20
-105.0498953979474
  0
LWPOLYLINE
  5
9A2
100
AcDbEntity
  8
Acrylic_05_MM_0_TOP
  6
ByLayer
 62
  256
370
   -1
100
AcDbPolyline
 90
    4
 70
    1
 43
0
 10
82.31678532714545
 20
-102.9543114584109
 10
80.09722141942794
 20
-108.3128127469764
 10
77.87991054140085
 20
-107.3943725093002
 10
80.09947444911836
 20
-102.0358712207347
  0
LWPOLYLINE
  5
9A3
100
AcDbEntity
  8
Acrylic_05_MM_0_TOP
  6
ByLayer
 62
  256
370
   -1
100
AcDbPolyline
 90
    4
 70
    1
 43
0
 10
76.39999999999999
 20
-101.3
 10
76.39999999999999
 20
-107.1
 10
73.99999999999999
 20
-107.1
 10
73.99999999999999
 20
-101.3
  0
LWPOLYLINE
  5
9A4
100
AcDbEntity
  8
Acrylic_05_MM_0_TOP
  6
ByLayer
 62
  256
370
   -1
100
AcDbPolyline
 90
    4
 70
    1
 43
0
 10
70.30052555088163
 20
-102.0358712207347
 10
72.52008945859914
 20
-107.3943725093002
 10
70.30277858057205
 20
-108.3128127469764
 10
68.08321467285454
 20
-102.9543114584109
  0
LWPOLYLINE
  5
9A5
100
AcDbEntity
  8
Acrylic_05_MM_0_TOP
  6
ByLayer
 62
  256
370
   -1
100
AcDbPolyline
 90
    4
 70
    1
 43
0
 10
64.94695167279507
 20
-105.0498953979474
 10
69.04817100367703
 20
-109.1511147288293
 10
67.35111472882932
 20
-110.8481710036771
 10
63.24989539794735
 20
-106.7469516727951
  0
LWPOLYLINE
  5
9A6
100
AcDbEntity
  8
Acrylic_05_MM_0_TOP
  6
ByLayer
 62
  256
370
   -1
100
AcDbPolyline
 90
    4
 70
    1
 43
0
 10
61.15431145841092
 20
-109.8832146728546
 10
66.51281274697637
 20
-112.1027785805721
 10
65.59437250930014
 20
-114.3200894585992
 10
60.2358712207347
 20
-112.1005255508817
  0
LWPOLYLINE
  5
9A7
100
AcDbEntity
  8
Acrylic_05_MM_0_TOP
  6
ByLayer
 62
  256
370
   -1
100
AcDbPolyline
 90
    4
 70
    1
 43
0
 10
59.50000000000001
 20
-115.8
 10
65.3
 20
-115.8
 10
65.3
 20
-118.2
 10
59.50000000000001
 20
-118.2
  0
LWPOLYLINE
  5
9A8
100
AcDbEntity
  8
Acrylic_05_MM_0_TOP
  6
ByLayer
 62
  256
370
   -1
100
AcDbPolyline
 90
    4
 70
    1
 43
0
 10
68.919
 20
-126.9
 10
71.319
 20
-126.9
 10
71.319
 20
-132.7
 10
68.919
 20
-132.7
  0
LWPOLYLINE
  5
9A9
100
AcDbEntity
  8
Acrylic_05_MM_0_TOP
  6
ByLayer
 62
  256
370
   -1
100
AcDbPolyline
 90
    4
 70
    1
 43
0
 10
79.07900000000002
 20
-126.9
 10
81.47900000000003
 20
-126.9
 10
81.47900000000003
 20
-132.7
 10
79.07900000000002
 20
-132.7
  0
LWPOLYLINE
  5
9AA
100
AcDbEntity
  8
Acrylic_05_MM_0_TOP
  6
ByLayer
 62
  256
370
   -1
100
AcDbPolyline
 90
    4
 70
    1
 43
0
 10
97.60000000000002
 20
-115.8
 10
103.4
 20
-115.8
 10
103.4
 20
-118.2
 10
97.60000000000002
 20
-118.2
  0
LWPOLYLINE
  5
9AB
100
AcDbEntity
  8
Acrylic_05_MM_0_TOP
  6
ByLayer
 62
  256
370
   -1
100
AcDbPolyline
 90
    4
 70
    1
 43
0
 10
98.3358712207347
 20
-121.8994744491184
 10
103.6943725093002
 20
-119.6799105414009
 10
104.6128127469764
 20
-121.897221419428
 10
99.25431145841094
 20
-124.1167853271455
  0
LWPOLYLINE
  5
9AC
100
AcDbEntity
  8
Acrylic_05_MM_0_TOP
  6
ByLayer
 62
  256
370
   -1
100
AcDbPolyline
 90
    4
 70
    1
 43
0
 10
101.3498953979474
 20
-127.2530483272049
 10
105.4511147288293
 20
-123.151828996323
 10
107.148171003677
 20
-124.8488852711707
 10
103.0469516727951
 20
-128.9501046020526
  0
LWPOLYLINE
  5
9AD
100
AcDbEntity
  8
Acrylic_05_MM_0_TOP
  6
ByLayer
 62
  256
370
   -1
100
AcDbPolyline
 90
    4
 70
    1
 43
0
 10
112.1
 20
-132.7
 10
112.1
 20
-126.9
 10
114.5
 20
-126.9
 10
114.5
 20
-132.7
  0
LWPOLYLINE
  5
9AE
100
AcDbEntity
  8
Acrylic_05_MM_0_TOP
  6
ByLayer
 62
  256
370
   -1
100
AcDbPolyline
 90
    4
 70
    1
 43
0
 10
123.5530483272049
 20
-128.9501046020526
 10
119.451828996323
 20
-124.8488852711707
 10
121.1488852711707
 20
-123.151828996323
 10
125.2501046020527
 20
-127.2530483272049
  0
LWPOLYLINE
  5
9AF
100
AcDbEntity
  8
Acrylic_05_MM_0_TOP
  6
ByLayer
 62
  256
370
   -1
100
AcDbPolyline
 90
    4
 70
    1
 43
0
 10
127.3456885415891
 20
-124.1167853271455
 10
121.9871872530236
 20
-121.8972214194279
 10
122.9056274906999
 20
-119.6799105414008
 10
128.2641287792653
 20
-121.8994744491184
  0
LWPOLYLINE
  5
9B0
100
AcDbEntity
  8
Acrylic_05_MM_0_TOP
  6
ByLayer
 62
  256
370
   -1
100
AcDbPolyline
 90
    4
 70
    1
 43
0
 10
129
 20
-118.2
 10
123.2
 20
-118.2
 10
123.2
 20
-115.8
 10
129
 20
-115.8
  0
LWPOLYLINE
  5
9B1
100
AcDbEntity
  8
Acrylic_05_MM_0_TOP
  6
ByLayer
 62
  256
370
   -1
100
AcDbPolyline
 90
    4
 70
    1
 43
0
 10
128.2641287792653
 20
-112.1005255508816
 10
122.9056274906999
 20
-114.3200894585991
 10
121.9871872530236
 20
-112.102778580572
 10
127.3456885415891
 20
-109.8832146728545
  0
LWPOLYLINE
  5
9B2
100
AcDbEntity
  8
Acrylic_05_MM_0_TOP
  6
ByLayer
 62
  256
370
   -1
100
AcDbPolyline
 90
    4
 70
    1
 43
0
 10
125.2501046020526
 20
-106.7469516727951
 10
121.1488852711707
 20
-110.848171003677
 10
119.4518289963229
 20
-109.1511147288293
 10
123.5530483272049
 20
-105.0498953979474
  0
LWPOLYLINE
  5
9B3
100
AcDbEntity
  8
Acrylic_05_MM_0_TOP
  6
ByLayer
 62
  256
370
   -1
100
AcDbPolyline
 90
    4
 70
    1
 43
0
 10
120.4167853271454
 20
-102.9543114584109
 10
118.1972214194279
 20
-108.3128127469764
 10
115.9799105414008
 20
-107.3943725093002
 10
118.1994744491184
 20
-102.0358712207347
  0
LWPOLYLINE
  5
9B4
100
AcDbEntity
  8
Acrylic_05_MM_0_TOP
  6
ByLayer
 62
  256
370
   -1
100
AcDbPolyline
 90
    4
 70
    1
 43
0
 10
114.5
 20
-101.3
 10
114.5
 20
-107.1
 10
112.1
 20
-107.1
 10
112.1
 20
-101.3
  0
LWPOLYLINE
  5
9B5
100
AcDbEntity
  8
Acrylic_05_MM_0_TOP
  6
ByLayer
 62
  256
370
   -1
100
AcDbPolyline
 90
    4
 70
    1
 43
0
 10
108.4005255508816
 20
-102.0358712207347
 10
110.6200894585992
 20
-107.3943725093002
 10
108.4027785805721
 20
-108.3128127469764
 10
106.1832146728545
 20
-102.9543114584109
  0
LWPOLYLINE
  5
9B6
100
AcDbEntity
  8
Acrylic_05_MM_0_TOP
  6
ByLayer
 62
  256
370
   -1
100
AcDbPolyline
 90
    4
 70
    1
 43
0
 10
103.0469516727951
 20
-105.0498953979474
 10
107.148171003677
 20
-109.1511147288293
 10
105.4511147288293
 20
-110.8481710036771
 10
101.3498953979473
 20
-106.7469516727951
  0
LWPOLYLINE
  5
9B7
100
AcDbEntity
  8
Acrylic_05_MM_0_TOP
  6
ByLayer
 62
  256
370
   -1
100
AcDbPolyline
 90
    4
 70
    1
 43
0
 10
99.25431145841091
 20
-109.8832146728546
 10
104.6128127469764
 20
-112.1027785805721
 10
103.6943725093001
 20
-114.3200894585992
 10
98.3358712207347
 20
-112.1005255508817
  0
LWPOLYLINE
  5
9B8
100
AcDbEntity
  8
Acrylic_05_MM_0_TOP
  6
ByLayer
 62
  256
370
   -1
100
AcDbPolyline
 90
    4
 70
    1
 43
0
 10
97.60000000000002
 20
-115.8
 10
103.4
 20
-115.8
 10
103.4
 20
-118.2
 10
97.60000000000002
 20
-118.2
  0
LWPOLYLINE
  5
9B9
100
AcDbEntity
  8
Acrylic_05_MM_0_TOP
  6
ByLayer
 62
  256
370
   -1
100
AcDbPolyline
 90
    4
 70
    1
 43
0
 10
107.019
 20
-126.9
 10
109.419
 20
-126.9
 10
109.419
 20
-132.7
 10
107.019
 20
-132.7
  0
LWPOLYLINE
  5
9BA
100
AcDbEntity
  8
Acrylic_05_MM_0_TOP
  6
ByLayer
 62
  256
370
   -1
100
AcDbPolyline
 90
    4
 70
    1
 43
0
 10
117.179
 20
-126.9
 10
119.579
 20
-126.9
 10
119.579
 20
-132.7
 10
117.179
 20
-132.7
  0
CIRCLE
  5
9BB
100
AcDbEntity
  8
Acrylic_05_MM_0_TOP
  6
ByLayer
 62
  256
370
   -1
100
AcDbCircle
 10
-0.9999999999999991
 20
0.9999999999999858
 40
3.5
  0
CIRCLE
  5
9BC
100
AcDbEntity
  8
Acrylic_05_MM_0_TOP
  6
ByLayer
 62
  256
370
   -1
100
AcDbCircle
 10
37.10000000000002
 20
0.9999999999999858
 40
3.5
  0
CIRCLE
  5
9BD
100
AcDbEntity
  8
Acrylic_05_MM_0_TOP
  6
ByLayer
 62
  256
370
   -1
100
AcDbCircle
 10
75.2
 20
1
 40
3.5
  0
CIRCLE
  5
9BE
100
AcDbEntity
  8
Acrylic_05_MM_0_TOP
  6
ByLayer
 62
  256
370
   -1
100
AcDbCircle
 10
113.3
 20
1
 40
3.5
  0
CIRCLE
  5
9BF
100
AcDbEntity
  8
Acrylic_05_MM_0_TOP
  6
ByLayer
 62
  256
370
   -1
100
AcDbCircle
 10
113.3
 20
-37.1
 40
3.5
  0
CIRCLE
  5
9C0
100
AcDbEntity
  8
Acrylic_05_MM_0_TOP
  6
ByLayer
 62
  256
370
   -1
100
AcDbCircle
 10
75.2
 20
-37.1
 40
3.5
  0
CIRCLE
  5
9C1
100
AcDbEntity
  8
Acrylic_05_MM_0_TOP
  6
ByLayer
 62
  256
370
   -1
100
AcDbCircle
 10
37.10000000000002
 20
-37.10000000000001
 40
3.5
  0
CIRCLE
  5
9C2
100
AcDbEntity
  8
Acrylic_05_MM_0_TOP
  6
ByLayer
 62
  256
370
   -1
100
AcDbCircle
 10
-1.000000000000002
 20
-37.1
 40
3.5
  0
CIRCLE
  5
9C3
100
AcDbEntity
  8
Acrylic_05_MM_0_TOP
  6
ByLayer
 62
  256
370
   -1
100
AcDbCircle
 10
-1.000000000000005
 20
-78.8795789022405
 40
3.5
  0
CIRCLE
  5
9C4
100
AcDbEntity
  8
Acrylic_05_MM_0_TOP
  6
ByLayer
 62
  256
370
   -1
100
AcDbCircle
 10
37.1
 20
-78.8795789022405
 40
3.5
  0
CIRCLE
  5
9C5
100
AcDbEntity
  8
Acrylic_05_MM_0_TOP
  6
ByLayer
 62
  256
370
   -1
100
AcDbCircle
 10
75.2
 20
-78.8795789022405
 40
3.5
  0
CIRCLE
  5
9C6
100
AcDbEntity
  8
Acrylic_05_MM_0_TOP
  6
ByLayer
 62
  256
370
   -1
100
AcDbCircle
 10
113.3
 20
-78.8795789022405
 40
3.5
  0
CIRCLE
  5
9C7
100
AcDbEntity
  8
Acrylic_05_MM_0_TOP
  6
ByLayer
 62
  256
370
   -1
100
AcDbCircle
 10
113.3
 20
-117
 40
3.5
  0
CIRCLE
  5
9C8
100
AcDbEntity
  8
Acrylic_05_MM_0_TOP
  6
ByLayer
 62
  256
370
   -1
100
AcDbCircle
 10
75.2
 20
-117
 40
3.5
  0
CIRCLE
  5
9C9
100
AcDbEntity
  8
Acrylic_05_MM_0_TOP
  6
ByLayer
 62
  256
370
   -1
100
AcDbCircle
 10
37.1
 20
-117
 40
3.5
  0
CIRCLE
  5
9CA
100
AcDbEntity
  8
Acrylic_05_MM_0_TOP
  6
ByLayer
 62
  256
370
   -1
100
AcDbCircle
 10
-1.000000000000008
 20
-117
 40
3.5
  0
CIRCLE
  5
9CB
100
AcDbEntity
  8
Acrylic_05_MM_0_TOP
  6
ByLayer
 62
  256
370
   -1
100
AcDbCircle
 10
-21.84969999999451
 20
-151.4018000000086
 40
1.5
  0
CIRCLE
  5
9CC
100
AcDbEntity
  8
Acrylic_05_MM_0_TOP
  6
ByLayer
 62
  256
370
   -1
100
AcDbCircle
 10
-21.89970000000864
 20
-207.2650000000086
 40
1.5
  0
CIRCLE
  5
9CD
100
AcDbEntity
  8
Acrylic_05_MM_0_TOP
  6
ByLayer
 62
  256
370
   -1
100
AcDbCircle
 10
133.0903000000055
 20
-207.2650000000086
 40
1.5
  0
CIRCLE
  5
9CE
100
AcDbEntity
  8
Acrylic_05_MM_0_TOP
  6
ByLayer
 62
  256
370
   -1
100
AcDbCircle
 10
133.0903000000055
 20
-151.4018000000086
 40
1.5
  0
LWPOLYLINE
  5
9CF
100
AcDbEntity
  8
Acrylic_05_MM_0_TOP
  6
ByLayer
 62
  256
370
   -1
100
AcDbPolyline
 90
    4
 70
    1
 43
0
 10
-15.12190000000862
 20
-206.2818000000086
 10
-7.121900000008623
 20
-206.2818000000086
 10
-7.121900000008623
 20
-208.2818000000086
 10
-15.12190000000862
 20
-208.2818000000086
  0
LWPOLYLINE
  5
9D0
100
AcDbEntity
  8
Acrylic_05_MM_0_TOP
  6
ByLayer
 62
  256
370
   -1
100
AcDbPolyline
 90
    4
 70
    1
 43
0
 10
3.928099999991389
 20
-206.2818000000086
 10
11.92809999999139
 20
-206.2818000000086
 10
11.92809999999139
 20
-208.2818000000086
 10
3.928099999991389
 20
-208.2818000000086
  0
LWPOLYLINE
  5
9D1
100
AcDbEntity
  8
Acrylic_05_MM_0_TOP
  6
ByLayer
 62
  256
370
   -1
100
AcDbPolyline
 90
    4
 70
    1
 43
0
 10
22.9780999999914
 20
-206.2818000000086
 10
30.9780999999914
 20
-206.2818000000086
 10
30.9780999999914
 20
-208.2818000000086
 10
22.9780999999914
 20
-208.2818000000086
  0
LWPOLYLINE
  5
9D2
100
AcDbEntity
  8
Acrylic_05_MM_0_TOP
  6
ByLayer
 62
  256
370
   -1
100
AcDbPolyline
 90
    4
 70
    1
 43
0
 10
42.02809999999141
 20
-206.2818000000086
 10
50.02809999999141
 20
-206.2818000000086
 10
50.02809999999141
 20
-208.2818000000086
 10
42.02809999999141
 20
-208.2818000000086
  0
LWPOLYLINE
  5
9D3
100
AcDbEntity
  8
Acrylic_05_MM_0_TOP
  6
ByLayer
 62
  256
370
   -1
100
AcDbPolyline
 90
    4
 70
    1
 43
0
 10
61.07809999999142
 20
-206.2818000000086
 10
69.07809999999142
 20
-206.2818000000086
 10
69.07809999999142
 20
-208.2818000000086
 10
61.07809999999142
 20
-208.2818000000086
  0
LWPOLYLINE
  5
9D4
100
AcDbEntity
  8
Acrylic_05_MM_0_TOP
  6
ByLayer
 62
  256
370
   -1
100
AcDbPolyline
 90
    4
 70
    1
 43
0
 10
80.12809999999143
 20
-206.2818000000086
 10
88.12809999999143
 20
-206.2818000000086
 10
88.12809999999143
 20
-208.2818000000086
 10
80.12809999999143
 20
-208.2818000000086
  0
LWPOLYLINE
  5
9D5
100
AcDbEntity
  8
Acrylic_05_MM_0_TOP
  6
ByLayer
 62
  256
370
   -1
100
AcDbPolyline
 90
    4
 70
    1
 43
0
 10
99.17809999999145
 20
-206.2818000000086
 10
107.1780999999914
 20
-206.2818000000086
 10
107.1780999999914
 20
-208.2818000000086
 10
99.17809999999145
 20
-208.2818000000086
  0
LWPOLYLINE
  5
9D6
100
AcDbEntity
  8
Acrylic_05_MM_0_TOP
  6
ByLayer
 62
  256
370
   -1
100
AcDbPolyline
 90
    4
 70
    1
 43
0
 10
118.2280999999915
 20
-206.2818000000086
 10
126.2280999999915
 20
-206.2818000000086
 10
126.2280999999915
 20
-208.2818000000086
 10
118.2280999999915
 20
-208.2818000000086
  0
LWPOLYLINE
  5
9D7
100
AcDbEntity
  8
Acrylic_05_MM_0_TOP
  6
ByLayer
 62
  256
370
   -1
100
AcDbPolyline
 90
    4
 70
    1
 43
0
 10
-15.08750000000869
 20
-150.4018000000086
 10
-7.087500000008693
 20
-150.4018000000086
 10
-7.087500000008693
 20
-152.4018000000086
 10
-15.08750000000869
 20
-152.4018000000086
  0
LWPOLYLINE
  5
9D8
100
AcDbEntity
  8
Acrylic_05_MM_0_TOP
  6
ByLayer
 62
  256
370
   -1
100
AcDbPolyline
 90
    4
 70
    1
 43
0
 10
3.962499999991319
 20
-150.4018000000086
 10
11.96249999999132
 20
-150.4018000000086
 10
11.96249999999132
 20
-152.4018000000086
 10
3.962499999991319
 20
-152.4018000000086
  0
LWPOLYLINE
  5
9D9
100
AcDbEntity
  8
Acrylic_05_MM_0_TOP
  6
ByLayer
 62
  256
370
   -1
100
AcDbPolyline
 90
    4
 70
    1
 43
0
 10
23.01249999999133
 20
-150.4018000000086
 10
31.01249999999133
 20
-150.4018000000086
 10
31.01249999999133
 20
-152.4018000000086
 10
23.01249999999133
 20
-152.4018000000086
  0
LWPOLYLINE
  5
9DA
100
AcDbEntity
  8
Acrylic_05_MM_0_TOP
  6
ByLayer
 62
  256
370
   -1
100
AcDbPolyline
 90
    4
 70
    1
 43
0
 10
42.06249999999135
 20
-150.4018000000086
 10
50.06249999999135
 20
-150.4018000000086
 10
50.06249999999135
 20
-152.4018000000086
 10
42.06249999999135
 20
-152.4018000000086
  0
LWPOLYLINE
  5
9DB
100
AcDbEntity
  8
Acrylic_05_MM_0_TOP
  6
ByLayer
 62
  256
370
   -1
100
AcDbPolyline
 90
    4
 70
    1
 43
0
 10
61.11249999999136
 20
-150.4018000000086
 10
69.11249999999136
 20
-150.4018000000086
 10
69.11249999999136
 20
-152.4018000000086
 10
61.11249999999136
 20
-152.4018000000086
  0
LWPOLYLINE
  5
9DC
100
AcDbEntity
  8
Acrylic_05_MM_0_TOP
  6
ByLayer
 62
  256
370
   -1
100
AcDbPolyline
 90
    4
 70
    1
 43
0
 10
80.16249999999137
 20
-150.4018000000086
 10
88.16249999999137
 20
-150.4018000000086
 10
88.16249999999137
 20
-152.4018000000086
 10
80.16249999999137
 20
-152.4018000000086
  0
LWPOLYLINE
  5
9DD
100
AcDbEntity
  8
Acrylic_05_MM_0_TOP
  6
ByLayer
 62
  256
370
   -1
100
AcDbPolyline
 90
    4
 70
    1
 43
0
 10
99.21249999999138
 20
-150.4018000000086
 10
107.2124999999914
 20
-150.4018000000086
 10
107.2124999999914
 20
-152.4018000000086
 10
99.21249999999138
 20
-152.4018000000086
  0
LWPOLYLINE
  5
9DE
100
AcDbEntity
  8
Acrylic_05_MM_0_TOP
  6
ByLayer
 62
  256
370
   -1
100
AcDbPolyline
 90
    4
 70
    1
 43
0
 10
118.2624999999914
 20
-150.4018000000086
 10
126.2624999999914
 20
-150.4018000000086
 10
126.2624999999914
 20
-152.4018000000086
 10
118.2624999999914
 20
-152.4018000000086
  0
CIRCLE
  5
9DF
100
AcDbEntity
  8
Acrylic_05_MM_0_TOP
  6
ByLayer
 62
  256
370
   -1
100
AcDbCircle
 10
-95.6981999999914
 20
-137.8496999999945
 40
1.5
  0
CIRCLE
  5
9E0
100
AcDbEntity
  8
Acrylic_05_MM_0_TOP
  6
ByLayer
 62
  256
370
   -1
100
AcDbCircle
 10
-39.8349999999914
 20
-137.8997000000086
 40
1.5
  0
CIRCLE
  5
9E1
100
AcDbEntity
  8
Acrylic_05_MM_0_TOP
  6
ByLayer
 62
  256
370
   -1
100
AcDbCircle
 10
-39.8349999999914
 20
17.0903000000055
 40
1.5
  0
CIRCLE
  5
9E2
100
AcDbEntity
  8
Acrylic_05_MM_0_TOP
  6
ByLayer
 62
  256
370
   -1
100
AcDbCircle
 10
-95.6981999999914
 20
17.0903000000055
 40
1.5
  0
LWPOLYLINE
  5
9E3
100
AcDbEntity
  8
Acrylic_05_MM_0_TOP
  6
ByLayer
 62
  256
370
   -1
100
AcDbPolyline
 90
    4
 70
    1
 43
0
 10
-40.81819999999141
 20
-131.1219000000086
 10
-40.81819999999141
 20
-123.1219000000086
 10
-38.81819999999141
 20
-123.1219000000086
 10
-38.81819999999141
 20
-131.1219000000086
  0
LWPOLYLINE
  5
9E4
100
AcDbEntity
  8
Acrylic_05_MM_0_TOP
  6
ByLayer
 62
  256
370
   -1
100
AcDbPolyline
 90
    4
 70
    1
 43
0
 10
-40.81819999999141
 20
-112.0719000000086
 10
-40.81819999999141
 20
-104.0719000000086
 10
-38.81819999999141
 20
-104.0719000000086
 10
-38.81819999999141
 20
-112.0719000000086
  0
LWPOLYLINE
  5
9E5
100
AcDbEntity
  8
Acrylic_05_MM_0_TOP
  6
ByLayer
 62
  256
370
   -1
100
AcDbPolyline
 90
    4
 70
    1
 43
0
 10
-40.81819999999141
 20
-93.0219000000086
 10
-40.81819999999141
 20
-85.0219000000086
 10
-38.81819999999141
 20
-85.0219000000086
 10
-38.81819999999141
 20
-93.0219000000086
  0
LWPOLYLINE
  5
9E6
100
AcDbEntity
  8
Acrylic_05_MM_0_TOP
  6
ByLayer
 62
  256
370
   -1
100
AcDbPolyline
 90
    4
 70
    1
 43
0
 10
-40.81819999999141
 20
-73.97190000000859
 10
-40.81819999999141
 20
-65.97190000000859
 10
-38.81819999999141
 20
-65.97190000000859
 10
-38.81819999999141
 20
-73.97190000000859
  0
LWPOLYLINE
  5
9E7
100
AcDbEntity
  8
Acrylic_05_MM_0_TOP
  6
ByLayer
 62
  256
370
   -1
100
AcDbPolyline
 90
    4
 70
    1
 43
0
 10
-40.81819999999141
 20
-54.92190000000858
 10
-40.81819999999141
 20
-46.92190000000858
 10
-38.81819999999141
 20
-46.92190000000858
 10
-38.81819999999141
 20
-54.92190000000858
  0
LWPOLYLINE
  5
9E8
100
AcDbEntity
  8
Acrylic_05_MM_0_TOP
  6
ByLayer
 62
  256
370
   -1
100
AcDbPolyline
 90
    4
 70
    1
 43
0
 10
-40.81819999999141
 20
-35.87190000000857
 10
-40.81819999999141
 20
-27.87190000000857
 10
-38.81819999999141
 20
-27.87190000000857
 10
-38.81819999999141
 20
-35.87190000000857
  0
LWPOLYLINE
  5
9E9
100
AcDbEntity
  8
Acrylic_05_MM_0_TOP
  6
ByLayer
 62
  256
370
   -1
100
AcDbPolyline
 90
    4
 70
    1
 43
0
 10
-40.81819999999141
 20
-16.82190000000855
 10
-40.81819999999141
 20
-8.821900000008611
 10
-38.81819999999141
 20
-8.821900000008611
 10
-38.81819999999141
 20
-16.82190000000855
  0
LWPOLYLINE
  5
9EA
100
AcDbEntity
  8
Acrylic_05_MM_0_TOP
  6
ByLayer
 62
  256
370
   -1
100
AcDbPolyline
 90
    4
 70
    1
 43
0
 10
-40.81819999999141
 20
2.228099999991514
 10
-40.81819999999141
 20
10.22809999999151
 10
-38.81819999999141
 20
10.22809999999151
 10
-38.81819999999141
 20
2.228099999991514
  0
LWPOLYLINE
  5
9EB
100
AcDbEntity
  8
Acrylic_05_MM_0_TOP
  6
ByLayer
 62
  256
370
   -1
100
AcDbPolyline
 90
    4
 70
    1
 43
0
 10
-96.6981999999914
 20
-131.0875000000087
 10
-96.6981999999914
 20
-123.0875000000087
 10
-94.6981999999914
 20
-123.0875000000087
 10
-94.6981999999914
 20
-131.0875000000087
  0
LWPOLYLINE
  5
9EC
100
AcDbEntity
  8
Acrylic_05_MM_0_TOP
  6
ByLayer
 62
  256
370
   -1
100
AcDbPolyline
 90
    4
 70
    1
 43
0
 10
-96.6981999999914
 20
-112.0375000000087
 10
-96.6981999999914
 20
-104.0375000000087
 10
-94.6981999999914
 20
-104.0375000000087
 10
-94.6981999999914
 20
-112.0375000000087
  0
LWPOLYLINE
  5
9ED
100
AcDbEntity
  8
Acrylic_05_MM_0_TOP
  6
ByLayer
 62
  256
370
   -1
100
AcDbPolyline
 90
    4
 70
    1
 43
0
 10
-96.6981999999914
 20
-92.98750000000865
 10
-96.6981999999914
 20
-84.98750000000865
 10
-94.6981999999914
 20
-84.98750000000865
 10
-94.6981999999914
 20
-92.98750000000865
  0
LWPOLYLINE
  5
9EE
100
AcDbEntity
  8
Acrylic_05_MM_0_TOP
  6
ByLayer
 62
  256
370
   -1
100
AcDbPolyline
 90
    4
 70
    1
 43
0
 10
-96.6981999999914
 20
-73.93750000000864
 10
-96.6981999999914
 20
-65.93750000000864
 10
-94.6981999999914
 20
-65.93750000000864
 10
-94.6981999999914
 20
-73.93750000000864
  0
LWPOLYLINE
  5
9EF
100
AcDbEntity
  8
Acrylic_05_MM_0_TOP
  6
ByLayer
 62
  256
370
   -1
100
AcDbPolyline
 90
    4
 70
    1
 43
0
 10
-96.6981999999914
 20
-54.88750000000863
 10
-96.6981999999914
 20
-46.88750000000863
 10
-94.6981999999914
 20
-46.88750000000863
 10
-94.6981999999914
 20
-54.88750000000863
  0
LWPOLYLINE
  5
9F0
100
AcDbEntity
  8
Acrylic_05_MM_0_TOP
  6
ByLayer
 62
  256
370
   -1
100
AcDbPolyline
 90
    4
 70
    1
 43
0
 10
-96.6981999999914
 20
-35.83750000000862
 10
-96.6981999999914
 20
-27.83750000000862
 10
-94.6981999999914
 20
-27.83750000000862
 10
-94.6981999999914
 20
-35.83750000000862
  0
LWPOLYLINE
  5
9F1
100
AcDbEntity
  8
Acrylic_05_MM_0_TOP
  6
ByLayer
 62
  256
370
   -1
100
AcDbPolyline
 90
    4
 70
    1
 43
0
 10
-96.6981999999914
 20
-16.78750000000861
 10
-96.6981999999914
 20
-8.787500000008606
 10
-94.6981999999914
 20
-8.787500000008606
 10
-94.6981999999914
 20
-16.78750000000861
  0
LWPOLYLINE
  5
9F2
100
AcDbEntity
  8
Acrylic_05_MM_0_TOP
  6
ByLayer
 62
  256
370
   -1
100
AcDbPolyline
 90
    4
 70
    1
 43
0
 10
-96.6981999999914
 20
2.262499999991405
 10
-96.6981999999914
 20
10.26249999999141
 10
-94.6981999999914
 20
10.26249999999141
 10
-94.6981999999914
 20
2.262499999991405
  0
LWPOLYLINE
  5
9F3
100
AcDbEntity
  8
Acrylic_05_MM_0_TOP
  6
ByLayer
 62
  256
370
   -1
100
AcDbPolyline
 90
    4
 70
    1
 43
0
 10
-145
 20
70
 10
175
 20
70
 10
175
 20
-250
 10
-145
 20
-250
  0
LWPOLYLINE
  5
9F4
100
AcDbEntity
  8
Acrylic_05_MM_0_TOP
  6
ByLayer
 62
  256
370
   -1
100
AcDbPolyline
 90
    4
 70
    1
 43
0
 10
-100
 20
50
 10
-70
 20
50
 10
-70
 20
55
 10
-100
 20
55
  0
LWPOLYLINE
  5
9F5
100
AcDbEntity
  8
Acrylic_05_MM_0_TOP
  6
ByLayer
 62
  256
370
   -1
100
AcDbPolyline
 90
    4
 70
    1
 43
0
 10
-30
 20
50
 10
0
 20
50
 10
0
 20
55
 10
-30
 20
55
  0
LWPOLYLINE
  5
9F6
100
AcDbEntity
  8
Acrylic_05_MM_0_TOP
  6
ByLayer
 62
  256
370
   -1
100
AcDbPolyline
 90
    4
 70
    1
 43
0
 10
30
 20
50
 10
60
 20
50
 10
60
 20
55
 10
30
 20
55
  0
LWPOLYLINE
  5
9F7
100
AcDbEntity
  8
Acrylic_05_MM_0_TOP
  6
ByLayer
 62
  256
370
   -1
100
AcDbPolyline
 90
    4
 70
    1
 43
0
 10
100
 20
50
 10
130
 20
50
 10
130
 20
55
 10
100
 20
55
  0
CIRCLE
  5
9F8
100
AcDbEntity
  8
Acrylic_05_MM_0_TOP
  6
ByLayer
 62
  256
370
   -1
100
AcDbCircle
 10
-120
 20
-85
 40
1.5
  0
LWPOLYLINE
  5
9F9
100
AcDbEntity
  8
Acrylic_05_MM_0_TOP
  6
ByLayer
 62
  256
370
   -1
100
AcDbPolyline
 90
    4
 70
    1
 43
0
 10
-130
 20
20
 10
-125
 20
20
 10
-125
 20
-10
 10
-130
 20
-10
  0
LWPOLYLINE
  5
9FA
100
AcDbEntity
  8
Acrylic_05_MM_0_TOP
  6
ByLayer
 62
  256
370
   -1
100
AcDbPolyline
 90
    4
 70
    1
 43
0
 10
-130
 20
-40
 10
-125
 20
-40
 10
-125
 20
-70
 10
-130
 20
-70
  0
LWPOLYLINE
  5
9FB
100
AcDbEntity
  8
Acrylic_05_MM_0_TOP
  6
ByLayer
 62
  256
370
   -1
100
AcDbPolyline
 90
    4
 70
    1
 43
0
 10
-130
 20
-100
 10
-125
 20
-100
 10
-125
 20
-130
 10
-130
 20
-130
  0
LWPOLYLINE
  5
9FC
100
AcDbEntity
  8
Acrylic_05_MM_0_TOP
  6
ByLayer
 62
  256
370
   -1
100
AcDbPolyline
 90
    4
 70
    1
 43
0
 10
-130
 20
-160
 10
-125
 20
-160
 10
-125
 20
-190
 10
-130
 20
-190
  0
CIRCLE
  5
9FD
100
AcDbEntity
  8
Acrylic_05_MM_0_TOP
  6
ByLayer
 62
  256
370
   -1
100
AcDbCircle
 10
-120
 20
45
 40
1.5
  0
CIRCLE
  5
9FE
100
AcDbEntity
  8
Acrylic_05_MM_0_TOP
  6
ByLayer
 62
  256
370
   -1
100
AcDbCircle
 10
150
 20
-85
 40
1.5
  0
LWPOLYLINE
  5
9FF
100
AcDbEntity
  8
Acrylic_05_MM_0_TOP
  6
ByLayer
 62
  256
370
   -1
100
AcDbPolyline
 90
    4
 70
    1
 43
0
 10
155
 20
20
 10
160
 20
20
 10
160
 20
-10
 10
155
 20
-10
  0
LWPOLYLINE
  5
A00
100
AcDbEntity
  8
Acrylic_05_MM_0_TOP
  6
ByLayer
 62
  256
370
   -1
100
AcDbPolyline
 90
    4
 70
    1
 43
0
 10
155
 20
-40
 10
160
 20
-40
 10
160
 20
-70
 10
155
 20
-70
  0
LWPOLYLINE
  5
A01
100
AcDbEntity
  8
Acrylic_05_MM_0_TOP
  6
ByLayer
 62
  256
370
   -1
100
AcDbPolyline
 90
    4
 70
    1
 43
0
 10
155
 20
-100
 10
160
 20
-100
 10
160
 20
-130
 10
155
 20
-130
  0
LWPOLYLINE
  5
A02
100
AcDbEntity
  8
Acrylic_05_MM_0_TOP
  6
ByLayer
 62
  256
370
   -1
100
AcDbPolyline
 90
    4
 70
    1
 43
0
 10
155
 20
-160
 10
160
 20
-160
 10
160
 20
-190
 10
155
 20
-190
  0
CIRCLE
  5
A03
100
AcDbEntity
  8
Acrylic_05_MM_0_TOP
  6
ByLayer
 62
  256
370
   -1
100
AcDbCircle
 10
150
 20
45
 40
1.5
  0
CIRCLE
  5
A04
100
AcDbEntity
  8
Acrylic_05_MM_0_TOP
  6
ByLayer
 62
  256
370
   -1
100
AcDbCircle
 10
15
 20
-225
 40
1.5
  0
LWPOLYLINE
  5
A05
100
AcDbEntity
  8
Acrylic_05_MM_0_TOP
  6
ByLayer
 62
  256
370
   -1
100
AcDbPolyline
 90
    4
 70
    1
 43
0
 10
-100
 20
-235
 10
-70
 20
-235
 10
-70
 20
-230
 10
-100
 20
-230
  0
LWPOLYLINE
  5
A06
100
AcDbEntity
  8
Acrylic_05_MM_0_TOP
  6
ByLayer
 62
  256
370
   -1
100
AcDbPolyline
 90
    4
 70
    1
 43
0
 10
-30
 20
-235
 10
0
 20
-235
 10
0
 20
-230
 10
-30
 20
-230
  0
LWPOLYLINE
  5
A07
100
AcDbEntity
  8
Acrylic_05_MM_0_TOP
  6
ByLayer
 62
  256
370
   -1
100
AcDbPolyline
 90
    4
 70
    1
 43
0
 10
100
 20
-235
 10
130
 20
-235
 10
130
 20
-230
 10
100
 20
-230
  0
LWPOLYLINE
  5
A08
100
AcDbEntity
  8
Acrylic_05_MM_0_TOP
  6
ByLayer
 62
  256
370
   -1
100
AcDbPolyline
 90
    4
 70
    1
 43
0
 10
30
 20
-235
 10
60
 20
-235
 10
60
 20
-230
 10
30
 20
-230
  0
CIRCLE
  5
A09
100
AcDbEntity
  8
Acrylic_05_MM_0_TOP
  6
ByLayer
 62
  256
370
   -1
100
AcDbCircle
 10
-120
 20
-225
 40
1.5
  0
CIRCLE
  5
A0A
100
AcDbEntity
  8
Acrylic_05_MM_0_TOP
  6
ByLayer
 62
  256
370
   -1
100
AcDbCircle
 10
150
 20
-225
 40
1.5
  0
LINE
  5
A0B
100
AcDbEntity
  8
Acrylic_05_MM_SIDES
  6
ByLayer
 62
  256
370
   -1
100
AcDbLine
 10
210
 20
20
 11
205
 21
20
  0
LINE
  5
A0C
100
AcDbEntity
  8
Acrylic_05_MM_SIDES
  6
ByLayer
 62
  256
370
   -1
100
AcDbLine
 10
205
 20
20
 11
205
 21
-10
  0
LINE
  5
A0D
100
AcDbEntity
  8
Acrylic_05_MM_SIDES
  6
ByLayer
 62
  256
370
   -1
100
AcDbLine
 10
205
 20
-10
 11
210
 21
-10
  0
LINE
  5
A0E
100
AcDbEntity
  8
Acrylic_05_MM_SIDES
  6
ByLayer
 62
  256
370
   -1
100
AcDbLine
 10
210
 20
-10
 11
210
 21
-40
  0
LINE
  5
A0F
100
AcDbEntity
  8
Acrylic_05_MM_SIDES
  6
ByLayer
 62
  256
370
   -1
100
AcDbLine
 10
210
 20
-40
 11
205
 21
-40
  0
LINE
  5
A10
100
AcDbEntity
  8
Acrylic_05_MM_SIDES
  6
ByLayer
 62
  256
370
   -1
100
AcDbLine
 10
205
 20
-40
 11
205
 21
-70
  0
LINE
  5
A11
100
AcDbEntity
  8
Acrylic_05_MM_SIDES
  6
ByLayer
 62
  256
370
   -1
100
AcDbLine
 10
205
 20
-70
 11
210
 21
-70
  0
LINE
  5
A12
100
AcDbEntity
  8
Acrylic_05_MM_SIDES
  6
ByLayer
 62
  256
370
   -1
100
AcDbLine
 10
210
 20
-70
 11
210
 21
-100
  0
LINE
  5
A13
100
AcDbEntity
  8
Acrylic_05_MM_SIDES
  6
ByLayer
 62
  256
370
   -1
100
AcDbLine
 10
210
 20
-100
 11
205
 21
-100
  0
LINE
  5
A14
100
AcDbEntity
  8
Acrylic_05_MM_SIDES
  6
ByLayer
 62
  256
370
   -1
100
AcDbLine
 10
205
 20
-100
 11
205
 21
-130
  0
LINE
  5
A15
100
AcDbEntity
  8
Acrylic_05_MM_SIDES
  6
ByLayer
 62
  256
370
   -1
100
AcDbLine
 10
205
 20
-130
 11
210
 21
-130
  0
LINE
  5
A16
100
AcDbEntity
  8
Acrylic_05_MM_SIDES
  6
ByLayer
 62
  256
370
   -1
100
AcDbLine
 10
210
 20
-130
 11
210
 21
-160
  0
LINE
  5
A17
100
AcDbEntity
  8
Acrylic_05_MM_SIDES
  6
ByLayer
 62
  256
370
   -1
100
AcDbLine
 10
210
 20
-160
 11
205
 21
-160
  0
LINE
  5
A18
100
AcDbEntity
  8
Acrylic_05_MM_SIDES
  6
ByLayer
 62
  256
370
   -1
100
AcDbLine
 10
205
 20
-160
 11
205
 21
-190
  0
LINE
  5
A19
100
AcDbEntity
  8
Acrylic_05_MM_SIDES
  6
ByLayer
 62
  256
370
   -1
100
AcDbLine
 10
205
 20
-190
 11
210
 21
-190
  0
LINE
  5
A1A
100
AcDbEntity
  8
Acrylic_05_MM_SIDES
  6
ByLayer
 62
  256
370
   -1
100
AcDbLine
 10
260
 20
-160
 11
260
 21
-130
  0
LINE
  5
A1B
100
AcDbEntity
  8
Acrylic_05_MM_SIDES
  6
ByLayer
 62
  256
370
   -1
100
AcDbLine
 10
260
 20
-100
 11
260
 21
-70
  0
LINE
  5
A1C
100
AcDbEntity
  8
Acrylic_05_MM_SIDES
  6
ByLayer
 62
  256
370
   -1
100
AcDbLine
 10
260
 20
-40
 11
260
 21
-10
  0
LINE
  5
A1D
100
AcDbEntity
  8
Acrylic_05_MM_SIDES
  6
ByLayer
 62
  256
370
   -1
100
AcDbLine
 10
300
 20
20
 11
295
 21
20
  0
LINE
  5
A1E
100
AcDbEntity
  8
Acrylic_05_MM_SIDES
  6
ByLayer
 62
  256
370
   -1
100
AcDbLine
 10
295
 20
20
 11
295
 21
-10
  0
LINE
  5
A1F
100
AcDbEntity
  8
Acrylic_05_MM_SIDES
  6
ByLayer
 62
  256
370
   -1
100
AcDbLine
 10
295
 20
-10
 11
300
 21
-10
  0
LINE
  5
A20
100
AcDbEntity
  8
Acrylic_05_MM_SIDES
  6
ByLayer
 62
  256
370
   -1
100
AcDbLine
 10
300
 20
-10
 11
300
 21
-40
  0
LINE
  5
A21
100
AcDbEntity
  8
Acrylic_05_MM_SIDES
  6
ByLayer
 62
  256
370
   -1
100
AcDbLine
 10
300
 20
-40
 11
295
 21
-40
  0
LINE
  5
A22
100
AcDbEntity
  8
Acrylic_05_MM_SIDES
  6
ByLayer
 62
  256
370
   -1
100
AcDbLine
 10
295
 20
-40
 11
295
 21
-70
  0
LINE
  5
A23
100
AcDbEntity
  8
Acrylic_05_MM_SIDES
  6
ByLayer
 62
  256
370
   -1
100
AcDbLine
 10
295
 20
-70
 11
300
 21
-70
  0
LINE
  5
A24
100
AcDbEntity
  8
Acrylic_05_MM_SIDES
  6
ByLayer
 62
  256
370
   -1
100
AcDbLine
 10
300
 20
-70
 11
300
 21
-100
  0
LINE
  5
A25
100
AcDbEntity
  8
Acrylic_05_MM_SIDES
  6
ByLayer
 62
  256
370
   -1
100
AcDbLine
 10
300
 20
-100
 11
295
 21
-100
  0
LINE
  5
A26
100
AcDbEntity
  8
Acrylic_05_MM_SIDES
  6
ByLayer
 62
  256
370
   -1
100
AcDbLine
 10
295
 20
-100
 11
295
 21
-130
  0
LINE
  5
A27
100
AcDbEntity
  8
Acrylic_05_MM_SIDES
  6
ByLayer
 62
  256
370
   -1
100
AcDbLine
 10
295
 20
-130
 11
300
 21
-130
  0
LINE
  5
A28
100
AcDbEntity
  8
Acrylic_05_MM_SIDES
  6
ByLayer
 62
  256
370
   -1
100
AcDbLine
 10
300
 20
-130
 11
300
 21
-160
  0
LINE
  5
A29
100
AcDbEntity
  8
Acrylic_05_MM_SIDES
  6
ByLayer
 62
  256
370
   -1
100
AcDbLine
 10
300
 20
-160
 11
295
 21
-160
  0
LINE
  5
A2A
100
AcDbEntity
  8
Acrylic_05_MM_SIDES
  6
ByLayer
 62
  256
370
   -1
100
AcDbLine
 10
295
 20
-160
 11
295
 21
-190
  0
LINE
  5
A2B
100
AcDbEntity
  8
Acrylic_05_MM_SIDES
  6
ByLayer
 62
  256
370
   -1
100
AcDbLine
 10
295
 20
-190
 11
300
 21
-190
  0
LINE
  5
A2C
100
AcDbEntity
  8
Acrylic_05_MM_SIDES
  6
ByLayer
 62
  256
370
   -1
100
AcDbLine
 10
-100
 20
195
 11
-100
 21
190
  0
LINE
  5
A2D
100
AcDbEntity
  8
Acrylic_05_MM_SIDES
  6
ByLayer
 62
  256
370
   -1
100
AcDbLine
 10
-100
 20
190
 11
-70
 21
190
  0
LINE
  5
A2E
100
AcDbEntity
  8
Acrylic_05_MM_SIDES
  6
ByLayer
 62
  256
370
   -1
100
AcDbLine
 10
-70
 20
190
 11
-70
 21
195
  0
LINE
  5
A2F
100
AcDbEntity
  8
Acrylic_05_MM_SIDES
  6
ByLayer
 62
  256
370
   -1
100
AcDbLine
 10
-70
 20
195
 11
-30
 21
195
  0
LINE
  5
A30
100
AcDbEntity
  8
Acrylic_05_MM_SIDES
  6
ByLayer
 62
  256
370
   -1
100
AcDbLine
 10
-30
 20
195
 11
-30
 21
190
  0
LINE
  5
A31
100
AcDbEntity
  8
Acrylic_05_MM_SIDES
  6
ByLayer
 62
  256
370
   -1
100
AcDbLine
 10
-30
 20
190
 11
3.367778697655221e-15
 21
190
  0
LINE
  5
A32
100
AcDbEntity
  8
Acrylic_05_MM_SIDES
  6
ByLayer
 62
  256
370
   -1
100
AcDbLine
 10
3.367778697655221e-15
 20
190
 11
3.673940397442059e-15
 21
195
  0
LINE
  5
A33
100
AcDbEntity
  8
Acrylic_05_MM_SIDES
  6
ByLayer
 62
  256
370
   -1
100
AcDbLine
 10
3.673940397442059e-15
 20
195
 11
30
 21
195
  0
LINE
  5
A34
100
AcDbEntity
  8
Acrylic_05_MM_SIDES
  6
ByLayer
 62
  256
370
   -1
100
AcDbLine
 10
30
 20
195
 11
30
 21
190
  0
LINE
  5
A35
100
AcDbEntity
  8
Acrylic_05_MM_SIDES
  6
ByLayer
 62
  256
370
   -1
100
AcDbLine
 10
30
 20
190
 11
60
 21
190
  0
LINE
  5
A36
100
AcDbEntity
  8
Acrylic_05_MM_SIDES
  6
ByLayer
 62
  256
370
   -1
100
AcDbLine
 10
60
 20
190
 11
60
 21
195
  0
LINE
  5
A37
100
AcDbEntity
  8
Acrylic_05_MM_SIDES
  6
ByLayer
 62
  256
370
   -1
100
AcDbLine
 10
60
 20
195
 11
100
 21
195
  0
LINE
  5
A38
100
AcDbEntity
  8
Acrylic_05_MM_SIDES
  6
ByLayer
 62
  256
370
   -1
100
AcDbLine
 10
100
 20
195
 11
100
 21
190
  0
LINE
  5
A39
100
AcDbEntity
  8
Acrylic_05_MM_SIDES
  6
ByLayer
 62
  256
370
   -1
100
AcDbLine
 10
100
 20
190
 11
130
 21
190
  0
LINE
  5
A3A
100
AcDbEntity
  8
Acrylic_05_MM_SIDES
  6
ByLayer
 62
  256
370
   -1
100
AcDbLine
 10
130
 20
190
 11
130
 21
195
  0
LINE
  5
A3B
100
AcDbEntity
  8
Acrylic_05_MM_SIDES
  6
ByLayer
 62
  256
370
   -1
100
AcDbLine
 10
100
 20
245
 11
60
 21
245
  0
LINE
  5
A3C
100
AcDbEntity
  8
Acrylic_05_MM_SIDES
  6
ByLayer
 62
  256
370
   -1
100
AcDbLine
 10
30
 20
245
 11
6.735557395310443e-15
 21
245
  0
LINE
  5
A3D
100
AcDbEntity
  8
Acrylic_05_MM_SIDES
  6
ByLayer
 62
  256
370
   -1
100
AcDbLine
 10
-30
 20
245
 11
-70
 21
245
  0
LINE
  5
A3E
100
AcDbEntity
  8
Acrylic_05_MM_SIDES
  6
ByLayer
 62
  256
370
   -1
100
AcDbLine
 10
-100
 20
100
 11
-100
 21
95
  0
LINE
  5
A3F
100
AcDbEntity
  8
Acrylic_05_MM_SIDES
  6
ByLayer
 62
  256
370
   -1
100
AcDbLine
 10
-100
 20
95
 11
-70
 21
95
  0
LINE
  5
A40
100
AcDbEntity
  8
Acrylic_05_MM_SIDES
  6
ByLayer
 62
  256
370
   -1
100
AcDbLine
 10
-70
 20
95
 11
-70
 21
100
  0
LINE
  5
A41
100
AcDbEntity
  8
Acrylic_05_MM_SIDES
  6
ByLayer
 62
  256
370
   -1
100
AcDbLine
 10
-70
 20
100
 11
-30
 21
100
  0
LINE
  5
A42
100
AcDbEntity
  8
Acrylic_05_MM_SIDES
  6
ByLayer
 62
  256
370
   -1
100
AcDbLine
 10
-30
 20
100
 11
-30
 21
95
  0
LINE
  5
A43
100
AcDbEntity
  8
Acrylic_05_MM_SIDES
  6
ByLayer
 62
  256
370
   -1
100
AcDbLine
 10
-30
 20
95
 11
3.367778697655221e-15
 21
95
  0
LINE
  5
A44
100
AcDbEntity
  8
Acrylic_05_MM_SIDES
  6
ByLayer
 62
  256
370
   -1
100
AcDbLine
 10
3.367778697655221e-15
 20
95
 11
3.673940397442059e-15
 21
100
  0
LINE
  5
A45
100
AcDbEntity
  8
Acrylic_05_MM_SIDES
  6
ByLayer
 62
  256
370
   -1
100
AcDbLine
 10
3.673940397442059e-15
 20
100
 11
30
 21
100
  0
LINE
  5
A46
100
AcDbEntity
  8
Acrylic_05_MM_SIDES
  6
ByLayer
 62
  256
370
   -1
100
AcDbLine
 10
30
 20
100
 11
30
 21
95
  0
LINE
  5
A47
100
AcDbEntity
  8
Acrylic_05_MM_SIDES
  6
ByLayer
 62
  256
370
   -1
100
AcDbLine
 10
30
 20
95
 11
60
 21
95
  0
LINE
  5
A48
100
AcDbEntity
  8
Acrylic_05_MM_SIDES
  6
ByLayer
 62
  256
370
   -1
100
AcDbLine
 10
60
 20
95
 11
60
 21
100
  0
LINE
  5
A49
100
AcDbEntity
  8
Acrylic_05_MM_SIDES
  6
ByLayer
 62
  256
370
   -1
100
AcDbLine
 10
60
 20
100
 11
100
 21
100
  0
LINE
  5
A4A
100
AcDbEntity
  8
Acrylic_05_MM_SIDES
  6
ByLayer
 62
  256
370
   -1
100
AcDbLine
 10
100
 20
100
 11
100
 21
95
  0
LINE
  5
A4B
100
AcDbEntity
  8
Acrylic_05_MM_SIDES
  6
ByLayer
 62
  256
370
   -1
100
AcDbLine
 10
100
 20
95
 11
130
 21
95
  0
LINE
  5
A4C
100
AcDbEntity
  8
Acrylic_05_MM_SIDES
  6
ByLayer
 62
  256
370
   -1
100
AcDbLine
 10
130
 20
95
 11
130
 21
100
  0
LINE
  5
A4D
100
AcDbEntity
  8
Acrylic_05_MM_SIDES
  6
ByLayer
 62
  256
370
   -1
100
AcDbLine
 10
-100
 20
245
 11
-100
 21
250
  0
LINE
  5
A4E
100
AcDbEntity
  8
Acrylic_05_MM_SIDES
  6
ByLayer
 62
  256
370
   -1
100
AcDbLine
 10
-100
 20
250
 11
-70
 21
250
  0
LINE
  5
A4F
100
AcDbEntity
  8
Acrylic_05_MM_SIDES
  6
ByLayer
 62
  256
370
   -1
100
AcDbLine
 10
-70
 20
250
 11
-70
 21
245
  0
LINE
  5
A50
100
AcDbEntity
  8
Acrylic_05_MM_SIDES
  6
ByLayer
 62
  256
370
   -1
100
AcDbLine
 10
-30
 20
245
 11
-30
 21
250
  0
LINE
  5
A51
100
AcDbEntity
  8
Acrylic_05_MM_SIDES
  6
ByLayer
 62
  256
370
   -1
100
AcDbLine
 10
-30
 20
250
 11
0
 21
250
  0
LINE
  5
A52
100
AcDbEntity
  8
Acrylic_05_MM_SIDES
  6
ByLayer
 62
  256
370
   -1
100
AcDbLine
 10
0
 20
250
 11
0
 21
245
  0
LINE
  5
A53
100
AcDbEntity
  8
Acrylic_05_MM_SIDES
  6
ByLayer
 62
  256
370
   -1
100
AcDbLine
 10
30
 20
245
 11
30
 21
250
  0
LINE
  5
A54
100
AcDbEntity
  8
Acrylic_05_MM_SIDES
  6
ByLayer
 62
  256
370
   -1
100
AcDbLine
 10
30
 20
250
 11
60
 21
250
  0
LINE
  5
A55
100
AcDbEntity
  8
Acrylic_05_MM_SIDES
  6
ByLayer
 62
  256
370
   -1
100
AcDbLine
 10
60
 20
250
 11
60
 21
245
  0
LINE
  5
A56
100
AcDbEntity
  8
Acrylic_05_MM_SIDES
  6
ByLayer
 62
  256
370
   -1
100
AcDbLine
 10
100
 20
245
 11
100
 21
250
  0
LINE
  5
A57
100
AcDbEntity
  8
Acrylic_05_MM_SIDES
  6
ByLayer
 62
  256
370
   -1
100
AcDbLine
 10
100
 20
250
 11
130
 21
250
  0
LINE
  5
A58
100
AcDbEntity
  8
Acrylic_05_MM_SIDES
  6
ByLayer
 62
  256
370
   -1
100
AcDbLine
 10
130
 20
250
 11
130
 21
245
  0
LINE
  5
A59
100
AcDbEntity
  8
Acrylic_05_MM_SIDES
  6
ByLayer
 62
  256
370
   -1
100
AcDbLine
 10
100
 20
150
 11
60
 21
150
  0
LINE
  5
A5A
100
AcDbEntity
  8
Acrylic_05_MM_SIDES
  6
ByLayer
 62
  256
370
   -1
100
AcDbLine
 10
30
 20
150
 11
6.735557395310443e-15
 21
150
  0
LINE
  5
A5B
100
AcDbEntity
  8
Acrylic_05_MM_SIDES
  6
ByLayer
 62
  256
370
   -1
100
AcDbLine
 10
-30
 20
150
 11
-70
 21
150
  0
LINE
  5
A5C
100
AcDbEntity
  8
Acrylic_05_MM_SIDES
  6
ByLayer
 62
  256
370
   -1
100
AcDbLine
 10
-100
 20
150
 11
-100
 21
155
  0
LINE
  5
A5D
100
AcDbEntity
  8
Acrylic_05_MM_SIDES
  6
ByLayer
 62
  256
370
   -1
100
AcDbLine
 10
-100
 20
155
 11
-70
 21
155
  0
LINE
  5
A5E
100
AcDbEntity
  8
Acrylic_05_MM_SIDES
  6
ByLayer
 62
  256
370
   -1
100
AcDbLine
 10
-70
 20
155
 11
-70
 21
150
  0
LINE
  5
A5F
100
AcDbEntity
  8
Acrylic_05_MM_SIDES
  6
ByLayer
 62
  256
370
   -1
100
AcDbLine
 10
-30
 20
150
 11
-30
 21
155
  0
LINE
  5
A60
100
AcDbEntity
  8
Acrylic_05_MM_SIDES
  6
ByLayer
 62
  256
370
   -1
100
AcDbLine
 10
-30
 20
155
 11
0
 21
155
  0
LINE
  5
A61
100
AcDbEntity
  8
Acrylic_05_MM_SIDES
  6
ByLayer
 62
  256
370
   -1
100
AcDbLine
 10
0
 20
155
 11
0
 21
150
  0
LINE
  5
A62
100
AcDbEntity
  8
Acrylic_05_MM_SIDES
  6
ByLayer
 62
  256
370
   -1
100
AcDbLine
 10
30
 20
150
 11
30
 21
155
  0
LINE
  5
A63
100
AcDbEntity
  8
Acrylic_05_MM_SIDES
  6
ByLayer
 62
  256
370
   -1
100
AcDbLine
 10
30
 20
155
 11
60
 21
155
  0
LINE
  5
A64
100
AcDbEntity
  8
Acrylic_05_MM_SIDES
  6
ByLayer
 62
  256
370
   -1
100
AcDbLine
 10
60
 20
155
 11
60
 21
150
  0
LINE
  5
A65
100
AcDbEntity
  8
Acrylic_05_MM_SIDES
  6
ByLayer
 62
  256
370
   -1
100
AcDbLine
 10
100
 20
150
 11
100
 21
155
  0
LINE
  5
A66
100
AcDbEntity
  8
Acrylic_05_MM_SIDES
  6
ByLayer
 62
  256
370
   -1
100
AcDbLine
 10
100
 20
155
 11
130
 21
155
  0
LINE
  5
A67
100
AcDbEntity
  8
Acrylic_05_MM_SIDES
  6
ByLayer
 62
  256
370
   -1
100
AcDbLine
 10
130
 20
155
 11
130
 21
150
  0
LINE
  5
A68
100
AcDbEntity
  8
Acrylic_05_MM_SIDES
  6
ByLayer
 62
  256
370
   -1
100
AcDbLine
 10
265
 20
20
 11
265
 21
-10
  0
LINE
  5
A69
100
AcDbEntity
  8
Acrylic_05_MM_SIDES
  6
ByLayer
 62
  256
370
   -1
100
AcDbLine
 10
260
 20
20
 11
265
 21
20
  0
LINE
  5
A6A
100
AcDbEntity
  8
Acrylic_05_MM_SIDES
  6
ByLayer
 62
  256
370
   -1
100
AcDbLine
 10
260
 20
-10
 11
265
 21
-10
  0
LINE
  5
A6B
100
AcDbEntity
  8
Acrylic_05_MM_SIDES
  6
ByLayer
 62
  256
370
   -1
100
AcDbLine
 10
265
 20
-40
 11
265
 21
-70
  0
LINE
  5
A6C
100
AcDbEntity
  8
Acrylic_05_MM_SIDES
  6
ByLayer
 62
  256
370
   -1
100
AcDbLine
 10
260
 20
-40
 11
265
 21
-40
  0
LINE
  5
A6D
100
AcDbEntity
  8
Acrylic_05_MM_SIDES
  6
ByLayer
 62
  256
370
   -1
100
AcDbLine
 10
260
 20
-70
 11
265
 21
-70
  0
LINE
  5
A6E
100
AcDbEntity
  8
Acrylic_05_MM_SIDES
  6
ByLayer
 62
  256
370
   -1
100
AcDbLine
 10
265
 20
-160
 11
265
 21
-190
  0
LINE
  5
A6F
100
AcDbEntity
  8
Acrylic_05_MM_SIDES
  6
ByLayer
 62
  256
370
   -1
100
AcDbLine
 10
260
 20
-160
 11
265
 21
-160
  0
LINE
  5
A70
100
AcDbEntity
  8
Acrylic_05_MM_SIDES
  6
ByLayer
 62
  256
370
   -1
100
AcDbLine
 10
260
 20
-190
 11
265
 21
-190
  0
LINE
  5
A71
100
AcDbEntity
  8
Acrylic_05_MM_SIDES
  6
ByLayer
 62
  256
370
   -1
100
AcDbLine
 10
265
 20
-100
 11
265
 21
-130
  0
LINE
  5
A72
100
AcDbEntity
  8
Acrylic_05_MM_SIDES
  6
ByLayer
 62
  256
370
   -1
100
AcDbLine
 10
260
 20
-100
 11
265
 21
-100
  0
LINE
  5
A73
100
AcDbEntity
  8
Acrylic_05_MM_SIDES
  6
ByLayer
 62
  256
370
   -1
100
AcDbLine
 10
260
 20
-130
 11
265
 21
-130
  0
LINE
  5
A74
100
AcDbEntity
  8
Acrylic_05_MM_SIDES
  6
ByLayer
 62
  256
370
   -1
100
AcDbLine
 10
350
 20
-160
 11
350
 21
-130
  0
LINE
  5
A75
100
AcDbEntity
  8
Acrylic_05_MM_SIDES
  6
ByLayer
 62
  256
370
   -1
100
AcDbLine
 10
350
 20
-100
 11
350
 21
-70
  0
LINE
  5
A76
100
AcDbEntity
  8
Acrylic_05_MM_SIDES
  6
ByLayer
 62
  256
370
   -1
100
AcDbLine
 10
350
 20
-40
 11
350
 21
-10
  0
LINE
  5
A77
100
AcDbEntity
  8
Acrylic_05_MM_SIDES
  6
ByLayer
 62
  256
370
   -1
100
AcDbLine
 10
355
 20
20
 11
355
 21
-10
  0
LINE
  5
A78
100
AcDbEntity
  8
Acrylic_05_MM_SIDES
  6
ByLayer
 62
  256
370
   -1
100
AcDbLine
 10
350
 20
20
 11
355
 21
20
  0
LINE
  5
A79
100
AcDbEntity
  8
Acrylic_05_MM_SIDES
  6
ByLayer
 62
  256
370
   -1
100
AcDbLine
 10
350
 20
-10
 11
355
 21
-10
  0
LINE
  5
A7A
100
AcDbEntity
  8
Acrylic_05_MM_SIDES
  6
ByLayer
 62
  256
370
   -1
100
AcDbLine
 10
355
 20
-40
 11
355
 21
-70
  0
LINE
  5
A7B
100
AcDbEntity
  8
Acrylic_05_MM_SIDES
  6
ByLayer
 62
  256
370
   -1
100
AcDbLine
 10
350
 20
-40
 11
355
 21
-40
  0
LINE
  5
A7C
100
AcDbEntity
  8
Acrylic_05_MM_SIDES
  6
ByLayer
 62
  256
370
   -1
100
AcDbLine
 10
350
 20
-70
 11
355
 21
-70
  0
LINE
  5
A7D
100
AcDbEntity
  8
Acrylic_05_MM_SIDES
  6
ByLayer
 62
  256
370
   -1
100
AcDbLine
 10
355
 20
-160
 11
355
 21
-190
  0
LINE
  5
A7E
100
AcDbEntity
  8
Acrylic_05_MM_SIDES
  6
ByLayer
 62
  256
370
   -1
100
AcDbLine
 10
350
 20
-160
 11
355
 21
-160
  0
LINE
  5
A7F
100
AcDbEntity
  8
Acrylic_05_MM_SIDES
  6
ByLayer
 62
  256
370
   -1
100
AcDbLine
 10
350
 20
-190
 11
355
 21
-190
  0
LINE
  5
A80
100
AcDbEntity
  8
Acrylic_05_MM_SIDES
  6
ByLayer
 62
  256
370
   -1
100
AcDbLine
 10
355
 20
-100
 11
355
 21
-130
  0
LINE
  5
A81
100
AcDbEntity
  8
Acrylic_05_MM_SIDES
  6
ByLayer
 62
  256
370
   -1
100
AcDbLine
 10
350
 20
-100
 11
355
 21
-100
  0
LINE
  5
A82
100
AcDbEntity
  8
Acrylic_05_MM_SIDES
  6
ByLayer
 62
  256
370
   -1
100
AcDbLine
 10
350
 20
-130
 11
355
 21
-130
  0
CIRCLE
  5
A83
100
AcDbEntity
  8
Acrylic_05_MM_0_TOP
  6
ByLayer
 62
  256
370
   -1
100
AcDbCircle
 10
-50
 20
-225
 40
1.5
  0
CIRCLE
  5
A84
100
AcDbEntity
  8
Acrylic_05_MM_0_TOP
  6
ByLayer
 62
  256
370
   -1
100
AcDbCircle
 10
81
 20
-225
 40
1.5
  0
LINE
  5
A85
100
AcDbEntity
  8
Grids_Cut
  6
ByLayer
 62
  256
370
   -1
100
AcDbLine
 10
-130
 20
-220
 11
-130
 21
-210
  0
LINE
  5
A86
100
AcDbEntity
  8
Acrylic_05_MM_SIDES
  6
ByLayer
 62
  256
370
   -1
100
AcDbLine
 10
-125
 20
245
 11
-125
 21
230
  0
LINE
  5
A87
100
AcDbEntity
  8
Acrylic_05_MM_SIDES
  6
ByLayer
 62
  256
370
   -1
100
AcDbLine
 10
-125
 20
230
 11
-130
 21
230
  0
LINE
  5
A88
100
AcDbEntity
  8
Acrylic_05_MM_SIDES
  6
ByLayer
 62
  256
370
   -1
100
AcDbLine
 10
-130
 20
230
 11
-130
 21
210
  0
LINE
  5
A89
100
AcDbEntity
  8
Acrylic_05_MM_SIDES
  6
ByLayer
 62
  256
370
   -1
100
AcDbLine
 10
-125
 20
150
 11
-125
 21
135
  0
LINE
  5
A8A
100
AcDbEntity
  8
Acrylic_05_MM_SIDES
  6
ByLayer
 62
  256
370
   -1
100
AcDbLine
 10
-125
 20
135
 11
-130
 21
135
  0
LINE
  5
A8B
100
AcDbEntity
  8
Acrylic_05_MM_SIDES
  6
ByLayer
 62
  256
370
   -1
100
AcDbLine
 10
-130
 20
135
 11
-130
 21
115
  0
LINE
  5
A8C
100
AcDbEntity
  8
Acrylic_05_MM_SIDES
  6
ByLayer
 62
  256
370
   -1
100
AcDbLine
 10
-130
 20
115
 11
-125
 21
115
  0
LINE
  5
A8D
100
AcDbEntity
  8
Acrylic_05_MM_SIDES
  6
ByLayer
 62
  256
370
   -1
100
AcDbLine
 10
-125
 20
115
 11
-125
 21
100
  0
LINE
  5
A8E
100
AcDbEntity
  8
Acrylic_05_MM_SIDES
  6
ByLayer
 62
  256
370
   -1
100
AcDbLine
 10
-130
 20
210
 11
-125
 21
210
  0
LINE
  5
A8F
100
AcDbEntity
  8
Acrylic_05_MM_SIDES
  6
ByLayer
 62
  256
370
   -1
100
AcDbLine
 10
-125
 20
210
 11
-125
 21
195
  0
LINE
  5
A90
100
AcDbEntity
  8
Acrylic_05_MM_SIDES
  6
ByLayer
 62
  256
370
   -1
100
AcDbLine
 10
-125
 20
245
 11
-100
 21
245
  0
LINE
  5
A91
100
AcDbEntity
  8
Acrylic_05_MM_SIDES
  6
ByLayer
 62
  256
370
   -1
100
AcDbLine
 10
-125
 20
195
 11
-100
 21
195
  0
LINE
  5
A92
100
AcDbEntity
  8
Acrylic_05_MM_SIDES
  6
ByLayer
 62
  256
370
   -1
100
AcDbLine
 10
-125
 20
150
 11
-100
 21
150
  0
LINE
  5
A93
100
AcDbEntity
  8
Acrylic_05_MM_SIDES
  6
ByLayer
 62
  256
370
   -1
100
AcDbLine
 10
-125
 20
100
 11
-100
 21
100
  0
LINE
  5
A94
100
AcDbEntity
  8
Acrylic_05_MM_SIDES
  6
ByLayer
 62
  256
370
   -1
100
AcDbLine
 10
155
 20
195
 11
155
 21
210
  0
LINE
  5
A95
100
AcDbEntity
  8
Acrylic_05_MM_SIDES
  6
ByLayer
 62
  256
370
   -1
100
AcDbLine
 10
155
 20
210
 11
160
 21
210
  0
LINE
  5
A96
100
AcDbEntity
  8
Acrylic_05_MM_SIDES
  6
ByLayer
 62
  256
370
   -1
100
AcDbLine
 10
160
 20
210
 11
160
 21
230
  0
LINE
  5
A97
100
AcDbEntity
  8
Acrylic_05_MM_SIDES
  6
ByLayer
 62
  256
370
   -1
100
AcDbLine
 10
160
 20
230
 11
155
 21
230
  0
LINE
  5
A98
100
AcDbEntity
  8
Acrylic_05_MM_SIDES
  6
ByLayer
 62
  256
370
   -1
100
AcDbLine
 10
155
 20
230
 11
155
 21
245
  0
LINE
  5
A99
100
AcDbEntity
  8
Acrylic_05_MM_SIDES
  6
ByLayer
 62
  256
370
   -1
100
AcDbLine
 10
155
 20
100
 11
155
 21
115
  0
LINE
  5
A9A
100
AcDbEntity
  8
Acrylic_05_MM_SIDES
  6
ByLayer
 62
  256
370
   -1
100
AcDbLine
 10
155
 20
115
 11
160
 21
115
  0
LINE
  5
A9B
100
AcDbEntity
  8
Acrylic_05_MM_SIDES
  6
ByLayer
 62
  256
370
   -1
100
AcDbLine
 10
160
 20
115
 11
160
 21
135
  0
LINE
  5
A9C
100
AcDbEntity
  8
Acrylic_05_MM_SIDES
  6
ByLayer
 62
  256
370
   -1
100
AcDbLine
 10
160
 20
135
 11
155
 21
135
  0
LINE
  5
A9D
100
AcDbEntity
  8
Acrylic_05_MM_SIDES
  6
ByLayer
 62
  256
370
   -1
100
AcDbLine
 10
155
 20
135
 11
155
 21
150
  0
LINE
  5
A9E
100
AcDbEntity
  8
Acrylic_05_MM_SIDES
  6
ByLayer
 62
  256
370
   -1
100
AcDbLine
 10
130
 20
245
 11
155
 21
245
  0
LINE
  5
A9F
100
AcDbEntity
  8
Acrylic_05_MM_SIDES
  6
ByLayer
 62
  256
370
   -1
100
AcDbLine
 10
130
 20
195
 11
155
 21
195
  0
LINE
  5
AA0
100
AcDbEntity
  8
Acrylic_05_MM_SIDES
  6
ByLayer
 62
  256
370
   -1
100
AcDbLine
 10
130
 20
150
 11
155
 21
150
  0
LINE
  5
AA1
100
AcDbEntity
  8
Acrylic_05_MM_SIDES
  6
ByLayer
 62
  256
370
   -1
100
AcDbLine
 10
130
 20
100
 11
155
 21
100
  0
DIMENSION
  5
AA2
100
AcDbEntity
  8
TopMeasurement
  6
ByLayer
 62
  256
370
   -1
100
AcDbDimension
  2
*D27
 10
160
 20
270
 30
0
 11
15
 21
271.875
 31
0
 70
   33
 71
    5
 72
    0
  3
Standard
 53
0
210
0
220
0
230
1
100
AcDbAlignedDimension
 13
-130
 23
230
 33
0
 14
160
 24
230
 34
0
  0
DIMENSION
  5
AA3
100
AcDbEntity
  8
TopMeasurement
  6
ByLayer
 62
  256
370
   -1
100
AcDbDimension
  2
*D28
 10
160
 20
60
 30
0
 11
15
 21
61.875
 31
0
 70
   33
 71
    5
 72
    0
  3
Standard
 53
0
210
0
220
0
230
1
100
AcDbAlignedDimension
 13
-130
 23
55
 33
0
 14
160
 24
55
 34
0
  0
LINE
  5
AA4
100
AcDbEntity
  8
Acrylic_05_MM_SIDES
  6
ByLayer
 62
  256
370
   -1
100
AcDbLine
 10
225
 20
50
 11
225
 21
55
  0
LINE
  5
AA5
100
AcDbEntity
  8
Acrylic_05_MM_SIDES
  6
ByLayer
 62
  256
370
   -1
100
AcDbLine
 10
225
 20
55
 11
210
 21
55
  0
LINE
  5
AA6
100
AcDbEntity
  8
Acrylic_05_MM_SIDES
  6
ByLayer
 62
  256
370
   -1
100
AcDbLine
 10
210
 20
55
 11
210
 21
50
  0
LINE
  5
AA7
100
AcDbEntity
  8
Acrylic_05_MM_SIDES
  6
ByLayer
 62
  256
370
   -1
100
AcDbLine
 10
260
 20
55
 11
245
 21
55
  0
LINE
  5
AA8
100
AcDbEntity
  8
Acrylic_05_MM_SIDES
  6
ByLayer
 62
  256
370
   -1
100
AcDbLine
 10
245
 20
55
 11
245
 21
50
  0
LINE
  5
AA9
100
AcDbEntity
  8
Acrylic_05_MM_SIDES
  6
ByLayer
 62
  256
370
   -1
100
AcDbLine
 10
245
 20
50
 11
225
 21
50
  0
LINE
  5
AAA
100
AcDbEntity
  8
Acrylic_05_MM_SIDES
  6
ByLayer
 62
  256
370
   -1
100
AcDbLine
 10
315
 20
50
 11
315
 21
55
  0
LINE
  5
AAB
100
AcDbEntity
  8
Acrylic_05_MM_SIDES
  6
ByLayer
 62
  256
370
   -1
100
AcDbLine
 10
315
 20
55
 11
300
 21
55
  0
LINE
  5
AAC
100
AcDbEntity
  8
Acrylic_05_MM_SIDES
  6
ByLayer
 62
  256
370
   -1
100
AcDbLine
 10
300
 20
55
 11
300
 21
50
  0
LINE
  5
AAD
100
AcDbEntity
  8
Acrylic_05_MM_SIDES
  6
ByLayer
 62
  256
370
   -1
100
AcDbLine
 10
350
 20
55
 11
335
 21
55
  0
LINE
  5
AAE
100
AcDbEntity
  8
Acrylic_05_MM_SIDES
  6
ByLayer
 62
  256
370
   -1
100
AcDbLine
 10
335
 20
55
 11
335
 21
50
  0
LINE
  5
AAF
100
AcDbEntity
  8
Acrylic_05_MM_SIDES
  6
ByLayer
 62
  256
370
   -1
100
AcDbLine
 10
335
 20
50
 11
315
 21
50
  0
LINE
  5
AB0
100
AcDbEntity
  8
Acrylic_05_MM_SIDES
  6
ByLayer
 62
  256
370
   -1
100
AcDbLine
 10
210
 20
50
 11
210
 21
20
  0
LINE
  5
AB1
100
AcDbEntity
  8
Acrylic_05_MM_SIDES
  6
ByLayer
 62
  256
370
   -1
100
AcDbLine
 10
260
 20
55
 11
260
 21
20
  0
LINE
  5
AB2
100
AcDbEntity
  8
Acrylic_05_MM_SIDES
  6
ByLayer
 62
  256
370
   -1
100
AcDbLine
 10
300
 20
50
 11
300
 21
20
  0
LINE
  5
AB3
100
AcDbEntity
  8
Acrylic_05_MM_SIDES
  6
ByLayer
 62
  256
370
   -1
100
AcDbLine
 10
350
 20
20
 11
350
 21
55
  0
LINE
  5
AB4
100
AcDbEntity
  8
Acrylic_05_MM_SIDES
  6
ByLayer
 62
  256
370
   -1
100
AcDbLine
 10
210
 20
-235
 11
225
 21
-235
  0
LINE
  5
AB5
100
AcDbEntity
  8
Acrylic_05_MM_SIDES
  6
ByLayer
 62
  256
370
   -1
100
AcDbLine
 10
225
 20
-235
 11
225
 21
-230
  0
LINE
  5
AB6
100
AcDbEntity
  8
Acrylic_05_MM_SIDES
  6
ByLayer
 62
  256
370
   -1
100
AcDbLine
 10
225
 20
-230
 11
245
 21
-230
  0
LINE
  5
AB7
100
AcDbEntity
  8
Acrylic_05_MM_SIDES
  6
ByLayer
 62
  256
370
   -1
100
AcDbLine
 10
245
 20
-230
 11
245
 21
-235
  0
LINE
  5
AB8
100
AcDbEntity
  8
Acrylic_05_MM_SIDES
  6
ByLayer
 62
  256
370
   -1
100
AcDbLine
 10
245
 20
-235
 11
260
 21
-235
  0
LINE
  5
AB9
100
AcDbEntity
  8
Acrylic_05_MM_SIDES
  6
ByLayer
 62
  256
370
   -1
100
AcDbLine
 10
300
 20
-235
 11
315
 21
-235
  0
LINE
  5
ABA
100
AcDbEntity
  8
Acrylic_05_MM_SIDES
  6
ByLayer
 62
  256
370
   -1
100
AcDbLine
 10
315
 20
-235
 11
315
 21
-230
  0
LINE
  5
ABB
100
AcDbEntity
  8
Acrylic_05_MM_SIDES
  6
ByLayer
 62
  256
370
   -1
100
AcDbLine
 10
315
 20
-230
 11
335
 21
-230
  0
LINE
  5
ABC
100
AcDbEntity
  8
Acrylic_05_MM_SIDES
  6
ByLayer
 62
  256
370
   -1
100
AcDbLine
 10
335
 20
-230
 11
335
 21
-235
  0
LINE
  5
ABD
100
AcDbEntity
  8
Acrylic_05_MM_SIDES
  6
ByLayer
 62
  256
370
   -1
100
AcDbLine
 10
335
 20
-235
 11
350
 21
-235
  0
LINE
  5
ABE
100
AcDbEntity
  8
Acrylic_05_MM_SIDES
  6
ByLayer
 62
  256
370
   -1
100
AcDbLine
 10
210
 20
-190
 11
210
 21
-235
  0
LINE
  5
ABF
100
AcDbEntity
  8
Acrylic_05_MM_SIDES
  6
ByLayer
 62
  256
370
   -1
100
AcDbLine
 10
260
 20
-190
 11
260
 21
-235
  0
LINE
  5
AC0
100
AcDbEntity
  8
Acrylic_05_MM_SIDES
  6
ByLayer
 62
  256
370
   -1
100
AcDbLine
 10
300
 20
-190
 11
300
 21
-235
  0
LINE
  5
AC1
100
AcDbEntity
  8
Acrylic_05_MM_SIDES
  6
ByLayer
 62
  256
370
   -1
100
AcDbLine
 10
350
 20
-190
 11
350
 21
-235
  0
DIMENSION
  5
AC2
100
AcDbEntity
  8
TopMeasurement
  6
ByLayer
 62
  256
370
   -1
100
AcDbDimension
  2
*D29
 10
370
 20
-235
 30
0
 11
368.125
 21
-90
 31
0
 70
   33
 71
    5
 72
    0
  3
Standard
 53
0
210
0
220
0
230
1
100
AcDbAlignedDimension
 13
355
 23
55
 33
0
 14
355
 24
-235
 34
0
  0
DIMENSION
  5
AC3
100
AcDbEntity
  8
TopMeasurement
  6
ByLayer
 62
  256
370
   -1
100
AcDbDimension
  2
*D30
 10
350
 20
60
 30
0
 11
325
 21
61.875
 31
0
 70
   33
 71
    5
 72
    0
  3
Standard
 53
0
210
0
220
0
230
1
100
AcDbAlignedDimension
 13
300
 23
55
 33
0
 14
350
 24
55
 34
0
  0
DIMENSION
  5
AC4
100
AcDbEntity
  8
TopMeasurement
  6
ByLayer
 62
  256
370
   -1
100
AcDbDimension
  2
*D31
 10
260
 20
60
 30
0
 11
235
 21
61.875
 31
0
 70
   33
 71
    5
 72
    0
  3
Standard
 53
0
210
0
220
0
230
1
100
AcDbAlignedDimension
 13
210
 23
55
 33
0
 14
260
 24
55
 34
0
  0
LINE
  5
AC5
100
AcDbEntity
  8
Acrylic_Sides
  6
ByLayer
 62
  256
370
   -1
100
AcDbLine
 10
100
 20
245
 11
60
 21
245
  0
LINE
  5
AC6
100
AcDbEntity
  8
Acrylic_Sides
  6
ByLayer
 62
  256
370
   -1
100
AcDbLine
 10
30
 20
245
 11
6.735557395310443e-15
 21
245
  0
LINE
  5
AC7
100
AcDbEntity
  8
Acrylic_Sides
  6
ByLayer
 62
  256
370
   -1
100
AcDbLine
 10
-30
 20
245
 11
-70
 21
245
  0
LINE
  5
AC8
100
AcDbEntity
  8
Acrylic_Sides
  6
ByLayer
 62
  256
370
   -1
100
AcDbLine
 10
-100
 20
245
 11
-100
 21
248
  0
LINE
  5
AC9
100
AcDbEntity
  8
Acrylic_Sides
  6
ByLayer
 62
  256
370
   -1
100
AcDbLine
 10
-100
 20
248
 11
-70
 21
248
  0
LINE
  5
ACA
100
AcDbEntity
  8
Acrylic_Sides
  6
ByLayer
 62
  256
370
   -1
100
AcDbLine
 10
-70
 20
248
 11
-70
 21
245
  0
LINE
  5
ACB
100
AcDbEntity
  8
Acrylic_Sides
  6
ByLayer
 62
  256
370
   -1
100
AcDbLine
 10
-30
 20
245
 11
-30
 21
248
  0
LINE
  5
ACC
100
AcDbEntity
  8
Acrylic_Sides
  6
ByLayer
 62
  256
370
   -1
100
AcDbLine
 10
-30
 20
248
 11
6.919254415182545e-15
 21
248
  0
LINE
  5
ACD
100
AcDbEntity
  8
Acrylic_Sides
  6
ByLayer
 62
  256
370
   -1
100
AcDbLine
 10
6.919254415182545e-15
 20
248
 11
6.735557395310443e-15
 21
245
  0
LINE
  5
ACE
100
AcDbEntity
  8
Acrylic_Sides
  6
ByLayer
 62
  256
370
   -1
100
AcDbLine
 10
30
 20
245
 11
30
 21
248
  0
LINE
  5
ACF
100
AcDbEntity
  8
Acrylic_Sides
  6
ByLayer
 62
  256
370
   -1
100
AcDbLine
 10
30
 20
248
 11
60
 21
248
  0
LINE
  5
AD0
100
AcDbEntity
  8
Acrylic_Sides
  6
ByLayer
 62
  256
370
   -1
100
AcDbLine
 10
60
 20
248
 11
60
 21
245
  0
LINE
  5
AD1
100
AcDbEntity
  8
Acrylic_Sides
  6
ByLayer
 62
  256
370
   -1
100
AcDbLine
 10
100
 20
245
 11
100
 21
248
  0
LINE
  5
AD2
100
AcDbEntity
  8
Acrylic_Sides
  6
ByLayer
 62
  256
370
   -1
100
AcDbLine
 10
100
 20
248
 11
130
 21
248
  0
LINE
  5
AD3
100
AcDbEntity
  8
Acrylic_Sides
  6
ByLayer
 62
  256
370
   -1
100
AcDbLine
 10
130
 20
248
 11
130
 21
245
  0
LINE
  5
AD4
100
AcDbEntity
  8
Acrylic_Sides
  6
ByLayer
 62
  256
370
   -1
100
AcDbLine
 10
100
 20
150
 11
60
 21
150
  0
LINE
  5
AD5
100
AcDbEntity
  8
Acrylic_Sides
  6
ByLayer
 62
  256
370
   -1
100
AcDbLine
 10
30
 20
150
 11
6.735557395310443e-15
 21
150
  0
LINE
  5
AD6
100
AcDbEntity
  8
Acrylic_Sides
  6
ByLayer
 62
  256
370
   -1
100
AcDbLine
 10
-30
 20
150
 11
-70
 21
150
  0
LINE
  5
AD7
100
AcDbEntity
  8
Acrylic_Sides
  6
ByLayer
 62
  256
370
   -1
100
AcDbLine
 10
-100
 20
150
 11
-100
 21
153
  0
LINE
  5
AD8
100
AcDbEntity
  8
Acrylic_Sides
  6
ByLayer
 62
  256
370
   -1
100
AcDbLine
 10
-100
 20
153
 11
-70
 21
153
  0
LINE
  5
AD9
100
AcDbEntity
  8
Acrylic_Sides
  6
ByLayer
 62
  256
370
   -1
100
AcDbLine
 10
-70
 20
153
 11
-70
 21
150
  0
LINE
  5
ADA
100
AcDbEntity
  8
Acrylic_Sides
  6
ByLayer
 62
  256
370
   -1
100
AcDbLine
 10
-30
 20
150
 11
-30
 21
153
  0
LINE
  5
ADB
100
AcDbEntity
  8
Acrylic_Sides
  6
ByLayer
 62
  256
370
   -1
100
AcDbLine
 10
-30
 20
153
 11
6.919254415182545e-15
 21
153
  0
LINE
  5
ADC
100
AcDbEntity
  8
Acrylic_Sides
  6
ByLayer
 62
  256
370
   -1
100
AcDbLine
 10
6.919254415182545e-15
 20
153
 11
6.735557395310443e-15
 21
150
  0
LINE
  5
ADD
100
AcDbEntity
  8
Acrylic_Sides
  6
ByLayer
 62
  256
370
   -1
100
AcDbLine
 10
30
 20
150
 11
30
 21
153
  0
LINE
  5
ADE
100
AcDbEntity
  8
Acrylic_Sides
  6
ByLayer
 62
  256
370
   -1
100
AcDbLine
 10
30
 20
153
 11
60
 21
153
  0
LINE
  5
ADF
100
AcDbEntity
  8
Acrylic_Sides
  6
ByLayer
 62
  256
370
   -1
100
AcDbLine
 10
60
 20
153
 11
60
 21
150
  0
LINE
  5
AE0
100
AcDbEntity
  8
Acrylic_Sides
  6
ByLayer
 62
  256
370
   -1
100
AcDbLine
 10
100
 20
150
 11
100
 21
153
  0
LINE
  5
AE1
100
AcDbEntity
  8
Acrylic_Sides
  6
ByLayer
 62
  256
370
   -1
100
AcDbLine
 10
100
 20
153
 11
130
 21
153
  0
LINE
  5
AE2
100
AcDbEntity
  8
Acrylic_Sides
  6
ByLayer
 62
  256
370
   -1
100
AcDbLine
 10
130
 20
153
 11
130
 21
150
  0
LINE
  5
AE3
100
AcDbEntity
  8
Acrylic_Sides
  6
ByLayer
 62
  256
370
   -1
100
AcDbLine
 10
-100
 20
195
 11
-100
 21
190
  0
LINE
  5
AE4
100
AcDbEntity
  8
Acrylic_Sides
  6
ByLayer
 62
  256
370
   -1
100
AcDbLine
 10
-100
 20
190
 11
-70
 21
190
  0
LINE
  5
AE5
100
AcDbEntity
  8
Acrylic_Sides
  6
ByLayer
 62
  256
370
   -1
100
AcDbLine
 10
-70
 20
190
 11
-70
 21
195
  0
LINE
  5
AE6
100
AcDbEntity
  8
Acrylic_Sides
  6
ByLayer
 62
  256
370
   -1
100
AcDbLine
 10
-70
 20
195
 11
-30
 21
195
  0
LINE
  5
AE7
100
AcDbEntity
  8
Acrylic_Sides
  6
ByLayer
 62
  256
370
   -1
100
AcDbLine
 10
-30
 20
195
 11
-30
 21
190
  0
LINE
  5
AE8
100
AcDbEntity
  8
Acrylic_Sides
  6
ByLayer
 62
  256
370
   -1
100
AcDbLine
 10
-30
 20
190
 11
3.367778697655221e-15
 21
190
  0
LINE
  5
AE9
100
AcDbEntity
  8
Acrylic_Sides
  6
ByLayer
 62
  256
370
   -1
100
AcDbLine
 10
3.367778697655221e-15
 20
190
 11
3.673940397442059e-15
 21
195
  0
LINE
  5
AEA
100
AcDbEntity
  8
Acrylic_Sides
  6
ByLayer
 62
  256
370
   -1
100
AcDbLine
 10
3.673940397442059e-15
 20
195
 11
30
 21
195
  0
LINE
  5
AEB
100
AcDbEntity
  8
Acrylic_Sides
  6
ByLayer
 62
  256
370
   -1
100
AcDbLine
 10
30
 20
195
 11
30
 21
190
  0
LINE
  5
AEC
100
AcDbEntity
  8
Acrylic_Sides
  6
ByLayer
 62
  256
370
   -1
100
AcDbLine
 10
30
 20
190
 11
60
 21
190
  0
LINE
  5
AED
100
AcDbEntity
  8
Acrylic_Sides
  6
ByLayer
 62
  256
370
   -1
100
AcDbLine
 10
60
 20
190
 11
60
 21
195
  0
LINE
  5
AEE
100
AcDbEntity
  8
Acrylic_Sides
  6
ByLayer
 62
  256
370
   -1
100
AcDbLine
 10
60
 20
195
 11
100
 21
195
  0
LINE
  5
AEF
100
AcDbEntity
  8
Acrylic_Sides
  6
ByLayer
 62
  256
370
   -1
100
AcDbLine
 10
100
 20
195
 11
100
 21
190
  0
LINE
  5
AF0
100
AcDbEntity
  8
Acrylic_Sides
  6
ByLayer
 62
  256
370
   -1
100
AcDbLine
 10
100
 20
190
 11
130
 21
190
  0
LINE
  5
AF1
100
AcDbEntity
  8
Acrylic_Sides
  6
ByLayer
 62
  256
370
   -1
100
AcDbLine
 10
130
 20
190
 11
130
 21
195
  0
LINE
  5
AF2
100
AcDbEntity
  8
Acrylic_Sides
  6
ByLayer
 62
  256
370
   -1
100
AcDbLine
 10
100
 20
245
 11
60
 21
245
  0
LINE
  5
AF3
100
AcDbEntity
  8
Acrylic_Sides
  6
ByLayer
 62
  256
370
   -1
100
AcDbLine
 10
30
 20
245
 11
6.735557395310443e-15
 21
245
  0
LINE
  5
AF4
100
AcDbEntity
  8
Acrylic_Sides
  6
ByLayer
 62
  256
370
   -1
100
AcDbLine
 10
-30
 20
245
 11
-70
 21
245
  0
LINE
  5
AF5
100
AcDbEntity
  8
Acrylic_Sides
  6
ByLayer
 62
  256
370
   -1
100
AcDbLine
 10
-100
 20
100
 11
-100
 21
95
  0
LINE
  5
AF6
100
AcDbEntity
  8
Acrylic_Sides
  6
ByLayer
 62
  256
370
   -1
100
AcDbLine
 10
-100
 20
95
 11
-70
 21
95
  0
LINE
  5
AF7
100
AcDbEntity
  8
Acrylic_Sides
  6
ByLayer
 62
  256
370
   -1
100
AcDbLine
 10
-70
 20
95
 11
-70
 21
100
  0
LINE
  5
AF8
100
AcDbEntity
  8
Acrylic_Sides
  6
ByLayer
 62
  256
370
   -1
100
AcDbLine
 10
-70
 20
100
 11
-30
 21
100
  0
LINE
  5
AF9
100
AcDbEntity
  8
Acrylic_Sides
  6
ByLayer
 62
  256
370
   -1
100
AcDbLine
 10
-30
 20
100
 11
-30
 21
95
  0
LINE
  5
AFA
100
AcDbEntity
  8
Acrylic_Sides
  6
ByLayer
 62
  256
370
   -1
100
AcDbLine
 10
-30
 20
95
 11
3.367778697655221e-15
 21
95
  0
LINE
  5
AFB
100
AcDbEntity
  8
Acrylic_Sides
  6
ByLayer
 62
  256
370
   -1
100
AcDbLine
 10
3.367778697655221e-15
 20
95
 11
3.673940397442059e-15
 21
100
  0
LINE
  5
AFC
100
AcDbEntity
  8
Acrylic_Sides
  6
ByLayer
 62
  256
370
   -1
100
AcDbLine
 10
3.673940397442059e-15
 20
100
 11
30
 21
100
  0
LINE
  5
AFD
100
AcDbEntity
  8
Acrylic_Sides
  6
ByLayer
 62
  256
370
   -1
100
AcDbLine
 10
30
 20
100
 11
30
 21
95
  0
LINE
  5
AFE
100
AcDbEntity
  8
Acrylic_Sides
  6
ByLayer
 62
  256
370
   -1
100
AcDbLine
 10
30
 20
95
 11
60
 21
95
  0
LINE
  5
AFF
100
AcDbEntity
  8
Acrylic_Sides
  6
ByLayer
 62
  256
370
   -1
100
AcDbLine
 10
60
 20
95
 11
60
 21
100
  0
LINE
  5
B00
100
AcDbEntity
  8
Acrylic_Sides
  6
ByLayer
 62
  256
370
   -1
100
AcDbLine
 10
60
 20
100
 11
100
 21
100
  0
LINE
  5
B01
100
AcDbEntity
  8
Acrylic_Sides
  6
ByLayer
 62
  256
370
   -1
100
AcDbLine
 10
100
 20
100
 11
100
 21
95
  0
LINE
  5
B02
100
AcDbEntity
  8
Acrylic_Sides
  6
ByLayer
 62
  256
370
   -1
100
AcDbLine
 10
100
 20
95
 11
130
 21
95
  0
LINE
  5
B03
100
AcDbEntity
  8
Acrylic_Sides
  6
ByLayer
 62
  256
370
   -1
100
AcDbLine
 10
130
 20
95
 11
130
 21
100
  0
LWPOLYLINE
  5
B04
100
AcDbEntity
  8
Acrylic_Sides
  6
ByLayer
 62
  256
370
   -1
100
AcDbPolyline
 90
    4
 70
    1
 43
0
 10
-105
 20
112
 10
-83
 20
112
 10
-83
 20
103
 10
-105
 20
103
  0
LWPOLYLINE
  5
B05
100
AcDbEntity
  8
Acrylic_Sides
  6
ByLayer
 62
  256
370
   -1
100
AcDbPolyline
 90
    4
 70
    1
 43
0
 10
-12
 20
117
 10
36
 20
117
 10
36
 20
103
 10
-12
 20
103
  0
LWPOLYLINE
  5
B06
100
AcDbEntity
  8
Acrylic_Sides
  6
ByLayer
 62
  256
370
   -1
100
AcDbPolyline
 90
    4
 70
    1
 43
0
 10
36
 20
125
 10
84
 20
125
 10
84
 20
103
 10
36
 20
103
  0
LINE
  5
B07
100
AcDbEntity
  8
Acrylic_Sides
  6
ByLayer
 62
  256
370
   -1
100
AcDbLine
 10
100
 20
150
 11
60
 21
150
  0
LINE
  5
B08
100
AcDbEntity
  8
Acrylic_Sides
  6
ByLayer
 62
  256
370
   -1
100
AcDbLine
 10
30
 20
150
 11
6.735557395310443e-15
 21
150
  0
LINE
  5
B09
100
AcDbEntity
  8
Acrylic_Sides
  6
ByLayer
 62
  256
370
   -1
100
AcDbLine
 10
-30
 20
150
 11
-70
 21
150
  0
LINE
  5
B0A
100
AcDbEntity
  8
Acrylic_Sides
  6
ByLayer
 62
  256
370
   -1
100
AcDbLine
 10
-125
 20
245
 11
-125
 21
230
  0
LINE
  5
B0B
100
AcDbEntity
  8
Acrylic_Sides
  6
ByLayer
 62
  256
370
   -1
100
AcDbLine
 10
-125
 20
230
 11
-130
 21
230
  0
LINE
  5
B0C
100
AcDbEntity
  8
Acrylic_Sides
  6
ByLayer
 62
  256
370
   -1
100
AcDbLine
 10
-130
 20
230
 11
-130
 21
210
  0
LINE
  5
B0D
100
AcDbEntity
  8
Acrylic_Sides
  6
ByLayer
 62
  256
370
   -1
100
AcDbLine
 10
-125
 20
150
 11
-125
 21
135
  0
LINE
  5
B0E
100
AcDbEntity
  8
Acrylic_Sides
  6
ByLayer
 62
  256
370
   -1
100
AcDbLine
 10
-125
 20
135
 11
-130
 21
135
  0
LINE
  5
B0F
100
AcDbEntity
  8
Acrylic_Sides
  6
ByLayer
 62
  256
370
   -1
100
AcDbLine
 10
-130
 20
135
 11
-130
 21
115
  0
LINE
  5
B10
100
AcDbEntity
  8
Acrylic_Sides
  6
ByLayer
 62
  256
370
   -1
100
AcDbLine
 10
-130
 20
115
 11
-125
 21
115
  0
LINE
  5
B11
100
AcDbEntity
  8
Acrylic_Sides
  6
ByLayer
 62
  256
370
   -1
100
AcDbLine
 10
-125
 20
115
 11
-125
 21
100
  0
LINE
  5
B12
100
AcDbEntity
  8
Acrylic_Sides
  6
ByLayer
 62
  256
370
   -1
100
AcDbLine
 10
-130
 20
210
 11
-125
 21
210
  0
LINE
  5
B13
100
AcDbEntity
  8
Acrylic_Sides
  6
ByLayer
 62
  256
370
   -1
100
AcDbLine
 10
-125
 20
210
 11
-125
 21
195
  0
LINE
  5
B14
100
AcDbEntity
  8
Acrylic_Sides
  6
ByLayer
 62
  256
370
   -1
100
AcDbLine
 10
-125
 20
245
 11
-100
 21
245
  0
LINE
  5
B15
100
AcDbEntity
  8
Acrylic_Sides
  6
ByLayer
 62
  256
370
   -1
100
AcDbLine
 10
-125
 20
195
 11
-100
 21
195
  0
LINE
  5
B16
100
AcDbEntity
  8
Acrylic_Sides
  6
ByLayer
 62
  256
370
   -1
100
AcDbLine
 10
-125
 20
150
 11
-100
 21
150
  0
LINE
  5
B17
100
AcDbEntity
  8
Acrylic_Sides
  6
ByLayer
 62
  256
370
   -1
100
AcDbLine
 10
-125
 20
100
 11
-100
 21
100
  0
LINE
  5
B18
100
AcDbEntity
  8
Acrylic_Sides
  6
ByLayer
 62
  256
370
   -1
100
AcDbLine
 10
155
 20
195
 11
155
 21
210
  0
LINE
  5
B19
100
AcDbEntity
  8
Acrylic_Sides
  6
ByLayer
 62
  256
370
   -1
100
AcDbLine
 10
155
 20
210
 11
160
 21
210
  0
LINE
  5
B1A
100
AcDbEntity
  8
Acrylic_Sides
  6
ByLayer
 62
  256
370
   -1
100
AcDbLine
 10
160
 20
210
 11
160
 21
230
  0
LINE
  5
B1B
100
AcDbEntity
  8
Acrylic_Sides
  6
ByLayer
 62
  256
370
   -1
100
AcDbLine
 10
160
 20
230
 11
155
 21
230
  0
LINE
  5
B1C
100
AcDbEntity
  8
Acrylic_Sides
  6
ByLayer
 62
  256
370
   -1
100
AcDbLine
 10
155
 20
230
 11
155
 21
245
  0
LINE
  5
B1D
100
AcDbEntity
  8
Acrylic_Sides
  6
ByLayer
 62
  256
370
   -1
100
AcDbLine
 10
155
 20
100
 11
155
 21
115
  0
LINE
  5
B1E
100
AcDbEntity
  8
Acrylic_Sides
  6
ByLayer
 62
  256
370
   -1
100
AcDbLine
 10
155
 20
115
 11
160
 21
115
  0
LINE
  5
B1F
100
AcDbEntity
  8
Acrylic_Sides
  6
ByLayer
 62
  256
370
   -1
100
AcDbLine
 10
160
 20
115
 11
160
 21
135
  0
LINE
  5
B20
100
AcDbEntity
  8
Acrylic_Sides
  6
ByLayer
 62
  256
370
   -1
100
AcDbLine
 10
160
 20
135
 11
155
 21
135
  0
LINE
  5
B21
100
AcDbEntity
  8
Acrylic_Sides
  6
ByLayer
 62
  256
370
   -1
100
AcDbLine
 10
155
 20
135
 11
155
 21
150
  0
LINE
  5
B22
100
AcDbEntity
  8
Acrylic_Sides
  6
ByLayer
 62
  256
370
   -1
100
AcDbLine
 10
130
 20
245
 11
155
 21
245
  0
LINE
  5
B23
100
AcDbEntity
  8
Acrylic_Sides
  6
ByLayer
 62
  256
370
   -1
100
AcDbLine
 10
130
 20
195
 11
155
 21
195
  0
LINE
  5
B24
100
AcDbEntity
  8
Acrylic_Sides
  6
ByLayer
 62
  256
370
   -1
100
AcDbLine
 10
130
 20
150
 11
155
 21
150
  0
LINE
  5
B25
100
AcDbEntity
  8
Acrylic_Sides
  6
ByLayer
 62
  256
370
   -1
100
AcDbLine
 10
130
 20
100
 11
155
 21
100
  0
LINE
  5
B26
100
AcDbEntity
  8
Acrylic_Sides
  6
ByLayer
 62
  256
370
   -1
100
AcDbLine
 10
210
 20
20
 11
205
 21
20
  0
LINE
  5
B27
100
AcDbEntity
  8
Acrylic_Sides
  6
ByLayer
 62
  256
370
   -1
100
AcDbLine
 10
205
 20
20
 11
205
 21
-10
  0
LINE
  5
B28
100
AcDbEntity
  8
Acrylic_Sides
  6
ByLayer
 62
  256
370
   -1
100
AcDbLine
 10
205
 20
-10
 11
210
 21
-10
  0
LINE
  5
B29
100
AcDbEntity
  8
Acrylic_Sides
  6
ByLayer
 62
  256
370
   -1
100
AcDbLine
 10
210
 20
-10
 11
210
 21
-40
  0
LINE
  5
B2A
100
AcDbEntity
  8
Acrylic_Sides
  6
ByLayer
 62
  256
370
   -1
100
AcDbLine
 10
210
 20
-40
 11
205
 21
-40
  0
LINE
  5
B2B
100
AcDbEntity
  8
Acrylic_Sides
  6
ByLayer
 62
  256
370
   -1
100
AcDbLine
 10
205
 20
-40
 11
205
 21
-70
  0
LINE
  5
B2C
100
AcDbEntity
  8
Acrylic_Sides
  6
ByLayer
 62
  256
370
   -1
100
AcDbLine
 10
205
 20
-70
 11
210
 21
-70
  0
LINE
  5
B2D
100
AcDbEntity
  8
Acrylic_Sides
  6
ByLayer
 62
  256
370
   -1
100
AcDbLine
 10
210
 20
-70
 11
210
 21
-100
  0
LINE
  5
B2E
100
AcDbEntity
  8
Acrylic_Sides
  6
ByLayer
 62
  256
370
   -1
100
AcDbLine
 10
210
 20
-100
 11
205
 21
-100
  0
LINE
  5
B2F
100
AcDbEntity
  8
Acrylic_Sides
  6
ByLayer
 62
  256
370
   -1
100
AcDbLine
 10
205
 20
-100
 11
205
 21
-130
  0
LINE
  5
B30
100
AcDbEntity
  8
Acrylic_Sides
  6
ByLayer
 62
  256
370
   -1
100
AcDbLine
 10
205
 20
-130
 11
210
 21
-130
  0
LINE
  5
B31
100
AcDbEntity
  8
Acrylic_Sides
  6
ByLayer
 62
  256
370
   -1
100
AcDbLine
 10
210
 20
-130
 11
210
 21
-160
  0
LINE
  5
B32
100
AcDbEntity
  8
Acrylic_Sides
  6
ByLayer
 62
  256
370
   -1
100
AcDbLine
 10
210
 20
-160
 11
205
 21
-160
  0
LINE
  5
B33
100
AcDbEntity
  8
Acrylic_Sides
  6
ByLayer
 62
  256
370
   -1
100
AcDbLine
 10
205
 20
-160
 11
205
 21
-190
  0
LINE
  5
B34
100
AcDbEntity
  8
Acrylic_Sides
  6
ByLayer
 62
  256
370
   -1
100
AcDbLine
 10
205
 20
-190
 11
210
 21
-190
  0
LINE
  5
B35
100
AcDbEntity
  8
Acrylic_Sides
  6
ByLayer
 62
  256
370
   -1
100
AcDbLine
 10
260
 20
-160
 11
260
 21
-130
  0
LINE
  5
B36
100
AcDbEntity
  8
Acrylic_Sides
  6
ByLayer
 62
  256
370
   -1
100
AcDbLine
 10
260
 20
-100
 11
260
 21
-70
  0
LINE
  5
B37
100
AcDbEntity
  8
Acrylic_Sides
  6
ByLayer
 62
  256
370
   -1
100
AcDbLine
 10
260
 20
-40
 11
260
 21
-10
  0
LINE
  5
B38
100
AcDbEntity
  8
Acrylic_Sides
  6
ByLayer
 62
  256
370
   -1
100
AcDbLine
 10
300
 20
20
 11
295
 21
20
  0
LINE
  5
B39
100
AcDbEntity
  8
Acrylic_Sides
  6
ByLayer
 62
  256
370
   -1
100
AcDbLine
 10
295
 20
20
 11
295
 21
-10
  0
LINE
  5
B3A
100
AcDbEntity
  8
Acrylic_Sides
  6
ByLayer
 62
  256
370
   -1
100
AcDbLine
 10
295
 20
-10
 11
300
 21
-10
  0
LINE
  5
B3B
100
AcDbEntity
  8
Acrylic_Sides
  6
ByLayer
 62
  256
370
   -1
100
AcDbLine
 10
300
 20
-10
 11
300
 21
-40
  0
LINE
  5
B3C
100
AcDbEntity
  8
Acrylic_Sides
  6
ByLayer
 62
  256
370
   -1
100
AcDbLine
 10
300
 20
-40
 11
295
 21
-40
  0
LINE
  5
B3D
100
AcDbEntity
  8
Acrylic_Sides
  6
ByLayer
 62
  256
370
   -1
100
AcDbLine
 10
295
 20
-40
 11
295
 21
-70
  0
LINE
  5
B3E
100
AcDbEntity
  8
Acrylic_Sides
  6
ByLayer
 62
  256
370
   -1
100
AcDbLine
 10
295
 20
-70
 11
300
 21
-70
  0
LINE
  5
B3F
100
AcDbEntity
  8
Acrylic_Sides
  6
ByLayer
 62
  256
370
   -1
100
AcDbLine
 10
300
 20
-70
 11
300
 21
-100
  0
LINE
  5
B40
100
AcDbEntity
  8
Acrylic_Sides
  6
ByLayer
 62
  256
370
   -1
100
AcDbLine
 10
300
 20
-100
 11
295
 21
-100
  0
LINE
  5
B41
100
AcDbEntity
  8
Acrylic_Sides
  6
ByLayer
 62
  256
370
   -1
100
AcDbLine
 10
295
 20
-100
 11
295
 21
-130
  0
LINE
  5
B42
100
AcDbEntity
  8
Acrylic_Sides
  6
ByLayer
 62
  256
370
   -1
100
AcDbLine
 10
295
 20
-130
 11
300
 21
-130
  0
LINE
  5
B43
100
AcDbEntity
  8
Acrylic_Sides
  6
ByLayer
 62
  256
370
   -1
100
AcDbLine
 10
300
 20
-130
 11
300
 21
-160
  0
LINE
  5
B44
100
AcDbEntity
  8
Acrylic_Sides
  6
ByLayer
 62
  256
370
   -1
100
AcDbLine
 10
300
 20
-160
 11
295
 21
-160
  0
LINE
  5
B45
100
AcDbEntity
  8
Acrylic_Sides
  6
ByLayer
 62
  256
370
   -1
100
AcDbLine
 10
295
 20
-160
 11
295
 21
-190
  0
LINE
  5
B46
100
AcDbEntity
  8
Acrylic_Sides
  6
ByLayer
 62
  256
370
   -1
100
AcDbLine
 10
295
 20
-190
 11
300
 21
-190
  0
LINE
  5
B47
100
AcDbEntity
  8
Acrylic_Sides
  6
ByLayer
 62
  256
370
   -1
100
AcDbLine
 10
350
 20
-160
 11
350
 21
-130
  0
LINE
  5
B48
100
AcDbEntity
  8
Acrylic_Sides
  6
ByLayer
 62
  256
370
   -1
100
AcDbLine
 10
350
 20
-100
 11
350
 21
-70
  0
LINE
  5
B49
100
AcDbEntity
  8
Acrylic_Sides
  6
ByLayer
 62
  256
370
   -1
100
AcDbLine
 10
350
 20
-40
 11
350
 21
-10
  0
LINE
  5
B4A
100
AcDbEntity
  8
Acrylic_Sides
  6
ByLayer
 62
  256
370
   -1
100
AcDbLine
 10
225
 20
50
 11
225
 21
55
  0
LINE
  5
B4B
100
AcDbEntity
  8
Acrylic_Sides
  6
ByLayer
 62
  256
370
   -1
100
AcDbLine
 10
225
 20
55
 11
210
 21
55
  0
LINE
  5
B4C
100
AcDbEntity
  8
Acrylic_Sides
  6
ByLayer
 62
  256
370
   -1
100
AcDbLine
 10
210
 20
55
 11
210
 21
50
  0
LINE
  5
B4D
100
AcDbEntity
  8
Acrylic_Sides
  6
ByLayer
 62
  256
370
   -1
100
AcDbLine
 10
260
 20
55
 11
245
 21
55
  0
LINE
  5
B4E
100
AcDbEntity
  8
Acrylic_Sides
  6
ByLayer
 62
  256
370
   -1
100
AcDbLine
 10
245
 20
55
 11
245
 21
50
  0
LINE
  5
B4F
100
AcDbEntity
  8
Acrylic_Sides
  6
ByLayer
 62
  256
370
   -1
100
AcDbLine
 10
245
 20
50
 11
225
 21
50
  0
LINE
  5
B50
100
AcDbEntity
  8
Acrylic_Sides
  6
ByLayer
 62
  256
370
   -1
100
AcDbLine
 10
315
 20
50
 11
315
 21
55
  0
LINE
  5
B51
100
AcDbEntity
  8
Acrylic_Sides
  6
ByLayer
 62
  256
370
   -1
100
AcDbLine
 10
315
 20
55
 11
300
 21
55
  0
LINE
  5
B52
100
AcDbEntity
  8
Acrylic_Sides
  6
ByLayer
 62
  256
370
   -1
100
AcDbLine
 10
300
 20
55
 11
300
 21
50
  0
LINE
  5
B53
100
AcDbEntity
  8
Acrylic_Sides
  6
ByLayer
 62
  256
370
   -1
100
AcDbLine
 10
350
 20
55
 11
335
 21
55
  0
LINE
  5
B54
100
AcDbEntity
  8
Acrylic_Sides
  6
ByLayer
 62
  256
370
   -1
100
AcDbLine
 10
335
 20
55
 11
335
 21
50
  0
LINE
  5
B55
100
AcDbEntity
  8
Acrylic_Sides
  6
ByLayer
 62
  256
370
   -1
100
AcDbLine
 10
335
 20
50
 11
315
 21
50
  0
LINE
  5
B56
100
AcDbEntity
  8
Acrylic_Sides
  6
ByLayer
 62
  256
370
   -1
100
AcDbLine
 10
210
 20
50
 11
210
 21
20
  0
LINE
  5
B57
100
AcDbEntity
  8
Acrylic_Sides
  6
ByLayer
 62
  256
370
   -1
100
AcDbLine
 10
260
 20
55
 11
260
 21
20
  0
LINE
  5
B58
100
AcDbEntity
  8
Acrylic_Sides
  6
ByLayer
 62
  256
370
   -1
100
AcDbLine
 10
300
 20
50
 11
300
 21
20
  0
LINE
  5
B59
100
AcDbEntity
  8
Acrylic_Sides
  6
ByLayer
 62
  256
370
   -1
100
AcDbLine
 10
350
 20
20
 11
350
 21
55
  0
LINE
  5
B5A
100
AcDbEntity
  8
Acrylic_Sides
  6
ByLayer
 62
  256
370
   -1
100
AcDbLine
 10
210
 20
-235
 11
225
 21
-235
  0
LINE
  5
B5B
100
AcDbEntity
  8
Acrylic_Sides
  6
ByLayer
 62
  256
370
   -1
100
AcDbLine
 10
225
 20
-235
 11
225
 21
-230
  0
LINE
  5
B5C
100
AcDbEntity
  8
Acrylic_Sides
  6
ByLayer
 62
  256
370
   -1
100
AcDbLine
 10
225
 20
-230
 11
245
 21
-230
  0
LINE
  5
B5D
100
AcDbEntity
  8
Acrylic_Sides
  6
ByLayer
 62
  256
370
   -1
100
AcDbLine
 10
245
 20
-230
 11
245
 21
-235
  0
LINE
  5
B5E
100
AcDbEntity
  8
Acrylic_Sides
  6
ByLayer
 62
  256
370
   -1
100
AcDbLine
 10
245
 20
-235
 11
260
 21
-235
  0
LINE
  5
B5F
100
AcDbEntity
  8
Acrylic_Sides
  6
ByLayer
 62
  256
370
   -1
100
AcDbLine
 10
300
 20
-235
 11
315
 21
-235
  0
LINE
  5
B60
100
AcDbEntity
  8
Acrylic_Sides
  6
ByLayer
 62
  256
370
   -1
100
AcDbLine
 10
315
 20
-235
 11
315
 21
-230
  0
LINE
  5
B61
100
AcDbEntity
  8
Acrylic_Sides
  6
ByLayer
 62
  256
370
   -1
100
AcDbLine
 10
315
 20
-230
 11
335
 21
-230
  0
LINE
  5
B62
100
AcDbEntity
  8
Acrylic_Sides
  6
ByLayer
 62
  256
370
   -1
100
AcDbLine
 10
335
 20
-230
 11
335
 21
-235
  0
LINE
  5
B63
100
AcDbEntity
  8
Acrylic_Sides
  6
ByLayer
 62
  256
370
   -1
100
AcDbLine
 10
335
 20
-235
 11
350
 21
-235
  0
LINE
  5
B64
100
AcDbEntity
  8
Acrylic_Sides
  6
ByLayer
 62
  256
370
   -1
100
AcDbLine
 10
210
 20
-190
 11
210
 21
-235
  0
LINE
  5
B65
100
AcDbEntity
  8
Acrylic_Sides
  6
ByLayer
 62
  256
370
   -1
100
AcDbLine
 10
260
 20
-190
 11
260
 21
-235
  0
LINE
  5
B66
100
AcDbEntity
  8
Acrylic_Sides
  6
ByLayer
 62
  256
370
   -1
100
AcDbLine
 10
300
 20
-190
 11
300
 21
-235
  0
LINE
  5
B67
100
AcDbEntity
  8
Acrylic_Sides
  6
ByLayer
 62
  256
370
   -1
100
AcDbLine
 10
350
 20
-190
 11
350
 21
-235
  0
LINE
  5
B68
100
AcDbEntity
  8
Grid_Holes
  6
ByLayer
 62
  256
370
   -1
100
AcDbLine
 10
-120
 20
-85
 11
-120
 21
-75
  0
LINE
  5
B69
100
AcDbEntity
  8
Grid_Holes
  6
ByLayer
 62
  256
370
   -1
100
AcDbLine
 10
150
 20
-85
 11
150
 21
-75
  0
LINE
  5
B6A
100
AcDbEntity
  8
Grid_Holes
  6
ByLayer
 62
  256
370
   -1
100
AcDbLine
 10
-119
 20
-25
 11
-109
 21
-25
  0
LINE
  5
B6B
100
AcDbEntity
  8
Grid_Holes
  6
ByLayer
 62
  256
370
   -1
100
AcDbLine
 10
-116
 20
-145
 11
-106
 21
-145
  0
CIRCLE
  5
B6C
100
AcDbEntity
  8
Acrylic_05_MM_0_TOP
  6
ByLayer
 62
  256
370
   -1
100
AcDbCircle
 10
-120
 20
-25
 40
1.5
  0
CIRCLE
  5
B6D
100
AcDbEntity
  8
Acrylic_05_MM_0_TOP
  6
ByLayer
 62
  256
370
   -1
100
AcDbCircle
 10
150
 20
-25
 40
1.5
  0
CIRCLE
  5
B6E
100
AcDbEntity
  8
Acrylic_05_MM_0_TOP
  6
ByLayer
 62
  256
370
   -1
100
AcDbCircle
 10
-120
 20
-145
 40
1.5
  0
CIRCLE
  5
B6F
100
AcDbEntity
  8
Acrylic_05_MM_0_TOP
  6
ByLayer
 62
  256
370
   -1
100
AcDbCircle
 10
150
 20
-145
 40
1.5
  0
LINE
  5
B70
100
AcDbEntity
  8
Grid_Holes
  6
ByLayer
 62
  256
370
   -1
100
AcDbLine
 10
-120
 20
-85
 11
-110
 21
-85
  0
LWPOLYLINE
  5
B71
100
AcDbEntity
  8
PCB_KEYBPAD
  6
ByLayer
 62
  256
370
   -1
100
AcDbPolyline
 90
    4
 70
    1
 43
0
 10
400
 20
-50
 10
562.5599999999999
 20
-50
 10
562.5599999999999
 20
-115.9129999999989
 10
400
 20
-115.9129999999989
  0
LWPOLYLINE
  5
B72
100
AcDbEntity
  8
PCB_KEYBPAD
  6
ByLayer
 62
  256
370
   -1
100
AcDbPolyline
 90
    4
 70
    1
 43
0
 10
400
 20
-126.5174999999988
 10
562.5599999999999
 20
-126.5174999999988
 10
562.5599999999999
 20
-139.2175000000756
 10
400
 20
-139.2175000000756
  0
CIRCLE
  5
B73
100
AcDbEntity
  8
PCB_KEYBPAD
  6
ByLayer
 62
  256
370
   -1
100
AcDbCircle
 10
558.75
 20
-55.01649999999887
 40
1.5
  0
CIRCLE
  5
B74
100
AcDbEntity
  8
PCB_KEYBPAD
  6
ByLayer
 62
  256
370
   -1
100
AcDbCircle
 10
481.28
 20
-55.01649999999887
 40
1.5
  0
CIRCLE
  5
B75
100
AcDbEntity
  8
PCB_KEYBPAD
  6
ByLayer
 62
  256
370
   -1
100
AcDbCircle
 10
403.81
 20
-55.01649999999887
 40
1.5
  0
CIRCLE
  5
B76
100
AcDbEntity
  8
PCB_KEYBPAD
  6
ByLayer
 62
  256
370
   -1
100
AcDbCircle
 10
403.81
 20
-78.51149999999888
 40
1.5
  0
CIRCLE
  5
B77
100
AcDbEntity
  8
PCB_KEYBPAD
  6
ByLayer
 62
  256
370
   -1
100
AcDbCircle
 10
403.81
 20
-97.56149999999883
 40
1.5
  0
CIRCLE
  5
B78
100
AcDbEntity
  8
PCB_KEYBPAD
  6
ByLayer
 62
  256
370
   -1
100
AcDbCircle
 10
403.81
 20
-110.8964999999988
 40
1.5
  0
CIRCLE
  5
B79
100
AcDbEntity
  8
PCB_KEYBPAD
  6
ByLayer
 62
  256
370
   -1
100
AcDbCircle
 10
558.75
 20
-110.8964999999988
 40
1.5
  0
CIRCLE
  5
B7A
100
AcDbEntity
  8
PCB_KEYBPAD
  6
ByLayer
 62
  256
370
   -1
100
AcDbCircle
 10
558.75
 20
-97.56149999999883
 40
1.5
  0
CIRCLE
  5
B7B
100
AcDbEntity
  8
PCB_KEYBPAD
  6
ByLayer
 62
  256
370
   -1
100
AcDbCircle
 10
558.75
 20
-78.51149999999888
 40
1.5
  0
CIRCLE
  5
B7C
100
AcDbEntity
  8
PCB_KEYBPAD
  6
ByLayer
 62
  256
370
   -1
100
AcDbCircle
 10
403.81
 20
-134.0739999999989
 40
1.5
  0
CIRCLE
  5
B7D
100
AcDbEntity
  8
PCB_KEYBPAD
  6
ByLayer
 62
  256
370
   -1
100
AcDbCircle
 10
558.75
 20
-134.0739999999989
 40
1.5
  0
LWPOLYLINE
  5
B7E
100
AcDbEntity
  8
PCB_KEYBPAD
  6
ByLayer
 62
  256
370
   -1
100
AcDbPolyline
 90
    4
 70
    1
 43
0
 10
433.846200000007
 20
-53.11149999999893
 10
447.45
 20
-53.11149999999893
 10
447.45
 20
-59.46149999999892
 10
433.846200000007
 20
-59.46149999999892
  0
LWPOLYLINE
  5
B7F
100
AcDbEntity
  8
PCB_KEYBPAD
  6
ByLayer
 62
  256
370
   -1
100
AcDbPolyline
 90
    4
 70
    1
 43
0
 10
511.3162
 20
-53.11149999999893
 10
524.92
 20
-53.11149999999893
 10
524.92
 20
-59.46149999999892
 10
511.3162
 20
-59.46149999999892
  0
LWPOLYLINE
  5
B80
100
AcDbEntity
  8
PCB_KEYBPAD
  6
ByLayer
 62
  256
370
   -1
100
AcDbPolyline
 90
    4
 70
    1
 43
0
 10
405.7097000000086
 20
-64.63149999999024
 10
423.5002999999994
 20
-64.63149999999024
 10
423.5002999999994
 20
-82.23149999999958
 10
405.7097000000086
 20
-82.23149999999958
  0
LWPOLYLINE
  5
B81
100
AcDbEntity
  8
PCB_KEYBPAD
  6
ByLayer
 62
  256
370
   -1
100
AcDbPolyline
 90
    4
 70
    1
 43
0
 10
424.7596999999999
 20
-64.63149999999897
 10
442.455
 20
-64.63149999999897
 10
442.455
 20
-82.23149999999893
 10
424.7596999999999
 20
-82.23149999999893
  0
LWPOLYLINE
  5
B82
100
AcDbEntity
  8
PCB_KEYBPAD
  6
ByLayer
 62
  256
370
   -1
100
AcDbPolyline
 90
    4
 70
    1
 43
0
 10
443.905
 20
-64.72679999998942
 10
461.6003000000061
 20
-64.72679999998942
 10
461.6003000000061
 20
-82.23149999999279
 10
443.905
 20
-82.23149999999279
  0
LWPOLYLINE
  5
B83
100
AcDbEntity
  8
PCB_KEYBPAD
  6
ByLayer
 62
  256
370
   -1
100
AcDbPolyline
 90
    4
 70
    1
 43
0
 10
463.0502999999993
 20
-64.63149999999888
 10
480.4596999999922
 20
-64.63149999999888
 10
480.4596999999922
 20
-82.23149999999893
 10
463.0502999999993
 20
-82.23149999999893
  0
LWPOLYLINE
  5
B84
100
AcDbEntity
  8
PCB_KEYBPAD
  6
ByLayer
 62
  256
370
   -1
100
AcDbPolyline
 90
    4
 70
    1
 43
0
 10
482.005000000012
 20
-64.53619999998693
 10
499.7003000000057
 20
-64.53619999998693
 10
499.7003000000057
 20
-82.23149999999336
 10
482.005000000012
 20
-82.23149999999336
  0
LWPOLYLINE
  5
B85
100
AcDbEntity
  8
PCB_KEYBPAD
  6
ByLayer
 62
  256
370
   -1
100
AcDbPolyline
 90
    4
 70
    1
 43
0
 10
501.0549999999999
 20
-64.63149999999888
 10
518.7503000000056
 20
-64.63149999999888
 10
518.7503000000056
 20
-82.23149999999336
 10
501.0549999999999
 20
-82.23149999999336
  0
LWPOLYLINE
  5
B86
100
AcDbEntity
  8
PCB_KEYBPAD
  6
ByLayer
 62
  256
370
   -1
100
AcDbPolyline
 90
    4
 70
    1
 43
0
 10
520.1050000000344
 20
-64.53619999996457
 10
537.6096999999945
 20
-64.53619999996457
 10
537.6096999999945
 20
-82.2314999999989
 10
520.1050000000344
 20
-82.2314999999989
  0
LWPOLYLINE
  5
B87
100
AcDbEntity
  8
PCB_KEYBPAD
  6
ByLayer
 62
  256
370
   -1
100
AcDbPolyline
 90
    4
 70
    1
 43
0
 10
539.2503000000476
 20
-64.63149999999888
 10
556.8502999999874
 20
-64.63149999999888
 10
556.8502999999874
 20
-82.23150000001135
 10
539.2503000000476
 20
-82.23150000001135
  0
LWPOLYLINE
  5
B88
100
AcDbEntity
  8
PCB_KEYBPAD
  6
ByLayer
 62
  256
370
   -1
100
AcDbPolyline
 90
    4
 70
    1
 43
0
 10
539.2503000000344
 20
-83.68149999999883
 10
556.6596999999945
 20
-83.68149999999883
 10
556.6596999999945
 20
-101.2814999999988
 10
539.2503000000344
 20
-101.2814999999988
  0
LWPOLYLINE
  5
B89
100
AcDbEntity
  8
PCB_KEYBPAD
  6
ByLayer
 62
  256
370
   -1
100
AcDbPolyline
 90
    4
 70
    1
 43
0
 10
520.105
 20
-83.77680000003261
 10
537.7050000000263
 20
-83.77680000003261
 10
537.7050000000263
 20
-101.3767999999726
 10
520.105
 20
-101.3767999999726
  0
LWPOLYLINE
  5
B8A
100
AcDbEntity
  8
PCB_KEYBPAD
  6
ByLayer
 62
  256
370
   -1
100
AcDbPolyline
 90
    4
 70
    1
 43
0
 10
500.9596999999856
 20
-83.68150000001322
 10
518.655
 20
-83.68150000001322
 10
518.655
 20
-101.1862000000313
 10
500.9596999999856
 20
-101.1862000000313
  0
LWPOLYLINE
  5
B8B
100
AcDbEntity
  8
PCB_KEYBPAD
  6
ByLayer
 62
  256
370
   -1
100
AcDbPolyline
 90
    4
 70
    1
 43
0
 10
482.1002999999611
 20
-83.68149999999883
 10
499.605
 20
-83.68149999999883
 10
499.605
 20
-101.1862000000003
 10
482.1002999999611
 20
-101.1862000000003
  0
LWPOLYLINE
  5
B8C
100
AcDbEntity
  8
PCB_KEYBPAD
  6
ByLayer
 62
  256
370
   -1
100
AcDbPolyline
 90
    4
 70
    1
 43
0
 10
463.0502999999678
 20
-83.68149999999883
 10
480.6503000000184
 20
-83.68149999999883
 10
480.6503000000184
 20
-101.2814999999804
 10
463.0502999999678
 20
-101.2814999999804
  0
LWPOLYLINE
  5
B8D
100
AcDbEntity
  8
PCB_KEYBPAD
  6
ByLayer
 62
  256
370
   -1
100
AcDbPolyline
 90
    4
 70
    1
 43
0
 10
443.9050000000023
 20
-83.58619999999667
 10
461.505
 20
-83.58619999999667
 10
461.505
 20
-101.1861999999921
 10
443.9050000000023
 20
-101.1861999999921
  0
LWPOLYLINE
  5
B8E
100
AcDbEntity
  8
PCB_KEYBPAD
  6
ByLayer
 62
  256
370
   -1
100
AcDbPolyline
 90
    4
 70
    1
 43
0
 10
424.9502999999907
 20
-83.68149999999883
 10
442.5503000000024
 20
-83.68149999999883
 10
442.5503000000024
 20
-101.2814999999965
 10
424.9502999999907
 20
-101.2814999999965
  0
LWPOLYLINE
  5
B8F
100
AcDbEntity
  8
PCB_KEYBPAD
  6
ByLayer
 62
  256
370
   -1
100
AcDbPolyline
 90
    4
 70
    1
 43
0
 10
405.805
 20
-83.77679999999555
 10
423.5003
 20
-83.77679999999555
 10
423.5003
 20
-101.2814999999989
 10
405.805
 20
-101.2814999999989
  0
LWPOLYLINE
  5
B90
100
AcDbEntity
  8
Board
  6
ByLayer
 62
  256
370
   -1
100
AcDbPolyline
 90
    4
 70
    1
 43
0
 10
-46.84999999999999
 20
48.87350000033712
 10
153.81
 20
48.87350000033712
 10
153.81
 20
-12.08650000000011
 10
-46.84999999999999
 20
-12.08650000000011
  0
LINE
  5
B91
100
AcDbEntity
  8
Grids_Teensy
  6
ByLayer
 62
  256
370
   -1
100
AcDbLine
 10
-21.68749999999989
 20
39.13149999950269
 11
-21.68749999999989
 21
49.13149999950269
  0
LINE
  5
B92
100
AcDbEntity
  8
Grids_Teensy
  6
ByLayer
 62
  256
370
   -1
100
AcDbLine
 10
52.395
 20
39.04899999966278
 11
52.395
 21
49.04899999966278
  0
LINE
  5
B93
100
AcDbEntity
  8
Grids_Teensy
  6
ByLayer
 62
  256
370
   -1
100
AcDbLine
 10
65.96500000000012
 20
39.04899999966278
 11
65.96500000000012
 21
49.04899999966278
  0
LINE
  5
B94
100
AcDbEntity
  8
Grids_Teensy
  6
ByLayer
 62
  256
370
   -1
100
AcDbLine
 10
67.61999999342899
 20
39.14899999966281
 11
67.61999999342899
 21
49.14899999966281
  0
LINE
  5
B95
100
AcDbEntity
  8
Grids_Teensy
  6
ByLayer
 62
  256
370
   -1
100
AcDbLine
 10
85.08500000000012
 20
39.14899999966281
 11
85.08500000000012
 21
49.14899999966281
  0
LINE
  5
B96
100
AcDbEntity
  8
Grids_Teensy
  6
ByLayer
 62
  256
370
   -1
100
AcDbLine
 10
86.53250000000011
 20
39.10649999966279
 11
86.53250000000011
 21
49.10649999966279
  0
LINE
  5
B97
100
AcDbEntity
  8
Grids_Teensy
  6
ByLayer
 62
  256
370
   -1
100
AcDbLine
 10
98.53250000000011
 20
39.10649999966279
 11
98.53250000000011
 21
49.10649999966279
  0
LINE
  5
B98
100
AcDbEntity
  8
Grids_Teensy
  6
ByLayer
 62
  256
370
   -1
100
AcDbLine
 10
99.79000000385909
 20
38.63649999966265
 11
99.79000000385909
 21
48.63649999966265
  0
LINE
  5
B99
100
AcDbEntity
  8
Grids_Teensy
  6
ByLayer
 62
  256
370
   -1
100
AcDbLine
 10
122.7650000012742
 20
38.63649999966265
 11
122.7650000012742
 21
48.63649999966265
  0
LINE
  5
B9A
100
AcDbEntity
  8
Grids_Teensy
  6
ByLayer
 62
  256
370
   -1
100
AcDbLine
 10
123.602500005799
 20
38.63649999966277
 11
123.602500005799
 21
48.63649999966277
  0
LINE
  5
B9B
100
AcDbEntity
  8
Grids_Teensy
  6
ByLayer
 62
  256
370
   -1
100
AcDbLine
 10
146.5775
 20
38.63649999966277
 11
146.5775
 21
48.63649999966277
  0
LINE
  5
B9C
100
AcDbEntity
  8
Grids_Teensy
  6
ByLayer
 62
  256
370
   -1
100
AcDbLine
 10
-43.03999999999999
 20
35.61399999966284
 11
-43.03999999999999
 21
45.61399999966284
  0
LINE
  5
B9D
100
AcDbEntity
  8
Grids_Teensy
  6
ByLayer
 62
  256
370
   -1
100
AcDbLine
 10
42.04999999999998
 20
35.61399999966284
 11
42.04999999999998
 21
45.61399999966284
  0
LINE
  5
B9E
100
AcDbEntity
  8
Grids_Teensy
  6
ByLayer
 62
  256
370
   -1
100
AcDbLine
 10
150
 20
45
 11
150
 21
55
  0
INSERT
  5
B9F
100
AcDbEntity
  8
PCB_TeensyController
  6
ByLayer
 62
  256
370
   -1
100
AcDbBlockReference
  2
TeensyController
 10
400
 20
50.96000000033723
 30
0
 41
1
 42
1
 43
0
 50
0
 70
    1
 71
    1
 44
0
 45
0
  0
INSERT
  5
BA0
100
AcDbEntity
  8
PCB_TeensyController
  6
ByLayer
 62
  256
370
   -1
100
AcDbBlockReference
  2
TeensyController
 10
-46.84999999999999
 20
48.87350000033712
 30
0
 41
1
 42
1
 43
0
 50
0
 70
    1
 71
    1
 44
0
 45
0
  0
CIRCLE
  5
BA1
100
AcDbEntity
  8
Acrylic_05_MM_1_Bottom
  6
ByLayer
 62
  256
370
   -1
100
AcDbCircle
 10
-43.03999999999999
 20
45
 40
1.5
  0
CIRCLE
  5
BA2
100
AcDbEntity
  8
Acrylic_05_MM_1_Bottom
  6
ByLayer
 62
  256
370
   -1
100
AcDbCircle
 10
42.04999999999998
 20
45
 40
1.5
  0
CIRCLE
  5
BA3
100
AcDbEntity
  8
Acrylic_05_MM_1_Bottom
  6
ByLayer
 62
  256
370
   -1
100
AcDbCircle
 10
150
 20
45
 40
1.5
  0
CIRCLE
  5
BA4
100
AcDbEntity
  8
Acrylic_05_MM_1_Bottom
  6
ByLayer
 62
  256
370
   -1
100
AcDbCircle
 10
150
 20
-8.340000000000003
 40
1.5
  0
CIRCLE
  5
BA5
100
AcDbEntity
  8
Acrylic_05_MM_1_Bottom
  6
ByLayer
 62
  256
370
   -1
100
AcDbCircle
 10
64.91
 20
-8.340000000000003
 40
1.5
  0
CIRCLE
  5
BA6
100
AcDbEntity
  8
Acrylic_05_MM_1_Bottom
  6
ByLayer
 62
  256
370
   -1
100
AcDbCircle
 10
-43.03999999999999
 20
-8.340000000000003
 40
1.5
  0
CIRCLE
  5
BA7
100
AcDbEntity
  8
Acrylic_05_MM_0_TOP
  6
ByLayer
 62
  256
370
   -1
100
AcDbCircle
 10
42.04999999999998
 20
45
 40
1.5
  0
LWPOLYLINE
  5
BA8
100
AcDbEntity
  8
Board
  6
ByLayer
 62
  256
370
   -1
100
AcDbPolyline
 90
    4
 70
    1
 43
0
 10
-46.53250000000011
 20
107
 10
154.1274999999999
 20
107
 10
154.1274999999999
 20
105
 10
-46.53250000000011
 20
105
  0
MTEXT
  5
BA9
100
AcDbEntity
  8
Board
  6
ByLayer
 62
  256
370
   -1
100
AcDbMText
 10
127.4674999999999
 20
125
 30
0
 40
1
 41
6.16666666666679
 71
    1
 72
    1
  1
5 PIN DIN
  7
STANDARD
210
0
220
0
230
1
 50
0
 73
    2
 44
1
  0
MTEXT
  5
BAA
100
AcDbEntity
  8
Board
  6
ByLayer
 62
  256
370
   -1
100
AcDbMText
 10
110.7174999999998
 20
124
 30
0
 40
1
 41
6.16666666666679
 71
    1
 72
    1
  1
5 PIN DIN
  7
STANDARD
210
0
220
0
230
1
 50
0
 73
    2
 44
1
  0
LWPOLYLINE
  5
BAB
100
AcDbEntity
  8
Board
  6
ByLayer
 62
  256
370
   -1
100
AcDbPolyline
 90
    4
 70
    1
 43
0
 10
-39.96000000016011
 20
114
 10
-21.37
 20
114
 10
-21.37
 20
107
 10
-39.96000000016011
 20
107
  0
MTEXT
  5
BAC
100
AcDbEntity
  8
Board
  6
ByLayer
 62
  256
370
   -1
100
AcDbMText
 10
58.46749999999989
 20
118
 30
0
 40
1
 41
1.333333333333395
 71
    1
 72
    1
  1
DC
  7
STANDARD
210
0
220
0
230
1
 50
0
 73
    2
 44
1
  0
MTEXT
  5
BAD
100
AcDbEntity
  8
Board
  6
ByLayer
 62
  256
370
   -1
100
AcDbMText
 10
74.578611111111
 20
118
 30
0
 40
1
 41
2.333333121331184
 71
    1
 72
    1
  1
USB
  7
STANDARD
210
0
220
0
230
1
 50
0
 73
    2
 44
1
  0
MTEXT
  5
BAE
100
AcDbEntity
  8
Board
  6
ByLayer
 62
  256
370
   -1
100
AcDbMText
 10
90.68972243422425
 20
118
 30
0
 40
1
 41
3.444444232442357
 71
    1
 72
    1
  1
SPDIF
  7
STANDARD
210
0
220
0
230
1
 50
0
 73
    2
 44
1
  0
LWPOLYLINE
  5
BAF
100
AcDbEntity
  8
Board
  6
ByLayer
 62
  256
370
   -1
100
AcDbPolyline
 90
    4
 70
    1
 43
0
 10
123.602500005799
 20
127
 10
146.5775
 20
127
 10
146.5775
 20
107
 10
123.602500005799
 20
107
  0
LWPOLYLINE
  5
BB0
100
AcDbEntity
  8
Board
  6
ByLayer
 62
  256
370
   -1
100
AcDbPolyline
 90
    4
 70
    1
 43
0
 10
99.79000000385909
 20
127
 10
122.7650000012742
 20
127
 10
122.7650000012742
 20
107
 10
99.79000000385909
 20
107
  0
LWPOLYLINE
  5
BB1
100
AcDbEntity
  8
Board
  6
ByLayer
 62
  256
370
   -1
100
AcDbPolyline
 90
    4
 70
    1
 43
0
 10
86.53250000000011
 20
119
 10
98.53250000000011
 20
119
 10
98.53250000000011
 20
107
 10
86.53250000000011
 20
107
  0
LWPOLYLINE
  5
BB2
100
AcDbEntity
  8
Board
  6
ByLayer
 62
  256
370
   -1
100
AcDbPolyline
 90
    4
 70
    1
 43
0
 10
85.15000000000001
 20
119
 10
67.61999999342899
 20
119
 10
67.61999999342899
 20
107
 10
85.15000000000001
 20
107
  0
LWPOLYLINE
  5
BB3
100
AcDbEntity
  8
Board
  6
ByLayer
 62
  256
370
   -1
100
AcDbPolyline
 90
    4
 70
    1
 43
0
 10
66.15000000000001
 20
119
 10
52.15000000000001
 20
119
 10
52.15000000000001
 20
107
 10
66.15000000000001
 20
107
  0
LWPOLYLINE
  5
BB4
100
AcDbEntity
  8
Board
  6
ByLayer
 62
  256
370
   -1
100
AcDbPolyline
 90
    4
 70
    1
 43
0
 10
148
 20
105
 10
152
 20
105
 10
152
 20
100
 10
148
 20
100
  0
LWPOLYLINE
  5
BB5
100
AcDbEntity
  8
Board
  6
ByLayer
 62
  256
370
   -1
100
AcDbPolyline
 90
    4
 70
    1
 43
0
 10
40.46749999999989
 20
105
 10
44.46749999999989
 20
105
 10
44.46749999999989
 20
100
 10
40.46749999999989
 20
100
  0
LWPOLYLINE
  5
BB6
100
AcDbEntity
  8
Board
  6
ByLayer
 62
  256
370
   -1
100
AcDbPolyline
 90
    4
 70
    1
 43
0
 10
-45
 20
105
 10
-41
 20
105
 10
-41
 20
100
 10
-45
 20
100
  0
LINE
  5
BB7
100
AcDbEntity
  8
Grids_Top
  6
ByLayer
 62
  256
370
   -1
100
AcDbLine
 10
-88.10000000000002
 20
17
 11
-88.10000000000002
 21
27
  0
LINE
  5
BB8
100
AcDbEntity
  8
Grids_Top
  6
ByLayer
 62
  256
370
   -1
100
AcDbLine
 10
-88
 20
45
 11
-78
 21
45
  0
LINE
  5
BB9
100
AcDbEntity
  8
Grids_Top
  6
ByLayer
 62
  256
370
   -1
100
AcDbLine
 10
-88
 20
25
 11
-78
 21
25
  0
LWPOLYLINE
  5
BBA
100
AcDbEntity
  8
Board
  6
ByLayer
 62
  256
370
   -1
100
AcDbPolyline
 90
    4
 70
    1
 43
0
 10
-86.09999999999135
 20
44.14059999997878
 10
-68.49999999997888
 20
44.14059999997878
 10
-68.49999999997888
 20
26.540600000039
 10
-86.09999999999135
 20
26.540600000039
  0
LWPOLYLINE
  5
BBB
100
AcDbEntity
  8
Board
  6
ByLayer
 62
  256
370
   -1
100
AcDbPolyline
 90
    4
 70
    1
 43
0
 10
-66.95000000001249
 20
44.14059999997878
 10
-49.35000000000002
 20
44.14059999997878
 10
-49.35000000000002
 20
26.540600000039
 10
-66.95000000001249
 20
26.540600000039
  0
LINE
  5
BBC
100
AcDbEntity
  8
Grid_Holes
  6
ByLayer
 62
  256
370
   -1
100
AcDbLine
 10
-95.6981999999914
 20
17.0903000000055
 11
-95.6981999999914
 21
27.0903000000055
  0
LWPOLYLINE
  5
BBD
100
AcDbEntity
  8
Board
  6
ByLayer
 62
  256
370
   -1
100
AcDbPolyline
 90
    4
 70
    1
 43
0
 10
-100.7314999999902
 20
48
 10
-35
 20
48
 10
-35
 20
22
 10
-100.7314999999902
 20
22
  0
LINE
  5
BBE
100
AcDbEntity
  8
Grid_Holes
  6
ByLayer
 62
  256
370
   -1
100
AcDbLine
 10
-43
 20
45
 11
-33
 21
45
  0
LINE
  5
BBF
100
AcDbEntity
  8
Grid_Holes
  6
ByLayer
 62
  256
370
   -1
100
AcDbLine
 10
-39.83499999999136
 20
17.04029999999144
 11
-29.83499999999136
 21
17.04029999999144
  0
LINE
  5
BC0
100
AcDbEntity
  8
Grid_Holes
  6
ByLayer
 62
  256
370
   -1
100
AcDbLine
 10
-39.83499999999136
 20
17.04029999999144
 11
-39.83499999999136
 21
27.04029999999144
  0
LINE
  5
BC1
100
AcDbEntity
  8
Grid_Holes
  6
ByLayer
 62
  256
370
   -1
100
AcDbLine
 10
-39
 20
25
 11
-29
 21
25
  0
CIRCLE
  5
BC2
100
AcDbEntity
  8
Acrylic_05_MM_0_TOP
  6
ByLayer
 62
  256
370
   -1
100
AcDbCircle
 10
-95.6981999999914
 20
45
 40
1.5
  0
CIRCLE
  5
BC3
100
AcDbEntity
  8
Acrylic_05_MM_0_TOP
  6
ByLayer
 62
  256
370
   -1
100
AcDbCircle
 10
-39.83499999999136
 20
45
 40
1.5
  0
CIRCLE
  5
BC4
100
AcDbEntity
  8
Acrylic_05_MM_0_TOP
  6
ByLayer
 62
  256
370
   -1
100
AcDbCircle
 10
-39.83499999999136
 20
25
 40
1.5
  0
CIRCLE
  5
BC5
100
AcDbEntity
  8
Acrylic_05_MM_0_TOP
  6
ByLayer
 62
  256
370
   -1
100
AcDbCircle
 10
-95.6981999999914
 20
25
 40
1.5
  0
DIMENSION
  5
BC6
100
AcDbEntity
  8
TopMeasurement
  6
ByLayer
 62
  256
370
   -1
100
AcDbDimension
  2
*D32
 10
-10.90000000000001
 20
3
 30
0
 11
-13.8
 21
4.874999999999999
 31
0
 70
   33
 71
    5
  3
Standard
 53
0
210
0
220
0
230
1
100
AcDbAlignedDimension
 13
-16.69999999999999
 23
2.199999999999989
 33
0
 14
-10.90000000000001
 24
2.199999999999991
 34
0
  0
DIMENSION
  5
BC7
100
AcDbEntity
  8
TopMeasurement
  6
ByLayer
 62
  256
370
   -1
100
AcDbDimension
  2
*D33
 10
-19
 20
-0.2000000000000132
 30
0
 11
-20.875
 21
0.9999999999999885
 31
0
 70
   33
 71
    5
  3
Standard
 53
0
210
0
220
0
230
1
100
AcDbAlignedDimension
 13
-16.69999999999999
 23
2.199999999999989
 33
0
 14
-16.69999999999999
 24
-0.2000000000000133
 34
0
  0
DIMENSION
  5
BC8
100
AcDbEntity
  8
TopMeasurement
  6
ByLayer
 62
  256
370
   -1
100
AcDbDimension
  2
*D34
 10
0.2000000000000165
 20
-8
 30
0
 11
-0.9999999999999863
 21
-6.125
 31
0
 70
   33
 71
    5
  3
Standard
 53
0
210
0
220
0
230
1
100
AcDbAlignedDimension
 13
-2.19999999999999
 23
-8.900000000000006
 33
0
 14
0.2000000000000165
 24
-8.900000000000006
 34
0
  0
DIMENSION
  5
BC9
100
AcDbEntity
  8
TopMeasurement
  6
ByLayer
 62
  256
370
   -1
100
AcDbDimension
  2
*D35
 10
0.9999999999999998
 20
-14.69999999999999
 30
0
 11
-0.8750000000000001
 21
-11.8
 31
0
 70
   33
 71
    5
  3
Standard
 53
0
210
0
220
0
230
1
100
AcDbAlignedDimension
 13
0.2000000000000165
 23
-8.900000000000006
 33
0
 14
0.2000000000000163
 24
-14.69999999999999
 34
0
  0
DIMENSION
  5
BCA
100
AcDbEntity
  8
TopMeasurement
  6
ByLayer
 62
  256
370
   -1
100
AcDbDimension
  2
*D36
 10
37.10000000000002
 20
3
 30
0
 11
18.05000000000001
 21
4.875
 31
0
 70
   33
 71
    5
  3
Standard
 53
0
210
0
220
0
230
1
100
AcDbAlignedDimension
 13
-0.9999999999999991
 23
0.9999999999999858
 33
0
 14
37.10000000000002
 24
0.9999999999999858
 34
0
  0
DIMENSION
  5
BCB
100
AcDbEntity
  8
TopMeasurement
  6
ByLayer
 62
  256
370
   -1
100
AcDbDimension
  2
*D37
 10
75.2
 20
1
 30
0
 11
56.15000000000001
 21
2.874999999999993
 31
0
 70
   33
 71
    5
  3
Standard
 53
0
210
0
220
0
230
1
100
AcDbAlignedDimension
 13
37.10000000000002
 23
0.9999999999999858
 33
0
 14
75.2
 24
1
 34
0
  0
DIMENSION
  5
BCC
100
AcDbEntity
  8
TopMeasurement
  6
ByLayer
 62
  256
370
   -1
100
AcDbDimension
  2
*D38
 10
113.3
 20
2.199999999999989
 30
0
 11
94.25
 21
4.074999999999989
 31
0
 70
   33
 71
    5
  3
Standard
 53
0
210
0
220
0
230
1
100
AcDbAlignedDimension
 13
75.2
 23
1
 33
0
 14
113.3
 24
1
 34
0
  0
DIMENSION
  5
BCD
100
AcDbEntity
  8
TopMeasurement
  6
ByLayer
 62
  256
370
   -1
100
AcDbDimension
  2
*D39
 10
37.10000000000002
 20
-37.10000000000001
 30
0
 11
35.22500000000002
 21
-18.05000000000001
 31
0
 70
   33
 71
    5
  3
Standard
 53
0
210
0
220
0
230
1
100
AcDbAlignedDimension
 13
37.10000000000002
 23
0.9999999999999858
 33
0
 14
37.10000000000002
 24
-37.10000000000001
 34
0
  0
LWPOLYLINE
  5
BCE
100
AcDbEntity
  8
Acrylic_05_MM_0_TOP
  6
ByLayer
 62
  256
370
   -1
100
AcDbPolyline
 90
    8
 70
    1
 43
0
 10
-94
 20
-156.5
 10
-42
 20
-156.5
 42
-0.414213562373095
 10
-39
 20
-159.5
 10
-39
 20
-198.5
 42
-0.414213562373095
 10
-42
 20
-201.5
 10
-94
 20
-201.5
 42
-0.414213562373095
 10
-97
 20
-198.5
 10
-97
 20
-159.5
 42
-0.414213562373095
  0
LWPOLYLINE
  5
BCF
100
AcDbEntity
  8
Acrylic_05_MM_0_TOP
  6
ByLayer
 62
  256
370
   -1
100
AcDbPolyline
 90
    8
 70
    1
 43
0
 10
-19
 20
-159
 10
131
 20
-159
 42
-0.414213562373095
 10
133
 20
-161
 10
133
 20
-198
 42
-0.414213562373095
 10
131
 20
-200
 10
-19
 20
-200
 42
-0.414213562373095
 10
-21
 20
-198
 10
-21
 20
-161
 42
-0.414213562373095
  0
LWPOLYLINE
  5
BD0
100
AcDbEntity
  8
Acrylic_05_MM_0_TOP
  6
ByLayer
 62
  256
370
   -1
100
AcDbPolyline
 90
    8
 70
    1
 43
0
 10
-86
 20
45
 10
-49.10000000000002
 20
45
 42
-0.414213562373095
 10
-47.10000000000002
 20
43
 10
-47.10000000000002
 20
27
 42
-0.414213562373095
 10
-49.10000000000002
 20
25
 10
-86
 20
25
 42
-0.414213562373095
 10
-88
 20
27
 10
-88
 20
43
 42
-0.414213562373095
  0
LWPOLYLINE
  5
BD1
100
AcDbEntity
  8
Acrylic_05_MM_0_TOP
  6
ByLayer
 62
  256
370
   -1
100
AcDbPolyline
 90
    8
 70
    1
 43
0
 10
-88.10000000000002
 20
-135
 10
-88.10000000000002
 20
15
 42
-0.414213562373095
 10
-86.10000000000002
 20
17
 10
-49.10000000000002
 20
17
 42
-0.414213562373095
 10
-47.10000000000002
 20
15
 10
-47.10000000000002
 20
-135
 42
-0.414213562373095
 10
-49.10000000000002
 20
-137
 10
-86.10000000000002
 20
-137
 42
-0.414213562373095
  0
LWPOLYLINE
  5
BD2
100
AcDbEntity
  8
Acrylic_05_MM_SIDES
  6
ByLayer
 62
  256
370
   -1
100
AcDbPolyline
 90
    6
 70
    1
 43
0
 10
53
 20
120
 10
99
 20
120
 10
99
 20
106
 10
53
 20
106
 42
-0.414213562373095
 10
51
 20
108
 10
51
 20
118
 42
-0.414213562373095
  0
LWPOLYLINE
  5
BD3
100
AcDbEntity
  8
Acrylic_05_MM_SIDES
  6
ByLayer
 62
  256
370
   -1
100
AcDbPolyline
 90
    7
 70
    1
 43
0
 10
101
 20
128
 10
145
 20
128
 42
-0.414213562373095
 10
147
 20
126
 10
147
 20
108
 42
-0.414213562373095
 10
145
 20
106
 10
99
 20
106
 10
99
 20
126
 42
-0.414213562373095
  0
LWPOLYLINE
  5
BD4
100
AcDbEntity
  8
Acrylic_05_MM_SIDES
  6
ByLayer
 62
  256
370
   -1
100
AcDbPolyline
 90
    8
 70
    1
 43
0
 10
-40
 20
115
 10
-22
 20
115
 42
-0.414213562373095
 10
-20
 20
113
 10
-20
 20
108
 42
-0.414213562373095
 10
-22
 20
106
 10
-40
 20
106
 42
-0.414213562373095
 10
-42
 20
108
 10
-42
 20
113
 42
-0.414213562373095
  0
DIMENSION
  5
BD5
100
AcDbEntity
  8
TopMeasurement
  6
ByLayer
 62
  256
370
   -1
100
AcDbDimension
  2
*D40
 10
-37
 20
2.228099999991514
 30
0
 11
-38.875
 21
6.228099999991512
 31
0
 70
   33
 71
    5
  3
Standard
 53
0
210
0
220
0
230
1
100
AcDbAlignedDimension
 13
-38.81819999999141
 23
10.22809999999151
 33
0
 14
-38.81819999999141
 24
2.228099999991514
 34
0
  0
DIMENSION
  5
BD6
100
AcDbEntity
  8
TopMeasurement
  6
ByLayer
 62
  256
370
   -1
100
AcDbDimension
  2
*D41
 10
-38.81819999999141
 20
12
 30
0
 11
-39.81819999999141
 21
13.875
 31
0
 70
   33
 71
    5
  3
Standard
 53
0
210
0
220
0
230
1
100
AcDbAlignedDimension
 13
-40.81819999999141
 23
10.22809999999151
 33
0
 14
-38.81819999999141
 24
10.22809999999151
 34
0
  0
LINE
  5
BD7
100
AcDbEntity
  8
Grid_Holes
  6
ByLayer
 62
  256
370
   -1
100
AcDbLine
 10
42.04999999999999
 20
45
 11
42.04999999999999
 21
55
  0
LINE
  5
BD8
100
AcDbEntity
  8
Grid_Holes
  6
ByLayer
 62
  256
370
   -1
100
AcDbLine
 10
-43.03999999999998
 20
45
 11
-43.03999999999998
 21
55
  0
LINE
  5
BD9
100
AcDbEntity
  8
Grid_Holes
  6
ByLayer
 62
  256
370
   -1
100
AcDbLine
 10
150
 20
-8.340000000000003
 11
160
 21
-8.340000000000003
  0
CIRCLE
  5
BDA
100
AcDbEntity
  8
Acrylic_05_MM_0_TOP
  6
ByLayer
 62
  256
370
   -1
100
AcDbCircle
 10
150
 20
-8.340000000000003
 40
1.5
  0
ENDSEC
  0
SECTION
  2
OBJECTS
  0
DICTIONARY
  5
C
330
0
100
AcDbDictionary
281
    1
  3
ACAD_GROUP
350
D
  0
DICTIONARY
  5
D
330
C
100
AcDbDictionary
281
    1
  0
PLOTSETTINGS
  5
BDB
100
AcDbPlotSettings
  6
1x1
 40
0
 41
0
 42
0
 43
0
  0
ENDSEC
  0
EOF
